snapshot_time,snapshot_label,game_date,commence_time,event_id,home_team,away_team,FanDuel_home_ml,FanDuel_away_ml,FanDuel_home_spread,FanDuel_home_spread_odds,FanDuel_total,FanDuel_over_odds,FanDuel_under_odds,DraftKings_home_ml,DraftKings_away_ml,DraftKings_home_spread,DraftKings_home_spread_odds,DraftKings_total,DraftKings_over_odds,DraftKings_under_odds,BetMGM_home_ml,BetMGM_away_ml,BetMGM_home_spread,BetMGM_home_spread_odds,BetMGM_total,BetMGM_over_odds,BetMGM_under_odds,Caesars_home_ml,Caesars_away_ml,Caesars_home_spread,Caesars_home_spread_odds,Caesars_total,Caesars_over_odds,Caesars_under_odds,BetRivers_home_ml,BetRivers_away_ml,BetRivers_home_spread,BetRivers_home_spread_odds,BetRivers_total,BetRivers_over_odds,BetRivers_under_odds,Fanatics_home_ml,Fanatics_away_ml,Fanatics_home_spread,Fanatics_home_spread_odds,Fanatics_total,Fanatics_over_odds,Fanatics_under_odds,betPARX_home_ml,betPARX_away_ml,betPARX_home_spread,betPARX_home_spread_odds,betPARX_total,betPARX_over_odds,betPARX_under_odds,theScore_home_ml,theScore_away_ml,theScore_home_spread,theScore_home_spread_odds,theScore_total,theScore_over_odds,theScore_under_odds,PointsBet_home_ml,PointsBet_away_ml,PointsBet_home_spread,PointsBet_home_spread_odds,PointsBet_total,PointsBet_over_odds,PointsBet_under_odds,Bovada_home_ml,Bovada_away_ml,Bovada_home_spread,Bovada_home_spread_odds,Bovada_total,Bovada_over_odds,Bovada_under_odds,BetOnline_home_ml,BetOnline_away_ml,BetOnline_home_spread,BetOnline_home_spread_odds,BetOnline_total,BetOnline_over_odds,BetOnline_under_odds,MyBookie_home_ml,MyBookie_away_ml,MyBookie_home_spread,MyBookie_home_spread_odds,MyBookie_total,MyBookie_over_odds,MyBookie_under_odds,LowVig_home_ml,LowVig_away_ml,LowVig_home_spread,LowVig_home_spread_odds,LowVig_total,LowVig_over_odds,LowVig_under_odds,BetUS_home_ml,BetUS_away_ml,BetUS_home_spread,BetUS_home_spread_odds,BetUS_total,BetUS_over_odds,BetUS_under_odds,consensus_home_ml,consensus_away_ml,consensus_total,book_count
2026-03-08T23:57:30Z,closing,2026-03-08,2026-03-26T00:05:00Z,482db144520650cd646a5e4778c1fc02,San Francisco Giants,New York Yankees,,,,,,,,-104,-117,,,,,,100,-120,,,,,,,,,,,,,,,,,,,,,,,,,,,,,,,,,,,,,,,,,,,,,,,,,,,,,,,,,,,,,,,,,,,,,,,,,,,,,,,,,,,-2,-118,,2
2026-03-09T23:57:58Z,closing,2026-03-09,2026-03-26T00:05:00Z,482db144520650cd646a5e4778c1fc02,San Francisco Giants,New York Yankees,,,,,,,,-104,-117,,,,,,100,-120,,,,,,,,,,,,,,,,,,,,,,,,,,,,,,,,,,,,,,,,,,,,,,,,,,,,,,,,,,,,,,,,,,,,,,,,,,,,,,,,,,,-2,-118,,2
2026-03-10T23:58:10Z,closing,2026-03-10,2026-03-26T00:05:00Z,482db144520650cd646a5e4778c1fc02,San Francisco Giants,New York Yankees,,,,,,,,-104,-117,,,,,,100,-120,,,,,,,,,,,,,,,,,,,,,,,,,,,,,,,,,,,,,,,,,,,,,,,,,,,,,,,,,,,,,,,,,,,,,,,,,,,,,,,,,,,-2,-118,,2
2026-03-11T21:58:28Z,evening,2026-03-11,2026-03-26T00:05:00Z,482db144520650cd646a5e4778c1fc02,San Francisco Giants,New York Yankees,,,,,,,,-104,-117,,,,,,100,-120,,,,,,,,,,,,,,,,,,,,,,,,,,,,,,,,,,,,,,,,,,,,,,,,,,,,,,,,,,,,,,,,,,,,,,,,,,,,,,,,,,,-2,-118,,2
2026-03-12T21:58:35Z,evening,2026-03-12,2026-03-26T00:05:00Z,482db144520650cd646a5e4778c1fc02,San Francisco Giants,New York Yankees,,,,,,,,-104,-117,,,,,,100,-120,1.5,-160,8.5,-105,-115,,,,,,,,,,,,,,,,,,,,,,,,,,,,,,,,,,,,,,,,,,,,,,,,,,,,,,,,,,,,,,,,,,,,,,,,,,,,,,-2,-118,8.5,2
2026-03-13T22:00:04Z,manual,2026-03-13,2026-03-26T00:05:00Z,482db144520650cd646a5e4778c1fc02,San Francisco Giants,New York Yankees,,,,,,,,-104,-117,,,,,,100,-120,1.5,-160,8.5,-105,-115,,,,,,,,,,,,,,,,,,,,,,,,,,,,,,,,,,,,,,,,,,,,,,,,,,,,,,,,,,,,,,,,,,,,,,,,,,,,,,-2,-118,8.5,2
2026-03-14T21:52:21Z,evening,2026-03-14,2026-03-26T00:05:00Z,482db144520650cd646a5e4778c1fc02,San Francisco Giants,New York Yankees,,,,,,,,-104,-117,,,,,,100,-120,1.5,-160,8.5,-105,-115,,,,,,,,,,,,,,,,,,,,,,,,,,,,,,,,,,,,,,,,,,,,,,,,,,,,,,,,,,,,,,,,,,,,,,,,,,,,,,-2,-118,8.5,2
2026-03-15T21:53:38Z,evening,2026-03-15,2026-03-26T00:05:00Z,482db144520650cd646a5e4778c1fc02,San Francisco Giants,New York Yankees,,,,,,,,-104,-117,,,,,,100,-120,1.5,-160,8.5,-105,-115,,,,,,,,,,,,,,,,,,,,,,,,,,,,,,,,,,,,,,,,,,,,,,,,,,,,,,,,,,,,,,,,,,,,,,,,,,,,,,-2,-118,8.5,2
2026-03-16T22:53:23Z,manual,2026-03-16,2026-03-26T00:05:00Z,482db144520650cd646a5e4778c1fc02,San Francisco Giants,New York Yankees,,,,,,,,-104,-117,,,,,,100,-120,1.5,-160,8.5,-105,-115,,,,,,,,,,,,,,,,,,,,,,,,,,,,,,,,,,,,,,,,,,,100,-120,,,,,,,,,,,,,,,,,,,,,,,,,,,,,,,,,,32,-119,8.5,3
2026-03-17T22:54:29Z,manual,2026-03-17,2026-03-26T00:05:00Z,482db144520650cd646a5e4778c1fc02,San Francisco Giants,New York Yankees,,,,,,,,-104,-117,,,,,,100,-120,1.5,-160,8.5,-105,-115,,,,,,,,,,,,,,,,,,,,,,,,,,,,,,,,,,,,,,,,,,,101,-121,,,,,,,,,,,,,,,,,,,,,,,,,,,,,,,,,,32,-119,8.5,3
2026-03-18T22:02:21Z,manual,2026-03-18,2026-03-26T00:05:00Z,482db144520650cd646a5e4778c1fc02,San Francisco Giants,New York Yankees,104,-122,,,,,,-104,-117,,,,,,100,-120,1.5,-160,8.5,100,-120,100,-120,,,,,,,,,,,,,,,,,,,,,,,,,,,,,,,,,,,,,,,,,100,-120,,,,,,,,,,,,,,,,,,,,,,,,,,,,,,,,,,60,-120,8.5,5
2026-03-18T22:02:21Z,manual,2026-03-18,2026-03-26T17:15:00Z,7dc467f8d7fca948c9e9ca103825d968,New York Mets,Pittsburgh Pirates,,,,,,,,-128,105,,,,,,-135,115,,,,,,,,,,,,,,,,,,,,,,,,,,,,,,,,,,,,,,,,,,,,,,,,-136,114,,,,,,,,,,,,,,,,,,,,,,,,,,,,,,,,,,-133,111,,3
2026-03-18T22:02:21Z,manual,2026-03-18,2026-03-26T18:10:00Z,afb66747c7f054c593a2674b7b304b4e,Milwaukee Brewers,Chicago White Sox,,,,,,,,-197,160,,,,,,-210,170,,,,,,,,,,,,,,,,,,,,,,,,,,,,,,,,,,,,,,,,,,,,,,,,-214,174,,,,,,,,,,,,,,,,,,,,,,,,,,,,,,,,,,-207,168,,3
2026-03-18T22:02:21Z,manual,2026-03-18,2026-03-26T18:20:00Z,4de2590a17bdf6f8b4a906f4c63162c0,Chicago Cubs,Washington Nationals,-198,166,,,,,,-201,163,,,,,,-210,170,,,,,,,,,,,,,,,,,,,,,,,,,,,,,,,,,,,,,,,,,,,,,,,,-214,174,,,,,,,,,,,,,,,,,,,,,,,,,,,,,,,,,,-206,168,,4
2026-03-18T22:02:21Z,manual,2026-03-18,2026-03-26T19:05:00Z,c52d19ac74eb2f89bfb7bc284970d655,Baltimore Orioles,Minnesota Twins,,,,,,,,-162,133,,,,,,-165,140,,,,,,,,,,,,,,,,,,,,,,,,,,,,,,,,,,,,,,,,,,,,,,,,-168,140,,,,,,,,,,,,,,,,,,,,,,,,,,,,,,,,,,-165,138,,3
2026-03-18T22:02:21Z,manual,2026-03-18,2026-03-26T20:10:00Z,3954fca33e068341fbcf893afefbc2e6,Cincinnati Reds,Boston Red Sox,134,-158,,,,,,129,-158,,,,,,135,-160,,,,,,,,,,,,,,,,,,,,,,,,,,,,,,,,,,,,,,,,,,,,,,,,135,-161,,,,,,,,,,,,,,,,,,,,,,,,,,,,,,,,,,133,-159,,4
2026-03-18T22:02:21Z,manual,2026-03-18,2026-03-26T20:10:00Z,ded68cb95818777b5dd185d53a79acff,San Diego Padres,Detroit Tigers,,,,,,,,118,-143,,,,,,120,-145,,,,,,,,,,,,,,,,,,,,,,,,,,,,,,,,,,,,,,,,,,,,,,,,126,-150,,,,,,,,,,,,,,,,,,,,,,,,,,,,,,,,,,121,-146,,3
2026-03-18T22:02:21Z,manual,2026-03-18,2026-03-26T20:10:00Z,938a5275d47936ba93f9663f6415f344,Houston Astros,Los Angeles Angels,-196,164,,,,,,-190,155,,,,,,-200,165,,,,,,,,,,,,,,,,,,,,,,,,,,,,,,,,,,,,,,,,,,,,,,,,-200,165,,,,,,,,,,,,,,,,,,,,,,,,,,,,,,,,,,-196,162,,4
2026-03-18T22:02:21Z,manual,2026-03-18,2026-03-26T20:15:00Z,ac57f6f9aed299cfeb9551b910fa7248,Philadelphia Phillies,Texas Rangers,,,,,,,,-134,111,,,,,,-135,115,,,,,,,,,,,,,,,,,,,,,,,,,,,,,,,,,,,,,,,,,,,,,,,,-136,114,,,,,,,,,,,,,,,,,,,,,,,,,,,,,,,,,,-135,113,,3
2026-03-18T22:02:21Z,manual,2026-03-18,2026-03-26T20:15:00Z,cfdeb0596b2f626db8901c8a4dc5ea7c,St. Louis Cardinals,Tampa Bay Rays,100,-118,,,,,,-105,-116,,,,,,-105,-115,,,,,,,,,,,,,,,,,,,,,,,,,,,,,,,,,,,,,,,,,,,,,,,,-105,-115,,,,,,,,,,,,,,,,,,,,,,,,,,,,,,,,,,-54,-116,,4
2026-03-18T22:02:21Z,manual,2026-03-18,2026-03-27T00:30:00Z,a6a0dde319f89b70eb1cf1e004b81fe6,Los Angeles Dodgers,Arizona Diamondbacks,-230,190,,,,,,-212,172,,,,,,-220,180,,,,,,,,,,,,,,,,,,,,,,,,,,,,,,,,,,,,,,,,,,,,,,,,-220,180,,,,,,,,,,,,,,,,,,,,,,,,,,,,,,,,,,-220,180,,4
2026-03-18T22:02:21Z,manual,2026-03-18,2026-03-27T02:10:00Z,5c8789e78ef558dfaf6b887deacec21c,Seattle Mariners,Cleveland Guardians,,,,,,,,-160,131,,,,,,-165,140,,,,,,,,,,,,,,,,,,,,,,,,,,,,,,,,,,,,,,,,,,,,,,,,-168,140,,,,,,,,,,,,,,,,,,,,,,,,,,,,,,,,,,-164,137,,3
2026-03-18T22:02:21Z,manual,2026-03-18,2026-03-27T23:10:00Z,45eec2b395c23c0449b2d9ee928b3f8d,Miami Marlins,Colorado Rockies,-174,146,,,,,,,,,,,,,-165,140,,,,,,,,,,,,,,,,,,,,,,,,,,,,,,,,,,,,,,,,,,,,,,,,,,,,,,,,,,,,,,,,,,,,,,,,,,,,,,,,,,,-170,143,,2
2026-03-19T21:58:55Z,evening,2026-03-19,2026-03-26T00:05:00Z,482db144520650cd646a5e4778c1fc02,San Francisco Giants,New York Yankees,104,-122,,,,,,-104,-117,,,,,,100,-120,1.5,-160,8.5,100,-120,100,-120,,,,,,,,,,,,,,,,,,,,,,,,,,,100,-120,,,,,,,,,,,,,100,-120,,,,,,,,,,,,,,,,,,,,,,,,,,,,,,,,,,67,-120,8.5,6
2026-03-19T21:58:55Z,evening,2026-03-19,2026-03-26T17:15:00Z,7dc467f8d7fca948c9e9ca103825d968,New York Mets,Pittsburgh Pirates,,,,,,,,-128,105,,,,,,-135,115,,,,,,,,,,,,,,,,,,,,,,,,,,,,,,,,,,-130,110,,,,,,,,,,,,,-136,114,,,,,,,,,,,,,,,,,,,,,,,,,,,,,,,,,,-132,111,,4
2026-03-19T21:58:55Z,evening,2026-03-19,2026-03-26T18:10:00Z,afb66747c7f054c593a2674b7b304b4e,Milwaukee Brewers,Chicago White Sox,,,,,,,,-197,160,,,,,,-210,170,,,,,,,,,,,,,,,,,,,,,,,,,,,,,,,,,,-190,160,,,,,,,,,,,,,-214,174,,,,,,,,,,,,,,,,,,,,,,,,,,,,,,,,,,-203,166,,4
2026-03-19T21:58:55Z,evening,2026-03-19,2026-03-26T18:20:00Z,4de2590a17bdf6f8b4a906f4c63162c0,Chicago Cubs,Washington Nationals,-198,166,,,,,,-201,163,,,,,,-210,170,,,,,,,,,,,,,,,,,,,,,,,,,,,,,,,,,,-190,160,,,,,,,,,,,,,-214,174,,,,,,,,,,,,,,,,,,,,,,,,,,,,,,,,,,-203,167,,5
2026-03-19T21:58:55Z,evening,2026-03-19,2026-03-26T19:05:00Z,c52d19ac74eb2f89bfb7bc284970d655,Baltimore Orioles,Minnesota Twins,,,,,,,,-162,133,,,,,,-165,140,,,,,,,,,,,,,,,,,,,,,,,,,,,,,,,,,,-150,130,,,,,,,,,,,,,-168,140,,,,,,,,,,,,,,,,,,,,,,,,,,,,,,,,,,-161,136,,4
2026-03-19T21:58:55Z,evening,2026-03-19,2026-03-26T20:10:00Z,3954fca33e068341fbcf893afefbc2e6,Cincinnati Reds,Boston Red Sox,134,-158,,,,,,129,-158,,,,,,135,-160,,,,,,,,,,,,,,,,,,,,,,,,,,,,,,,,,,135,-155,,,,,,,,,,,,,135,-161,,,,,,,,,,,,,,,,,,,,,,,,,,,,,,,,,,134,-158,,5
2026-03-19T21:58:55Z,evening,2026-03-19,2026-03-26T20:10:00Z,ded68cb95818777b5dd185d53a79acff,San Diego Padres,Detroit Tigers,,,,,,,,118,-143,,,,,,120,-145,,,,,,,,,,,,,,,,,,,,,,,,,,,,,,,,,,120,-140,,,,,,,,,,,,,126,-150,,,,,,,,,,,,,,,,,,,,,,,,,,,,,,,,,,121,-144,,4
2026-03-19T21:58:55Z,evening,2026-03-19,2026-03-26T20:10:00Z,938a5275d47936ba93f9663f6415f344,Houston Astros,Los Angeles Angels,-196,164,,,,,,-190,155,,,,,,-200,165,,,,,,,,,,,,,,,,,,,,,,,,,,,,,,,,,,-190,160,,,,,,,,,,,,,-200,165,,,,,,,,,,,,,,,,,,,,,,,,,,,,,,,,,,-195,162,,5
2026-03-19T21:58:55Z,evening,2026-03-19,2026-03-26T20:15:00Z,ac57f6f9aed299cfeb9551b910fa7248,Philadelphia Phillies,Texas Rangers,,,,,,,,-134,111,,,,,,-135,115,,,,,,,,,,,,,,,,,,,,,,,,,,,,,,,,,,-130,110,,,,,,,,,,,,,-136,114,,,,,,,,,,,,,,,,,,,,,,,,,,,,,,,,,,-134,112,,4
2026-03-19T21:58:55Z,evening,2026-03-19,2026-03-26T20:15:00Z,cfdeb0596b2f626db8901c8a4dc5ea7c,St. Louis Cardinals,Tampa Bay Rays,100,-118,,,,,,-105,-116,,,,,,-105,-115,,,,,,,,,,,,,,,,,,,,,,,,,,,,,,,,,,100,-120,,,,,,,,,,,,,-105,-115,,,,,,,,,,,,,,,,,,,,,,,,,,,,,,,,,,-23,-117,,5
2026-03-19T21:58:55Z,evening,2026-03-19,2026-03-27T00:30:00Z,a6a0dde319f89b70eb1cf1e004b81fe6,Los Angeles Dodgers,Arizona Diamondbacks,-230,190,,,,,,-212,172,,,,,,-220,180,,,,,,,,,,,,,,,,,,,,,,,,,,,,,,,,,,-215,180,,,,,,,,,,,,,-220,180,,,,,,,,,,,,,,,,,,,,,,,,,,,,,,,,,,-219,180,,5
2026-03-19T21:58:55Z,evening,2026-03-19,2026-03-27T02:10:00Z,5c8789e78ef558dfaf6b887deacec21c,Seattle Mariners,Cleveland Guardians,,,,,,,,-160,131,,,,,,-165,140,,,,,,,,,,,,,,,,,,,,,,,,,,,,,,,,,,-150,130,,,,,,,,,,,,,-168,140,,,,,,,,,,,,,,,,,,,,,,,,,,,,,,,,,,-161,135,,4
2026-03-19T21:58:55Z,evening,2026-03-19,2026-03-27T23:10:00Z,45eec2b395c23c0449b2d9ee928b3f8d,Miami Marlins,Colorado Rockies,-174,146,,,,,,,,,,,,,-165,140,,,,,,,,,,,,,,,,,,,,,,,,,,,,,,,,,,,,,,,,,,,,,,,,,,,,,,,,,,,,,,,,,,,,,,,,,,,,,,,,,,,-170,143,,2
2026-03-20T21:56:19Z,evening,2026-03-20,2026-03-26T00:05:00Z,482db144520650cd646a5e4778c1fc02,San Francisco Giants,New York Yankees,104,-122,,,,,,-104,-117,,,,,,100,-120,1.5,-160,8.5,100,-120,100,-120,,,,,,,,,,,,,,,,,,,,,,,,,,,100,-120,,,,,,,,,,,,,100,-120,,,,,,,,,,,,,,,,,,,,,,,,,,,,,,,,,,67,-120,8.5,6
2026-03-20T21:56:19Z,evening,2026-03-20,2026-03-26T17:15:00Z,7dc467f8d7fca948c9e9ca103825d968,New York Mets,Pittsburgh Pirates,-116,-102,,,,,,-128,105,,,,,,-135,115,-1.5,165,6.5,-120,100,,,,,,,,,,,,,,,,,,,,,,,,,,,,,-130,110,-1.5,170,6.5,-120,100,,,,,,,,-136,114,,,,,,,,,,,,,,,,,,,,,,,,,,,,,,,,,,-129,68,6.5,5
2026-03-20T21:56:19Z,evening,2026-03-20,2026-03-26T18:10:00Z,afb66747c7f054c593a2674b7b304b4e,Milwaukee Brewers,Chicago White Sox,,,,,,,,-197,160,,,,,,-210,170,-1.5,105,8.5,-105,-115,,,,,,,,,,,,,,,,,,,,,,,,,,,,,-195,165,,,,,,,,,,,,,-214,174,,,,,,,,,,,,,,,,,,,,,,,,,,,,,,,,,,-204,167,8.5,4
2026-03-20T21:56:19Z,evening,2026-03-20,2026-03-26T18:20:00Z,4de2590a17bdf6f8b4a906f4c63162c0,Chicago Cubs,Washington Nationals,-198,166,,,,,,-201,163,,,,,,-210,170,-1.5,-102,9.0,-105,-115,,,,,,,,,,,,,,,,,,,,,,,,,,,,,-195,165,,,,,,,,,,,,,-214,174,,,,,,,,,,,,,,,,,,,,,,,,,,,,,,,,,,-204,168,9.0,5
2026-03-20T21:56:19Z,evening,2026-03-20,2026-03-26T19:05:00Z,c52d19ac74eb2f89bfb7bc284970d655,Baltimore Orioles,Minnesota Twins,,,,,,,,-162,133,,,,,,-165,140,,,8.5,-110,-110,,,,,,,,,,,,,,,,,,,,,,,,,,,,,-155,135,,,,,,,,,,,,,-168,140,,,,,,,,,,,,,,,,,,,,,,,,,,,,,,,,,,-162,137,8.5,4
2026-03-20T21:56:19Z,evening,2026-03-20,2026-03-26T20:10:00Z,3954fca33e068341fbcf893afefbc2e6,Cincinnati Reds,Boston Red Sox,134,-158,,,,,,129,-158,,,,,,135,-160,1.5,-135,8.5,-115,-105,,,,,,,,,,,,,,,,,,,,,,,,,,,,,130,-150,,,,,,,,,,,,,135,-161,,,,,,,,,,,,,,,,,,,,,,,,,,,,,,,,,,133,-157,8.5,5
2026-03-20T21:56:19Z,evening,2026-03-20,2026-03-26T20:10:00Z,ded68cb95818777b5dd185d53a79acff,San Diego Padres,Detroit Tigers,,,,,,,,118,-143,,,,,,118,-140,1.5,-155,7.0,-115,-105,,,,,,,,,,,,,,,,,,,,,,,,,,,,,125,-145,1.5,-145,7.5,115,-135,,,,,,,,126,-150,,,,,,,,,,,,,,,,,,,,,,,,,,,,,,,,,,122,-144,7.2,4
2026-03-20T21:56:19Z,evening,2026-03-20,2026-03-26T20:10:00Z,938a5275d47936ba93f9663f6415f344,Houston Astros,Los Angeles Angels,-196,164,,,,,,-190,155,,,,,,-200,165,-1.5,110,8.5,-115,-105,,,,,,,,,,,,,,,,,,,,,,,,,,,,,-190,160,,,,,,,,,,,,,-200,165,,,,,,,,,,,,,,,,,,,,,,,,,,,,,,,,,,-195,162,8.5,5
2026-03-20T21:56:19Z,evening,2026-03-20,2026-03-26T20:15:00Z,ac57f6f9aed299cfeb9551b910fa7248,Philadelphia Phillies,Texas Rangers,,,,,,,,-134,111,,,,,,-135,115,-1.5,155,8.5,-105,-115,,,,,,,,,,,,,,,,,,,,,,,,,,,,,-135,115,,,,,,,,,,,,,-136,114,,,,,,,,,,,,,,,,,,,,,,,,,,,,,,,,,,-135,114,8.5,4
2026-03-20T21:56:19Z,evening,2026-03-20,2026-03-26T20:15:00Z,cfdeb0596b2f626db8901c8a4dc5ea7c,St. Louis Cardinals,Tampa Bay Rays,100,-118,,,,,,-105,-116,,,,,,-105,-115,1.5,-185,7.5,-105,-115,,,,,,,,,,,,,,,,,,,,,,,,,,,,,100,-120,,,,,,,,,,,,,-105,-115,,,,,,,,,,,,,,,,,,,,,,,,,,,,,,,,,,-23,-117,7.5,5
2026-03-20T21:56:19Z,evening,2026-03-20,2026-03-27T00:30:00Z,a6a0dde319f89b70eb1cf1e004b81fe6,Los Angeles Dodgers,Arizona Diamondbacks,-230,190,,,,,,-212,172,,,,,,-225,185,-1.5,-120,9.5,-110,-110,,,,,,,,,,,,,,,,,,,,,,,,,,,,,-210,175,-1.5,-110,9.5,-105,-115,,,,,,,,-220,180,,,,,,,,,,,,,,,,,,,,,,,,,,,,,,,,,,-219,180,9.5,5
2026-03-20T21:56:19Z,evening,2026-03-20,2026-03-27T02:10:00Z,5c8789e78ef558dfaf6b887deacec21c,Seattle Mariners,Cleveland Guardians,,,,,,,,-160,131,,,,,,-165,140,-1.5,135,6.5,-120,100,,,,,,,,,,,,,,,,,,,,,,,,,,,,,-155,135,,,,,,,,,,,,,-168,140,,,,,,,,,,,,,,,,,,,,,,,,,,,,,,,,,,-162,136,6.5,4
2026-03-20T21:56:19Z,evening,2026-03-20,2026-03-27T23:10:00Z,45eec2b395c23c0449b2d9ee928b3f8d,Miami Marlins,Colorado Rockies,-174,146,,,,,,,,,,,,,-165,140,-1.5,125,8.5,-105,-115,,,,,,,,,,,,,,,,,,,,,,,,,,,,,,,,,,,,,,,,,,,,,,,,,,,,,,,,,,,,,,,,,,,,,,,,,,,,,,-170,143,8.5,2
2026-03-21T23:59:05Z,closing,2026-03-21,2026-03-26T00:05:00Z,482db144520650cd646a5e4778c1fc02,San Francisco Giants,New York Yankees,104,-122,1.5,-166,6.5,-122,100,-104,-117,,,,,,100,-120,1.5,-160,7.0,-120,100,100,-120,,,,,,,,,,,,,,,,,,,,,,,,,,,100,-120,1.5,-190,6.5,-125,105,,,,,,,,100,-120,,,,,,,,,,,,,,,,,,,,,,,,,,,,,,,,,,67,-120,6.8,6
2026-03-21T23:59:05Z,closing,2026-03-21,2026-03-26T17:15:00Z,7dc467f8d7fca948c9e9ca103825d968,New York Mets,Pittsburgh Pirates,-116,-102,,,,,,-122,101,,,,,,-135,115,-1.5,165,6.5,-120,100,,,,,,,,,,,,,,,,,,,,,,,,,,,,,-125,105,-1.5,175,6.5,-120,100,,,,,,,,-136,114,,,,,,,,,,,,,,,,,,,,,,,,,,,,,,,,,,-127,67,6.5,5
2026-03-21T23:59:05Z,closing,2026-03-21,2026-03-26T18:10:00Z,afb66747c7f054c593a2674b7b304b4e,Milwaukee Brewers,Chicago White Sox,-172,144,,,,,,-197,160,,,,,,-210,170,-1.5,105,8.5,-120,100,,,,,,,,,,,,,,,,,,,,,,,,,,,,,-195,165,-1.5,105,8.5,-110,-110,,,,,,,,-214,174,,,,,,,,,,,,,,,,,,,,,,,,,,,,,,,,,,-198,163,8.5,5
2026-03-21T23:59:05Z,closing,2026-03-21,2026-03-26T18:20:00Z,4de2590a17bdf6f8b4a906f4c63162c0,Chicago Cubs,Washington Nationals,-198,166,,,,,,-201,163,,,,,,-210,170,-1.5,-102,9.0,-105,-115,,,,,,,,,,,,,,,,,,,,,,,,,,,,,-195,165,,,,,,,,,,,,,-214,174,,,,,,,,,,,,,,,,,,,,,,,,,,,,,,,,,,-204,168,9.0,5
2026-03-21T23:59:05Z,closing,2026-03-21,2026-03-26T19:05:00Z,c52d19ac74eb2f89bfb7bc284970d655,Baltimore Orioles,Minnesota Twins,-154,130,,,,,,-162,133,,,,,,-165,140,,,8.5,-110,-110,,,,,,,,,,,,,,,,,,,,,,,,,,,,,-155,135,,,,,,,,,,,,,-168,140,,,,,,,,,,,,,,,,,,,,,,,,,,,,,,,,,,-161,136,8.5,5
2026-03-21T23:59:05Z,closing,2026-03-21,2026-03-26T20:10:00Z,3954fca33e068341fbcf893afefbc2e6,Cincinnati Reds,Boston Red Sox,134,-158,,,,,,129,-158,,,,,,135,-160,1.5,-135,8.5,-115,-105,,,,,,,,,,,,,,,,,,,,,,,,,,,,,130,-150,,,,,,,,,,,,,135,-161,,,,,,,,,,,,,,,,,,,,,,,,,,,,,,,,,,133,-157,8.5,5
2026-03-21T23:59:05Z,closing,2026-03-21,2026-03-26T20:10:00Z,ded68cb95818777b5dd185d53a79acff,San Diego Padres,Detroit Tigers,,,,,,,,113,-138,,,,,,118,-140,1.5,-155,7.0,-115,-105,,,,,,,,,,,,,,,,,,,,,,,,,,,,,120,-140,1.5,-150,7.5,115,-135,,,,,,,,118,-141,,,,,,,,,,,,,,,,,,,,,,,,,,,,,,,,,,117,-140,7.2,4
2026-03-21T23:59:05Z,closing,2026-03-21,2026-03-26T20:10:00Z,938a5275d47936ba93f9663f6415f344,Houston Astros,Los Angeles Angels,-196,164,,,,,,-190,155,,,,,,-185,150,-1.5,110,8.5,-115,-105,,,,,,,,,,,,,,,,,,,,,,,,,,,,,-190,160,,,,,,,,,,,,,-200,165,,,,,,,,,,,,,,,,,,,,,,,,,,,,,,,,,,-192,159,8.5,5
2026-03-21T23:59:05Z,closing,2026-03-21,2026-03-26T20:15:00Z,ac57f6f9aed299cfeb9551b910fa7248,Philadelphia Phillies,Texas Rangers,-148,126,,,,,,-154,127,,,,,,-150,125,-1.5,150,8.5,-105,-115,,,,,,,,,,,,,,,,,,,,,,,,,,,,,-145,125,,,,,,,,,,,,,-141,118,,,,,,,,,,,,,,,,,,,,,,,,,,,,,,,,,,-148,124,8.5,5
2026-03-21T23:59:05Z,closing,2026-03-21,2026-03-26T20:15:00Z,cfdeb0596b2f626db8901c8a4dc5ea7c,St. Louis Cardinals,Tampa Bay Rays,100,-118,,,,,,102,-124,,,,,,100,-120,1.5,-185,7.5,-105,-115,,,,,,,,,,,,,,,,,,,,,,,,,,,,,105,-125,,,,,,,,,,,,,-103,-117,,,,,,,,,,,,,,,,,,,,,,,,,,,,,,,,,,61,-121,7.5,5
2026-03-21T23:59:05Z,closing,2026-03-21,2026-03-27T00:30:00Z,a6a0dde319f89b70eb1cf1e004b81fe6,Los Angeles Dodgers,Arizona Diamondbacks,-230,190,,,,,,-238,191,,,,,,-225,185,-1.5,-120,9.5,-110,-110,,,,,,,,,,,,,,,,,,,,,,,,,,,,,-230,195,-1.5,-120,9.5,-110,-110,,,,,,,,-225,185,,,,,,,,,,,,,,,,,,,,,,,,,,,,,,,,,,-230,189,9.5,5
2026-03-21T23:59:05Z,closing,2026-03-21,2026-03-27T02:10:00Z,5c8789e78ef558dfaf6b887deacec21c,Seattle Mariners,Cleveland Guardians,-178,150,,,,,,-177,144,,,,,,-165,140,-1.5,135,6.5,-120,100,,,,,,,,,,,,,,,,,,,,,,,,,,,,,-170,145,,,,,,,,,,,,,-168,140,,,,,,,,,,,,,,,,,,,,,,,,,,,,,,,,,,-172,144,6.5,5
2026-03-21T23:59:05Z,closing,2026-03-21,2026-03-27T23:07:00Z,f827191f31f31298e4dd836d72eabdbc,Toronto Blue Jays,Athletics,-164,138,,,,,,-182,149,,,,,,-190,155,-1.5,105,9.5,-115,-105,,,,,,,,,,,,,,,,,,,,,,,,,,,,,,,,,,,,,,,,,,,-204,167,,,,,,,,,,,,,,,,,,,,,,,,,,,,,,,,,,-185,152,9.5,4
2026-03-21T23:59:05Z,closing,2026-03-21,2026-03-27T23:10:00Z,45eec2b395c23c0449b2d9ee928b3f8d,Miami Marlins,Colorado Rockies,-172,144,,,,,,-177,144,,,,,,-165,140,-1.5,125,8.5,-105,-115,,,,,,,,,,,,,,,,,,,,,,,,,,,,,,,,,,,,,,,,,,,,,,,,,,,,,,,,,,,,,,,,,,,,,,,,,,,,,,-171,143,8.5,3
2026-03-21T23:59:05Z,closing,2026-03-21,2026-03-27T23:15:00Z,88ab453feed0e220f331817b3aec9b00,Atlanta Braves,Kansas City Royals,-144,122,,,,,,-152,125,,,,,,-150,125,-1.5,140,8.0,-115,-105,,,,,,,,,,,,,,,,,,,,,,,,,,,,,,,,,,,,,,,,,,,-150,126,,,,,,,,,,,,,,,,,,,,,,,,,,,,,,,,,,-149,124,8.0,4
2026-03-22T21:52:23Z,evening,2026-03-22,2026-03-26T00:05:00Z,482db144520650cd646a5e4778c1fc02,San Francisco Giants,New York Yankees,104,-122,1.5,-166,6.5,-122,100,-104,-117,1.5,-182,7.0,-110,-110,100,-120,1.5,-160,7.0,-120,100,100,-120,1.5,-165,7.0,-115,-105,102,-125,1.5,-182,6.5,-125,102,105,-125,,,,,,102,-124,1.5,-182,6.5,-125,102,105,-125,1.5,-175,6.5,-135,115,,,,,,,,-101,-119,1.5,-170,7.0,-110,-110,,,,,,,,,,,,,,,,,,,,,,,,,,,,,57,-122,6.8,9
2026-03-22T21:52:23Z,evening,2026-03-22,2026-03-26T17:15:00Z,7dc467f8d7fca948c9e9ca103825d968,New York Mets,Pittsburgh Pirates,-116,-102,,,,,,-122,101,,,,,,-135,115,-1.5,165,6.5,-120,100,,,,,,,,-118,-106,,,,,,-120,100,,,,,,-117,-105,,,,,,-125,105,-1.5,175,6.5,-120,100,,,,,,,,-136,114,,,,,,,,,,,,,,,,,,,,,,,,,,,,,,,,,,-124,28,6.5,8
2026-03-22T21:52:23Z,evening,2026-03-22,2026-03-26T18:10:00Z,afb66747c7f054c593a2674b7b304b4e,Milwaukee Brewers,Chicago White Sox,-184,154,,,,,,-197,160,,,,,,-210,170,-1.5,105,8.5,-120,100,,,,,,,,-190,138,-1.5,125,8.5,-109,-125,-195,160,,,,,,-190,138,-1.5,125,8.5,-109,-125,,,,,,,,,,,,,,,-214,174,,,,,,,,,,,,,,,,,,,,,,,,,,,,,,,,,,-197,156,8.5,7
2026-03-22T21:52:23Z,evening,2026-03-22,2026-03-26T18:20:00Z,4de2590a17bdf6f8b4a906f4c63162c0,Chicago Cubs,Washington Nationals,-198,166,,,,,,-201,163,,,,,,-210,170,-1.5,-102,9.0,-105,-115,,,,,,,,-210,165,,,,,,-205,170,,,,,,-210,170,,,,,,-195,165,,,,,,,,,,,,,-214,174,,,,,,,,,,,,,,,,,,,,,,,,,,,,,,,,,,-205,168,9.0,8
2026-03-22T21:52:23Z,evening,2026-03-22,2026-03-26T19:05:00Z,c52d19ac74eb2f89bfb7bc284970d655,Baltimore Orioles,Minnesota Twins,-154,130,,,,,,-154,127,,,,,,-165,140,,,8.5,-110,-110,,,,,,,,-152,123,,,,,,-170,140,,,,,,-150,123,,,,,,-150,130,,,,,,,,,,,,,-168,140,,,,,,,,,,,,,,,,,,,,,,,,,,,,,,,,,,-158,132,8.5,8
2026-03-22T21:52:23Z,evening,2026-03-22,2026-03-26T20:10:00Z,3954fca33e068341fbcf893afefbc2e6,Cincinnati Reds,Boston Red Sox,134,-158,,,,,,129,-158,,,,,,135,-160,1.5,-135,8.5,-115,-105,,,,,,,,128,-159,,,,,,135,-165,,,,,,130,-159,,,,,,130,-150,,,,,,,,,,,,,135,-161,,,,,,,,,,,,,,,,,,,,,,,,,,,,,,,,,,132,-159,8.5,8
2026-03-22T21:52:23Z,evening,2026-03-22,2026-03-26T20:10:00Z,ded68cb95818777b5dd185d53a79acff,San Diego Padres,Detroit Tigers,,,,,,,,113,-138,,,,,,118,-140,1.5,-155,7.0,-115,-105,,,,,,,,,,,,,,,115,-140,,,,,,,,,,,,,120,-140,1.5,-150,7.5,115,-135,,,,,,,,118,-141,,,,,,,,,,,,,,,,,,,,,,,,,,,,,,,,,,117,-140,7.2,5
2026-03-22T21:52:23Z,evening,2026-03-22,2026-03-26T20:10:00Z,938a5275d47936ba93f9663f6415f344,Houston Astros,Los Angeles Angels,-196,164,,,,,,-190,155,,,,,,-185,150,-1.5,110,8.5,-115,-105,,,,,,,,-200,160,,,,,,-200,165,,,,,,-200,160,,,,,,-190,160,,,,,,,,,,,,,-200,165,,,,,,,,,,,,,,,,,,,,,,,,,,,,,,,,,,-195,160,8.5,8
2026-03-22T21:52:23Z,evening,2026-03-22,2026-03-26T20:15:00Z,ac57f6f9aed299cfeb9551b910fa7248,Philadelphia Phillies,Texas Rangers,-148,126,,,,,,-154,127,,,,,,-150,125,-1.5,150,8.5,-105,-115,,,,,,,,-148,120,,,,,,-145,120,,,,,,-148,120,,,,,,-145,125,,,,,,,,,,,,,-141,118,,,,,,,,,,,,,,,,,,,,,,,,,,,,,,,,,,-147,123,8.5,8
2026-03-22T21:52:23Z,evening,2026-03-22,2026-03-26T20:15:00Z,cfdeb0596b2f626db8901c8a4dc5ea7c,St. Louis Cardinals,Tampa Bay Rays,100,-118,,,,,,102,-124,,,,,,100,-120,1.5,-185,7.5,-105,-115,,,,,,,,-103,-122,,,,,,-110,-110,,,,,,100,-121,,,,,,105,-125,,,,,,,,,,,,,-103,-117,,,,,,,,,,,,,,,,,,,,,,,,,,,,,,,,,,24,-120,7.5,8
2026-03-22T21:52:23Z,evening,2026-03-22,2026-03-27T00:30:00Z,a6a0dde319f89b70eb1cf1e004b81fe6,Los Angeles Dodgers,Arizona Diamondbacks,-230,190,,,,,,-238,191,,,,,,-225,185,-1.5,-120,9.5,-110,-110,,,,,,,,-245,190,,,,,,-220,180,,,,,,-245,195,,,,,,-230,195,-1.5,-120,9.5,-110,-110,,,,,,,,-225,185,,,,,,,,,,,,,,,,,,,,,,,,,,,,,,,,,,-232,189,9.5,8
2026-03-22T21:52:23Z,evening,2026-03-22,2026-03-27T02:10:00Z,5c8789e78ef558dfaf6b887deacec21c,Seattle Mariners,Cleveland Guardians,-178,150,,,,,,-177,144,,,,,,-165,140,-1.5,135,6.5,-120,100,,,,,,,,-175,140,,,,,,-170,140,,,,,,-175,140,,,,,,-170,145,,,,,,,,,,,,,-168,140,,,,,,,,,,,,,,,,,,,,,,,,,,,,,,,,,,-172,142,6.5,8
2026-03-22T21:52:23Z,evening,2026-03-22,2026-03-27T23:07:00Z,f827191f31f31298e4dd836d72eabdbc,Toronto Blue Jays,Athletics,-164,138,,,,,,-182,149,,,,,,-190,155,-1.5,105,9.5,-115,-105,,,,,,,,-175,140,,,,,,-190,155,,,,,,-175,140,,,,,,,,,,,,,,,,,,,,-204,167,,,,,,,,,,,,,,,,,,,,,,,,,,,,,,,,,,-183,149,9.5,7
2026-03-22T21:52:23Z,evening,2026-03-22,2026-03-27T23:10:00Z,45eec2b395c23c0449b2d9ee928b3f8d,Miami Marlins,Colorado Rockies,-172,144,,,,,,-177,144,,,,,,-165,140,-1.5,125,8.5,-105,-115,,,,,,,,-177,140,,,,,,-170,140,,,,,,-177,143,,,,,,,,,,,,,,,,,,,,,,,,,,,,,,,,,,,,,,,,,,,,,,,,,,,,,,,-173,142,8.5,6
2026-03-22T21:52:23Z,evening,2026-03-22,2026-03-27T23:15:00Z,88ab453feed0e220f331817b3aec9b00,Atlanta Braves,Kansas City Royals,-144,122,,,,,,-152,125,,,,,,-150,125,-1.5,140,8.0,-115,-105,,,,,,,,-155,123,,,,,,-150,125,,,,,,-152,125,,,,,,,,,,,,,,,,,,,,-150,126,,,,,,,,,,,,,,,,,,,,,,,,,,,,,,,,,,-150,124,8.0,7
2026-03-23T22:00:20Z,manual,2026-03-23,2026-03-26T00:05:00Z,482db144520650cd646a5e4778c1fc02,San Francisco Giants,New York Yankees,104,-122,1.5,-164,6.5,-122,100,-104,-117,1.5,-182,7.0,-110,-110,100,-120,1.5,-170,7.0,-110,-110,100,-120,1.5,-165,7.0,-115,-105,100,-124,1.5,-182,7.0,102,-125,,,,,,,,102,-122,1.5,-182,7.0,102,-125,100,-120,1.5,-175,6.5,-125,105,,,,,,,,-101,-119,1.5,-180,6.5,-130,110,106,-117,1.5,-165,7.0,-110,-110,101,-119,1.5,-170,7.0,-110,-106,106,-117,1.5,-165,7.0,-107,-107,107,-117,1.5,-170,7.0,-110,-110,68,-120,6.8,12
2026-03-23T22:00:20Z,manual,2026-03-23,2026-03-26T17:15:00Z,7dc467f8d7fca948c9e9ca103825d968,New York Mets,Pittsburgh Pirates,-116,-102,,,,,,-122,101,,,,,,-125,105,-1.5,165,6.5,-120,100,,,,,,,,-122,-103,,,,,,,,,,,,,-121,100,,,,,,-125,105,-1.5,175,6.5,-120,100,,,,,,,,-132,110,,,,,,,,,,,,,,,,,,,,,,,,,,,,,,,,,,-123,45,6.5,7
2026-03-23T22:00:20Z,manual,2026-03-23,2026-03-26T18:10:00Z,afb66747c7f054c593a2674b7b304b4e,Milwaukee Brewers,Chicago White Sox,-184,154,,,,,,-197,160,,,,,,-200,165,-1.5,115,8.5,-120,100,,,,,,,,-190,138,-1.5,125,8.5,-109,-125,,,,,,,,-190,138,-1.5,125,8.5,-109,-125,-195,165,,,8.5,-120,100,,,,,,,,-200,165,,,,,,,,,,,,,,,,,,,,,,,,,,,,,,,,,,-194,155,8.5,7
2026-03-23T22:00:20Z,manual,2026-03-23,2026-03-26T18:20:00Z,4de2590a17bdf6f8b4a906f4c63162c0,Chicago Cubs,Washington Nationals,-205,172,,,,,,-201,163,,,,,,-210,170,-1.5,-102,9.0,-105,-115,,,,,,,,-210,165,,,,,,,,,,,,,-210,170,,,,,,-195,165,-1.5,100,8.5,-125,105,,,,,,,,-212,172,,,,,,,,,,,,,,,,,,,,,,,,,,,,,,,,,,-206,168,8.8,7
2026-03-23T22:00:20Z,manual,2026-03-23,2026-03-26T19:05:00Z,c52d19ac74eb2f89bfb7bc284970d655,Baltimore Orioles,Minnesota Twins,-138,118,,,,,,-154,127,,,,,,-155,130,,,8.5,-110,-110,,,,,,,,-152,123,,,,,,,,,,,,,-150,123,,,,,,-150,130,-1.5,135,8.5,-110,-110,,,,,,,,-155,130,,,,,,,,,,,,,,,,,,,,,,,,,,,,,,,,,,-151,126,8.5,7
2026-03-23T22:00:20Z,manual,2026-03-23,2026-03-26T20:10:00Z,3954fca33e068341fbcf893afefbc2e6,Cincinnati Reds,Boston Red Sox,134,-158,,,,,,129,-158,,,,,,135,-160,1.5,-130,8.5,-115,-105,,,,,,,,128,-159,,,,,,,,,,,,,130,-159,,,,,,130,-150,1.5,-130,8.5,100,-120,,,,,,,,135,-161,,,,,,,,,,,,,,,,,,,,,,,,,,,,,,,,,,132,-158,8.5,7
2026-03-23T22:00:20Z,manual,2026-03-23,2026-03-26T20:10:00Z,ded68cb95818777b5dd185d53a79acff,San Diego Padres,Detroit Tigers,112,-132,,,,,,113,-138,,,,,,118,-140,1.5,-155,7.0,-115,-105,,,,,,,,108,-134,,,,,,,,,,,,,110,-132,,,,,,120,-140,1.5,-150,7.5,110,-130,,,,,,,,116,-139,,,,,,,,,,,,,,,,,,,,,,,,,,,,,,,,,,114,-136,7.2,7
2026-03-23T22:00:20Z,manual,2026-03-23,2026-03-26T20:10:00Z,938a5275d47936ba93f9663f6415f344,Houston Astros,Los Angeles Angels,-196,164,,,,,,-190,155,,,,,,-185,150,-1.5,110,8.5,-115,-105,,,,,,,,-200,160,,,,,,,,,,,,,-200,160,,,,,,-190,160,-1.5,105,8.5,-115,-105,,,,,,,,-194,159,,,,,,,,,,,,,,,,,,,,,,,,,,,,,,,,,,-194,158,8.5,7
2026-03-23T22:00:20Z,manual,2026-03-23,2026-03-26T20:15:00Z,ac57f6f9aed299cfeb9551b910fa7248,Philadelphia Phillies,Texas Rangers,-148,126,,,,,,-154,127,,,,,,-150,125,-1.5,150,8.5,-105,-115,,,,,,,,-148,120,,,,,,,,,,,,,-148,120,,,,,,-150,130,-1.5,135,8.5,-105,-115,,,,,,,,-150,126,,,,,,,,,,,,,,,,,,,,,,,,,,,,,,,,,,-150,125,8.5,7
2026-03-23T22:00:20Z,manual,2026-03-23,2026-03-26T20:15:00Z,cfdeb0596b2f626db8901c8a4dc5ea7c,St. Louis Cardinals,Tampa Bay Rays,106,-124,,,,,,102,-124,,,,,,105,-125,1.5,-185,7.5,-105,-115,,,,,,,,-103,-122,,,,,,,,,,,,,100,-121,,,,,,105,-125,1.5,-165,7.5,100,-120,,,,,,,,103,-123,,,,,,,,,,,,,,,,,,,,,,,,,,,,,,,,,,74,-123,7.5,7
2026-03-23T22:00:20Z,manual,2026-03-23,2026-03-27T00:30:00Z,a6a0dde319f89b70eb1cf1e004b81fe6,Los Angeles Dodgers,Arizona Diamondbacks,-230,190,,,,,,-238,191,,,,,,-225,185,-1.5,-120,9.0,-115,-105,,,,,,,,-245,190,,,,,,,,,,,,,-245,195,,,,,,-230,195,-1.5,-120,9.5,-105,-115,,,,,,,,-230,190,,,,,,,,,,,,,,,,,,,,,,,,,,,,,,,,,,-235,191,9.2,7
2026-03-23T22:00:20Z,manual,2026-03-23,2026-03-27T02:10:00Z,5c8789e78ef558dfaf6b887deacec21c,Seattle Mariners,Cleveland Guardians,-180,152,,,,,,-177,144,,,,,,-165,140,-1.5,135,6.5,-120,100,,,,,,,,-175,140,,,,,,,,,,,,,-175,140,,,,,,-170,145,-1.5,130,6.5,-125,105,,,,,,,,-168,140,,,,,,,,,,,,,,,,,,,,,,,,,,,,,,,,,,-173,143,6.5,7
2026-03-23T22:00:20Z,manual,2026-03-23,2026-03-27T23:07:00Z,f827191f31f31298e4dd836d72eabdbc,Toronto Blue Jays,Athletics,-164,138,,,,,,-182,149,,,,,,-190,155,-1.5,105,9.5,-115,-105,,,,,,,,-175,140,,,,,,,,,,,,,-175,140,,,,,,-175,150,,,,,,,,,,,,,-186,154,,,,,,,,,,,,,,,,,,,,,,,,,,,,,,,,,,-178,147,9.5,7
2026-03-23T22:00:20Z,manual,2026-03-23,2026-03-27T23:10:00Z,45eec2b395c23c0449b2d9ee928b3f8d,Miami Marlins,Colorado Rockies,-172,144,,,,,,-177,144,,,,,,-165,140,-1.5,125,8.5,-105,-115,,,,,,,,-177,140,,,,,,,,,,,,,-177,143,,,,,,,,,,,,,,,,,,,,,,,,,,,,,,,,,,,,,,,,,,,,,,,,,,,,,,,-174,142,8.5,5
2026-03-23T22:00:20Z,manual,2026-03-23,2026-03-27T23:15:00Z,88ab453feed0e220f331817b3aec9b00,Atlanta Braves,Kansas City Royals,-144,122,,,,,,-152,125,,,,,,-150,125,-1.5,140,8.0,-115,-105,,,,,,,,-155,123,,,,,,,,,,,,,-152,125,,,,,,,,,,,,,,,,,,,,-150,126,,,,,,,,,,,,,,,,,,,,,,,,,,,,,,,,,,-150,124,8.0,6
2026-03-24T22:05:09Z,manual,2026-03-24,2026-03-26T00:05:00Z,482db144520650cd646a5e4778c1fc02,San Francisco Giants,New York Yankees,104,-122,1.5,-164,7.0,-102,-120,101,-123,1.5,-182,7.0,-105,-115,100,-120,1.5,-185,7.0,-110,-110,100,-120,1.5,-178,7.0,-105,-115,-103,-122,1.5,-182,7.0,-115,-108,100,-120,1.5,-190,7.0,-110,-110,100,-120,1.5,-182,7.0,-114,-107,100,-120,1.5,-180,6.5,-130,110,,,,,,,,-101,-119,1.5,-180,7.0,-105,-115,104,-115,1.5,-175,7.0,-105,-115,-102,-119,1.5,-179,7.0,-103,-118,104,-115,1.5,-175,7.0,-102,-113,105,-115,1.5,-175,7.0,-105,-115,55,-119,6.8,13
2026-03-24T22:05:09Z,manual,2026-03-24,2026-03-26T17:15:00Z,7dc467f8d7fca948c9e9ca103825d968,New York Mets,Pittsburgh Pirates,-116,-102,1.5,-205,7.0,-105,-115,-121,-101,1.5,-210,6.5,-121,-101,-125,105,-1.5,165,6.5,-120,100,-120,100,-1.5,185,6.5,-120,100,-124,100,1.5,-230,6.5,-125,102,-120,100,1.5,-220,6.5,-120,100,-122,100,1.5,-230,6.5,-125,102,-125,105,-1.5,165,6.5,-125,105,,,,,,,,-120,100,-1.5,175,6.5,-120,100,-115,104,-1.5,185,6.5,-120,100,-120,-102,0.5,-120,6.5,-118,-103,-115,104,-1.5,187,6.5,-118,103,-115,105,-1.5,188,6.5,-120,100,-120,55,6.8,13
2026-03-24T22:05:09Z,manual,2026-03-24,2026-03-26T18:10:00Z,afb66747c7f054c593a2674b7b304b4e,Milwaukee Brewers,Chicago White Sox,-184,154,-1.5,118,8.0,-105,-115,-194,158,-1.5,108,8.0,-115,-105,-200,165,-1.5,115,8.5,-105,-115,-190,158,-1.5,110,8.0,-115,-105,-190,150,-1.5,123,8.5,-110,-113,-195,160,-1.5,110,8.0,-115,-105,-186,150,-1.5,123,8.5,-110,-113,-190,160,-1.5,120,8.5,100,-120,,,,,,,,-194,159,-1.5,110,8.0,-115,-105,-186,168,-1.5,110,8.0,-115,-105,-192,155,-1.5,109,8.0,-118,-104,-186,168,-1.5,113,8.0,-113,-102,-186,163,-1.5,110,8.0,-115,-105,-190,159,8.2,13
2026-03-24T22:05:09Z,manual,2026-03-24,2026-03-26T18:20:00Z,4de2590a17bdf6f8b4a906f4c63162c0,Chicago Cubs,Washington Nationals,-210,176,-1.5,-108,9.0,-112,-108,-233,188,-1.5,-105,8.5,-121,-101,-210,170,-1.5,-102,9.0,-105,-115,-235,192,-1.5,-105,8.5,-120,100,-220,170,-1.5,104,8.5,-115,-108,-225,185,-1.5,-110,9.0,100,-120,-215,175,-1.5,104,8.5,-115,-108,-225,190,-1.5,100,8.5,-115,-105,,,,,,,,-230,190,-1.5,-105,8.5,-120,100,-215,193,,,,,,-233,185,-1.5,-109,8.5,-120,-101,-215,193,,,,,,-220,190,,,,,,-222,184,8.8,13
2026-03-24T22:05:09Z,manual,2026-03-24,2026-03-26T19:05:00Z,c52d19ac74eb2f89bfb7bc284970d655,Baltimore Orioles,Minnesota Twins,-138,118,-1.5,146,8.5,-110,-110,-157,128,-1.5,134,8.0,-110,-110,-155,130,,,8.5,-110,-110,-155,130,-1.5,135,8.0,-110,-110,-148,120,-1.5,143,8.5,-108,-115,-150,125,-1.5,135,8.0,-115,-105,-148,120,-1.5,143,8.5,-108,-115,-145,125,-1.5,130,8.5,-110,-110,,,,,,,,-152,127,-1.5,140,8.0,-110,-110,-145,131,-1.5,142,8.0,-110,-110,-154,126,1.5,-263,8.0,-112,-109,-145,131,-1.5,143,8.0,-107,-107,-145,130,-1.5,140,8.0,-110,-110,-149,126,8.2,13
2026-03-24T22:05:09Z,manual,2026-03-24,2026-03-26T20:10:00Z,3954fca33e068341fbcf893afefbc2e6,Cincinnati Reds,Boston Red Sox,134,-158,1.5,-132,8.0,-105,-115,128,-157,1.5,-132,8.0,-119,-102,135,-160,1.5,-130,8.5,-115,-105,130,-155,1.5,-130,8.0,-115,-105,128,-159,1.5,-132,8.5,-112,-112,130,-155,1.5,-130,8.0,-115,-105,130,-159,1.5,-130,8.5,-110,-113,135,-155,1.5,-130,8.5,-110,-110,,,,,,,,130,-155,1.5,-130,8.0,-115,-105,139,-153,1.5,-127,8.0,-120,100,129,-159,1.5,-131,8.0,-116,-105,139,-153,1.5,-125,8.0,-118,103,137,-153,1.5,-125,8.0,-115,-105,133,-156,8.2,13
2026-03-24T22:05:09Z,manual,2026-03-24,2026-03-26T20:10:00Z,ded68cb95818777b5dd185d53a79acff,San Diego Padres,Detroit Tigers,110,-130,1.5,-166,7.0,-110,-110,112,-137,1.5,-157,7.0,-108,-112,118,-140,1.5,-155,7.0,-115,-105,115,-135,1.5,-155,7.0,-110,-110,110,-137,1.5,-157,7.0,-122,-103,115,-140,1.5,-155,7.0,-105,-115,112,-136,1.5,-157,7.0,-122,-103,115,-135,1.5,-155,7.5,105,-125,,,,,,,,114,-136,1.5,-150,7.0,-115,-105,122,-135,1.5,-150,7.0,-110,-110,112,-137,0.5,111,7.0,-108,-114,122,-135,1.5,-149,7.0,-107,-107,122,-135,1.5,-150,7.0,-110,-110,115,-136,7.2,13
2026-03-24T22:05:09Z,manual,2026-03-24,2026-03-26T20:10:00Z,938a5275d47936ba93f9663f6415f344,Houston Astros,Los Angeles Angels,-198,166,-1.5,112,8.0,-115,-105,-187,152,-1.5,108,8.0,-115,-105,-185,150,-1.5,110,8.5,-115,-105,-190,158,-1.5,110,8.0,-115,-105,-195,155,-1.5,115,8.5,-105,-118,-180,150,-1.5,115,8.0,-115,-105,-190,155,-1.5,115,8.5,-105,-118,-190,160,-1.5,110,7.5,-120,100,,,,,,,,-194,159,-1.5,110,8.0,-110,-110,-172,155,-1.5,115,8.0,-115,-105,-189,153,-1.5,113,8.0,-114,-108,-172,155,-1.5,118,8.0,-113,-102,-172,152,-1.5,115,8.0,-115,-105,-186,155,8.0,13
2026-03-24T22:05:09Z,manual,2026-03-24,2026-03-26T20:15:00Z,ac57f6f9aed299cfeb9551b910fa7248,Philadelphia Phillies,Texas Rangers,-148,126,-1.5,146,7.5,-115,-105,-150,123,-1.5,138,8.0,-105,-115,-150,125,-1.5,150,8.5,-105,-115,-145,122,-1.5,140,8.0,-105,-115,-150,120,-1.5,148,8.5,-103,-121,-155,130,-1.5,145,8.0,-105,-115,-148,123,-1.5,148,8.5,-103,-121,-150,130,-1.5,145,8.5,105,-125,,,,,,,,-149,125,-1.5,145,8.0,-110,-110,-150,136,-1.5,140,8.0,-105,-115,-152,123,0.5,-149,8.0,-104,-118,-150,136,-1.5,141,8.0,-102,-113,-150,134,-1.5,140,8.0,-105,-115,-150,127,8.0,13
2026-03-24T22:05:09Z,manual,2026-03-24,2026-03-26T20:15:00Z,cfdeb0596b2f626db8901c8a4dc5ea7c,St. Louis Cardinals,Tampa Bay Rays,106,-124,1.5,-170,7.5,-118,-104,-101,-121,1.5,-172,7.5,-105,-115,105,-125,1.5,-185,7.5,-105,-115,100,-120,1.5,-170,7.5,-105,-115,104,-129,1.5,-167,7.5,-108,-115,100,-120,1.5,-170,7.5,-105,-115,105,-127,1.5,-167,7.5,-108,-115,105,-125,1.5,-180,7.5,-105,-115,,,,,,,,100,-120,1.5,-170,7.5,-105,-115,104,-115,1.5,-165,7.5,-112,-108,100,-122,0.5,-102,7.5,-105,-115,104,-115,1.5,-165,7.5,-109,-105,105,-115,1.5,-165,7.5,-105,-115,87,-121,7.5,13
2026-03-24T22:05:09Z,manual,2026-03-24,2026-03-27T00:30:00Z,a6a0dde319f89b70eb1cf1e004b81fe6,Los Angeles Dodgers,Arizona Diamondbacks,-245,200,-1.5,-118,8.5,-115,-105,-268,213,-1.5,-123,8.5,-119,-102,-225,185,-1.5,-120,9.0,-115,-105,-267,215,-1.5,-120,8.5,-115,-105,-245,190,-1.5,-110,8.5,-121,-104,-260,210,-1.5,-125,8.5,-120,100,-240,190,-1.5,-110,8.5,-121,-104,-250,210,-1.5,-120,8.5,-115,-105,,,,,,,,-265,215,-1.5,-120,8.5,-115,-105,-250,223,-1.5,-125,8.5,-120,100,-256,203,-1.5,-123,8.5,-118,-104,-250,223,-1.5,-122,8.5,-118,103,-250,214,-1.5,-125,8.5,-115,-105,-252,207,8.8,13
2026-03-24T22:05:09Z,manual,2026-03-24,2026-03-27T02:10:00Z,5c8789e78ef558dfaf6b887deacec21c,Seattle Mariners,Cleveland Guardians,-180,152,-1.5,132,6.5,-115,-105,-177,144,-1.5,128,6.5,-123,101,-165,140,-1.5,135,6.5,-120,100,-170,143,-1.5,135,6.5,-120,100,-175,138,-1.5,138,6.5,-120,-105,-170,140,-1.5,130,6.5,-120,100,-167,138,-1.5,138,6.5,-120,-105,-175,150,-1.5,140,6.5,-120,100,,,,,,,,-182,150,-1.5,135,6.5,-120,100,-165,149,-1.5,133,6.5,-125,105,-175,142,-1.5,130,6.5,-120,-102,-165,149,-1.5,134,6.5,-123,107,-165,146,-1.5,135,6.5,-120,100,-172,145,6.5,13
2026-03-24T22:05:09Z,manual,2026-03-24,2026-03-27T23:07:00Z,f827191f31f31298e4dd836d72eabdbc,Toronto Blue Jays,Athletics,-164,138,,,,,,-182,149,,,,,,-190,155,-1.5,105,9.5,-115,-105,,,,,,,,-175,140,,,,,,,,,,,,,-175,140,,,,,,-175,150,-1.5,125,9.5,-115,-105,,,,,,,,-186,154,,,,,,,,,,,,,,,,,,,,,,,,,,,,,,,,,,-178,147,9.5,7
2026-03-24T22:05:09Z,manual,2026-03-24,2026-03-27T23:10:00Z,45eec2b395c23c0449b2d9ee928b3f8d,Miami Marlins,Colorado Rockies,-172,144,,,,,,-177,144,,,,,,-165,140,-1.5,125,8.5,-105,-115,,,,,,,,-177,140,,,,,,-170,140,,,,,,-177,143,,,,,,,,,,,,,,,,,,,,,,,,,,,,,,,,,,,,,,,,,,,,,,,,,,,,,,,-173,142,8.5,6
2026-03-24T22:05:09Z,manual,2026-03-24,2026-03-27T23:15:00Z,88ab453feed0e220f331817b3aec9b00,Atlanta Braves,Kansas City Royals,-144,122,,,,,,-152,125,,,,,,-150,125,-1.5,140,8.0,-115,-105,,,,,,,,-155,123,,,,,,-145,120,,,,,,-152,125,,,,,,,,,,,,,,,,,,,,-150,126,,,,,,,,,,,,,,,,,,,,,,,,,,,,,,,,,,-150,124,8.0,7
2026-03-25T22:59:42Z,manual,2026-03-25,2026-03-26T00:05:00Z,482db144520650cd646a5e4778c1fc02,San Francisco Giants,New York Yankees,104,-122,1.5,-176,7.0,-115,-105,102,-122,1.5,-181,7.0,-118,-102,110,-120,1.5,-175,7.0,-115,-105,105,-125,1.5,-170,7.0,-115,-105,-103,-122,1.5,-182,7.0,-113,-110,100,-120,1.5,-180,7.0,-115,-105,100,-121,1.5,-182,7.0,-112,-108,108,-118,1.5,-175,7.5,115,-135,,,,,,,,104,-124,1.5,-180,7.0,-120,100,106,-117,1.5,-180,7.0,-115,-105,102,-119,1.5,-183,7.0,-114,-108,106,-117,1.5,-180,7.0,-113,-102,107,-117,1.5,-170,7.0,-120,100,89,-120,7.2,13
2026-03-25T22:59:42Z,manual,2026-03-25,2026-03-26T17:15:00Z,7dc467f8d7fca948c9e9ca103825d968,New York Mets,Pittsburgh Pirates,-116,-102,1.5,-220,6.5,-122,100,-118,-102,1.5,-204,6.5,-122,102,-120,100,1.5,-210,6.5,-120,100,-120,100,-1.5,185,6.5,-120,100,-127,102,1.5,-240,7.0,-103,-121,-120,100,1.5,-220,6.5,-125,105,-125,102,1.5,-240,7.0,-103,-121,-125,105,-1.5,175,6.5,-125,105,,,,,,,,-117,-103,-1.5,190,7.0,105,-125,-114,104,-1.5,183,7.0,100,-120,-119,102,1.5,-217,6.5,-120,-101,-114,104,-1.5,185,7.0,103,-118,-114,104,-1.5,184,6.5,-120,100,-119,55,6.8,13
2026-03-25T22:59:42Z,manual,2026-03-25,2026-03-26T18:10:00Z,afb66747c7f054c593a2674b7b304b4e,Milwaukee Brewers,Chicago White Sox,-184,154,-1.5,116,8.0,-105,-115,-186,153,-1.5,113,8.0,-112,-108,-185,155,-1.5,115,8.0,-115,-105,-190,158,-1.5,115,8.0,-110,-110,-195,155,-1.5,120,8.0,-110,-113,-180,150,-1.5,115,8.0,-110,-110,-195,155,-1.5,120,8.0,-110,-113,-185,155,-1.5,120,7.5,-130,110,,,,,,,,-190,156,-1.5,115,8.0,-105,-115,-175,158,-1.5,115,8.0,-107,-113,-185,155,-1.5,110,8.0,-115,-106,-175,158,-1.5,118,8.0,-104,-110,-175,154,-1.5,115,8.0,-115,-105,-185,155,7.8,13
2026-03-25T22:59:42Z,manual,2026-03-25,2026-03-26T18:20:00Z,4de2590a17bdf6f8b4a906f4c63162c0,Chicago Cubs,Washington Nationals,-220,184,-1.5,-102,8.0,-105,-115,-226,184,-1.5,-108,8.0,-105,-115,-225,185,-1.5,-110,8.0,-105,-115,-225,185,-1.5,-110,8.0,100,-120,-230,180,-1.5,100,8.0,-115,-108,-220,180,-1.5,-110,8.0,-105,-115,-230,185,-1.5,100,8.0,-115,-108,-225,190,-1.5,-110,8.5,105,-125,,,,,,,,-220,180,,,,,,-206,185,-1.5,-110,8.0,-113,-107,-222,185,-1.5,-106,8.0,-103,-119,-206,185,-1.5,-107,8.0,-110,-104,-220,190,-1.5,-115,8.0,-105,-115,-221,184,8.2,13
2026-03-25T22:59:42Z,manual,2026-03-25,2026-03-26T19:05:00Z,c52d19ac74eb2f89bfb7bc284970d655,Baltimore Orioles,Minnesota Twins,-134,116,-1.5,155,8.5,-102,-120,-143,119,-1.5,149,8.0,-115,-105,-140,118,,,8.0,-120,100,-140,118,-1.5,150,8.0,-115,-105,-143,116,-1.5,145,8.5,-106,-118,-140,115,-1.5,150,8.0,-115,-105,-143,118,-1.5,145,8.5,-106,-118,-140,120,-1.5,145,8.5,100,-120,,,,,,,,-142,119,-1.5,150,8.5,100,-120,-135,122,-1.5,153,8.0,-120,100,-141,120,-1.5,146,8.0,-112,-109,-135,122,-1.5,154,8.0,-118,103,-135,122,-1.5,152,8.0,-115,-105,-139,119,8.2,13
2026-03-25T22:59:42Z,manual,2026-03-25,2026-03-26T20:10:00Z,3954fca33e068341fbcf893afefbc2e6,Cincinnati Reds,Boston Red Sox,134,-158,1.5,-132,8.0,-108,-112,129,-156,1.5,-131,8.0,-118,-102,135,-160,1.5,-130,8.0,-120,100,135,-160,1.5,-130,8.0,-120,100,130,-162,1.5,-130,8.0,-113,-110,130,-155,1.5,-130,8.0,-115,-105,132,-162,1.5,-130,8.0,-113,-110,135,-155,1.5,-130,8.5,105,-125,,,,,,,,133,-159,1.5,-125,8.0,-120,100,136,-150,1.5,-128,8.0,-120,100,133,-156,1.5,-128,8.0,-115,-106,136,-150,1.5,-126,8.0,-118,103,134,-150,1.5,-130,8.0,-115,-105,133,-156,8.2,13
2026-03-25T22:59:42Z,manual,2026-03-25,2026-03-26T20:10:00Z,ded68cb95818777b5dd185d53a79acff,San Diego Padres,Detroit Tigers,110,-130,1.5,-170,7.0,-110,-110,109,-131,1.5,-156,7.0,-108,-112,110,-130,1.5,-150,7.0,-110,-110,110,-130,1.5,-155,7.0,-110,-110,112,-139,1.5,-159,7.0,-114,-109,110,-130,1.5,-155,7.0,-115,-105,114,-137,1.5,-159,7.0,-114,-109,110,-130,1.5,-155,7.5,120,-145,,,,,,,,113,-135,1.5,-160,7.0,-105,-115,115,-127,1.5,-155,7.0,-110,-110,111,-130,1.5,-161,7.0,-111,-110,115,-127,1.5,-154,7.0,-107,-107,116,-127,1.5,-155,7.0,-110,-110,112,-131,7.2,13
2026-03-25T22:59:42Z,manual,2026-03-25,2026-03-26T20:10:00Z,938a5275d47936ba93f9663f6415f344,Houston Astros,Los Angeles Angels,-190,160,-1.5,114,8.0,-115,-105,-181,149,-1.5,113,8.0,-112,-108,-185,150,-1.5,110,8.0,-115,-105,-178,150,-1.5,115,8.0,-115,-105,-190,150,-1.5,116,8.5,-106,-118,-180,150,-1.5,115,8.0,-115,-105,-186,150,-1.5,116,8.5,-106,-118,-185,155,-1.5,115,8.5,105,-125,,,,,,,,-175,144,-1.5,125,8.0,100,-120,-172,155,-1.5,115,8.0,-107,-113,-179,151,-1.5,116,8.0,-112,-109,-172,155,-1.5,118,8.0,-104,-110,-172,152,-1.5,115,8.0,-115,-105,-180,152,8.2,13
2026-03-25T22:59:42Z,manual,2026-03-25,2026-03-26T20:15:00Z,ac57f6f9aed299cfeb9551b910fa7248,Philadelphia Phillies,Texas Rangers,-148,126,-1.5,142,7.5,-115,-105,-163,135,-1.5,139,8.0,-105,-115,-155,130,-1.5,140,8.0,-105,-115,-160,135,-1.5,140,8.0,-105,-115,-155,125,-1.5,150,8.0,-109,-114,-155,130,-1.5,145,8.0,-105,-115,-152,125,-1.5,150,8.0,-109,-114,-155,135,-1.5,145,7.5,-120,100,,,,,,,,-157,131,-1.5,140,8.0,-105,-115,-150,136,-1.5,140,8.0,-105,-115,-154,131,-1.5,132,7.5,-116,-105,-150,136,-1.5,141,8.0,-102,-113,-150,134,-1.5,140,8.0,-105,-115,-154,131,7.8,13
2026-03-25T22:59:42Z,manual,2026-03-25,2026-03-26T20:15:00Z,cfdeb0596b2f626db8901c8a4dc5ea7c,St. Louis Cardinals,Tampa Bay Rays,106,-124,1.5,-178,7.5,-118,-104,104,-126,1.5,-168,7.5,-108,-112,105,-125,1.5,-175,7.5,-105,-115,105,-125,1.5,-170,7.5,-110,-110,108,-134,1.5,-162,7.5,-115,-107,105,-125,1.5,-165,7.5,-110,-110,110,-132,1.5,-162,7.5,-115,-107,105,-125,1.5,-175,7.5,-110,-110,,,,,,,,106,-126,1.5,-165,7.5,-110,-110,110,-121,1.5,-160,7.5,-115,-105,104,-122,1.5,-169,7.5,-106,-115,110,-121,1.5,-160,7.5,-113,-102,110,-121,1.5,-160,7.5,-105,-115,107,-125,7.5,13
2026-03-25T22:59:42Z,manual,2026-03-25,2026-03-27T00:30:00Z,a6a0dde319f89b70eb1cf1e004b81fe6,Los Angeles Dodgers,Arizona Diamondbacks,-245,200,-1.5,-118,9.0,-105,-115,-259,209,-1.5,-126,9.0,-102,-118,-250,200,-1.5,-125,9.0,-105,-115,-260,210,-1.5,-125,9.0,-105,-115,-275,210,-1.5,-118,8.5,-124,100,-255,205,-1.5,-125,9.0,100,-120,-265,210,-1.5,-118,8.5,-124,100,-250,210,-1.5,-130,9.5,125,-155,,,,,,,,-250,205,-1.5,-120,9.0,100,-120,-240,214,-1.5,-125,9.0,-103,-117,-256,212,-1.5,-120,9.0,-106,-115,-240,214,-1.5,-122,9.0,100,-115,-240,206,-1.5,-125,9.0,-105,-115,-253,208,9.0,13
2026-03-25T22:59:42Z,manual,2026-03-25,2026-03-27T02:10:00Z,5c8789e78ef558dfaf6b887deacec21c,Seattle Mariners,Cleveland Guardians,-180,152,-1.5,126,6.5,-115,-105,-193,159,-1.5,123,6.5,-122,102,-185,155,-1.5,130,6.5,-120,100,-190,158,-1.5,122,6.5,-120,100,-175,138,-1.5,138,6.5,-108,-115,-190,155,-1.5,130,6.5,-120,100,-167,138,-1.5,138,6.5,-108,-115,-190,160,-1.5,130,6.5,-120,100,,,,,,,,-182,150,-1.5,135,6.5,-120,100,-179,161,-1.5,128,6.5,-125,105,-189,159,-1.5,120,6.5,-120,-101,-179,161,-1.5,130,6.5,-123,107,-180,158,-1.5,130,6.5,-120,100,-183,154,6.5,13
2026-03-25T22:59:42Z,manual,2026-03-25,2026-03-27T23:07:00Z,f827191f31f31298e4dd836d72eabdbc,Toronto Blue Jays,Athletics,-164,138,-1.5,134,8.5,-105,-115,-175,144,-1.5,125,9.0,-112,-108,-175,145,-1.5,125,8.5,-120,100,-170,143,-1.5,122,8.5,-120,100,-175,140,,,,,,-175,145,-1.5,120,9.0,-110,-110,-175,140,,,,,,-165,140,-1.5,125,8.5,-115,-105,,,,,,,,-172,142,-1.5,125,9.0,-110,-110,,,,,,,,-175,147,-1.5,110,9.0,-109,-112,,,,,,,,,,,,,,,-172,142,8.8,10
2026-03-25T22:59:42Z,manual,2026-03-25,2026-03-27T23:10:00Z,45eec2b395c23c0449b2d9ee928b3f8d,Miami Marlins,Colorado Rockies,-172,144,-1.5,134,7.5,-115,-105,-185,152,-1.5,123,7.0,-118,-102,-175,145,-1.5,125,7.5,-110,-110,-178,150,-1.5,118,7.0,-120,100,-177,140,,,,,,-175,145,-1.5,120,7.5,-105,-115,-177,143,,,,,,-170,145,,,,,,,,,,,,,,,,,,,,,,,,,,,-179,152,-1.5,115,7.0,-120,-101,,,,,,,,,,,,,,,-176,146,7.2,9
2026-03-25T22:59:42Z,manual,2026-03-25,2026-03-27T23:15:00Z,88ab453feed0e220f331817b3aec9b00,Atlanta Braves,Kansas City Royals,-144,122,-1.5,146,7.0,-115,-105,-151,125,-1.5,149,7.0,-118,-102,-150,125,-1.5,150,7.0,-120,100,-145,122,-1.5,150,7.0,-120,100,-155,123,,,,,,-145,120,-1.5,145,7.0,-115,-105,-152,125,,,,,,-145,125,,,,,,,,,,,,,-149,125,-1.5,150,7.0,-115,-105,,,,,,,,-152,129,-1.5,131,7.0,-127,104,,,,,,,,,,,,,,,-149,124,7.0,10
2026-03-26T21:56:16Z,evening,2026-03-26,2026-03-26T20:10:00Z,3954fca33e068341fbcf893afefbc2e6,Cincinnati Reds,Boston Red Sox,186,-245,1.5,-240,3.5,108,-144,199,-270,1.5,-249,3.5,121,-159,210,-275,1.5,-210,3.5,140,-180,230,-300,1.5,-170,3.5,100,-130,190,-278,1.0,-114,3.0,-132,-107,210,-285,1.5,-235,3.5,140,-185,205,-265,1.5,-265,3.0,-125,-103,200,-280,1.5,-230,3.5,120,-155,,,,,,,,275,-400,1.5,-125,3.5,-115,-115,,,,,,,,260,-333,1.5,-154,3.5,100,-143,,,,,,,,,,,,,,,216,-293,3.2,10
2026-03-26T21:56:16Z,evening,2026-03-26,2026-03-26T20:10:00Z,938a5275d47936ba93f9663f6415f344,Houston Astros,Los Angeles Angels,-180,140,-1.5,194,3.5,108,-144,-194,147,-1.5,185,3.5,109,-141,-200,155,-1.5,210,3.5,110,-140,-150,120,-1.5,230,3.5,-105,-125,-190,138,-1.0,112,3.5,105,-148,-170,130,-1.5,200,3.5,120,-160,-175,135,-1.5,225,3.5,104,-134,-190,140,-1.5,200,3.5,100,-130,,,,,,,,-175,135,-1.0,120,3.5,105,-135,,,,,,,,-143,115,-1.5,215,3.5,-125,-118,,,,,,,,,,,,,,,-177,136,3.5,10
2026-03-26T21:56:16Z,evening,2026-03-26,2026-03-26T20:12:17Z,ded68cb95818777b5dd185d53a79acff,San Diego Padres,Detroit Tigers,,,7.5,-198,11.5,116,-154,,,7.5,-185,11.5,116,-151,3300,-10000,7.5,-180,11.5,120,-155,,,6.5,135,11.5,-105,-125,,,7.0,-107,11.0,-134,-106,,,7.5,-180,,,,,,7.0,-103,11.0,-129,100,,,6.5,130,11.5,110,-145,,,,,,,,,,7.0,-135,11.5,-110,-120,,,,,,,,,,6.5,100,12.0,-105,-133,,,,,,,,,,,,,,,3300,-10000,11.5,10
2026-03-26T21:56:16Z,evening,2026-03-26,2026-03-26T20:16:23Z,ac57f6f9aed299cfeb9551b910fa7248,Philadelphia Phillies,Texas Rangers,-50000,3000,-5.5,100,7.5,-128,-104,,,-5.5,104,7.5,-103,-126,-10000,3300,-5.5,-105,7.5,-120,-105,-15000,2500,-5.5,105,7.5,-105,-125,,,-5.5,104,7.5,-134,-106,-10000,2500,-5.5,100,7.5,-125,-105,,,-5.5,108,7.5,-129,100,,,-5.5,110,7.5,-130,100,,,,,,,,,,-5.5,110,7.5,-125,-105,,,,,,,,,,-5.5,100,7.5,-133,-111,,,,,,,,,,,,,,,-21250,2825,7.5,10
2026-03-26T21:56:16Z,evening,2026-03-26,2026-03-26T20:18:21Z,cfdeb0596b2f626db8901c8a4dc5ea7c,St. Louis Cardinals,Tampa Bay Rays,450,-720,2.5,-120,7.5,-118,-112,444,-750,2.5,-104,7.5,-121,-107,450,-650,2.5,-105,7.5,-110,-118,420,-650,2.5,-135,7.5,115,-145,425,-770,2.5,-114,7.5,-122,-114,440,-700,2.5,105,7.5,-125,-105,475,-715,1.5,205,7.5,-117,-109,450,-900,2.5,-115,7.5,-120,-110,,,,,,,,475,-800,2.5,-115,7.5,-120,-110,,,,,,,,380,-556,2.5,-143,7.5,-111,-133,,,,,,,,,,,,,,,441,-721,7.5,10
2026-03-26T21:56:16Z,evening,2026-03-26,2026-03-27T00:30:00Z,a6a0dde319f89b70eb1cf1e004b81fe6,Los Angeles Dodgers,Arizona Diamondbacks,-260,215,-1.5,-132,9.0,-104,-118,-271,218,-1.5,-131,9.0,-108,-112,-275,220,-1.5,-130,9.0,-102,-118,-267,215,-1.5,-130,9.0,-105,-115,-278,215,-1.5,-120,8.5,-124,100,-275,220,-1.5,-130,9.0,-105,-115,-275,215,-1.5,-120,8.5,-122,100,-270,220,-1.5,-130,8.5,-125,105,,,,,,,,-270,220,-1.5,-130,9.0,-110,-110,-258,230,-1.5,-130,9.0,-105,-115,-270,220,-1.5,-130,9.0,-106,-115,-258,230,-1.5,-128,9.0,-102,-113,-260,222,-1.5,-130,9.0,-105,-115,-268,220,8.8,13
2026-03-26T21:56:16Z,evening,2026-03-26,2026-03-27T02:10:00Z,5c8789e78ef558dfaf6b887deacec21c,Seattle Mariners,Cleveland Guardians,-188,158,-1.5,125,6.5,-122,100,-186,153,-1.5,123,7.0,104,-126,-185,155,-1.5,130,6.5,-120,100,-190,158,-1.5,122,6.5,-120,100,-190,150,-1.5,125,6.5,-122,-103,-190,155,-1.5,130,6.5,-125,105,-186,150,-1.5,128,6.5,-120,100,-190,160,-1.5,130,6.5,-120,100,,,,,,,,-186,154,-1.5,130,6.5,-120,100,-177,160,-1.5,128,7.0,100,-120,-185,155,-1.5,120,6.5,-122,-101,-177,160,-1.5,130,7.0,103,-118,-178,157,-1.5,130,6.5,-120,100,-185,156,6.8,13
2026-03-26T21:56:16Z,evening,2026-03-26,2026-03-27T20:36:00Z,487285d7a2811bab184f43dff7b4f563,San Francisco Giants,New York Yankees,104,-122,1.5,-172,7.5,-122,100,109,-131,1.5,-156,7.5,-112,-108,110,-130,1.5,-160,7.5,-115,-105,110,-130,1.5,-160,7.5,-115,-105,104,-129,1.5,-162,8.0,-105,-120,110,-130,1.5,-155,7.5,-110,-110,104,-125,1.5,-162,8.0,-105,-120,110,-130,1.5,-165,7.5,-115,-105,,,,,,,,,,,,,,,113,-125,1.5,-155,7.5,-115,-105,110,-130,1.5,-159,7.5,-115,-106,113,-125,1.5,-154,7.5,-113,-102,114,-125,1.5,-160,7.5,-115,-105,109,-128,7.8,12
2026-03-26T21:56:16Z,evening,2026-03-26,2026-03-27T23:07:00Z,f827191f31f31298e4dd836d72eabdbc,Toronto Blue Jays,Athletics,-164,138,-1.5,134,8.5,-110,-110,-163,135,-1.5,123,8.5,-118,-102,-165,140,-1.5,125,8.5,-120,100,-165,140,-1.5,122,8.5,-120,100,-167,133,-1.5,132,8.5,-112,-112,-170,140,-1.5,130,8.5,-110,-110,-165,135,-1.5,132,8.5,-112,-112,-155,135,-1.5,125,8.5,-120,100,,,,,,,,-168,140,-1.5,130,8.5,-115,-105,-161,146,-1.5,122,8.5,-112,-108,-161,137,-1.5,120,8.5,-119,-103,-161,146,-1.5,124,8.5,-109,-105,-161,143,-1.5,120,8.5,-110,-110,-164,139,8.5,13
2026-03-26T21:56:16Z,evening,2026-03-26,2026-03-27T23:10:00Z,45eec2b395c23c0449b2d9ee928b3f8d,Miami Marlins,Colorado Rockies,-196,164,-1.5,116,7.5,-110,-110,-199,163,-1.5,113,7.5,100,-120,-190,155,-1.5,110,7.5,100,-120,-195,162,-1.5,110,7.5,100,-120,-200,155,-1.5,123,7.5,-118,-106,-195,160,-1.5,110,7.5,-105,-115,-195,155,-1.5,123,7.5,-118,-106,-195,165,-1.5,120,7.5,100,-120,,,,,,,,-195,160,-1.5,120,7.5,100,-120,-187,169,-1.5,110,7.5,-105,-115,-196,164,-1.5,105,7.5,-103,-119,-187,169,-1.5,113,7.5,-102,-113,-187,164,-1.5,110,7.5,-105,-115,-194,162,7.5,13
2026-03-26T21:56:16Z,evening,2026-03-26,2026-03-27T23:15:00Z,88ab453feed0e220f331817b3aec9b00,Atlanta Braves,Kansas City Royals,-144,122,-1.5,146,7.5,100,-122,-143,119,-1.5,149,7.0,-122,102,-140,120,-1.5,150,7.0,-120,100,-140,118,-1.5,150,7.0,-120,100,-152,123,-1.5,155,7.0,-122,-103,-145,120,-1.5,150,7.5,105,-125,-150,123,-1.5,155,7.0,-122,-103,-140,120,-1.5,145,6.5,-155,125,,,,,,,,-147,123,-1.5,155,7.5,105,-125,-137,124,-1.5,153,7.0,-128,108,-141,120,-1.5,144,7.0,-123,101,-137,124,-1.5,154,7.0,-126,110,-137,124,-1.5,152,7.5,105,-125,-143,122,7.0,13
2026-03-26T21:56:16Z,evening,2026-03-26,2026-03-28T00:16:00Z,3a7909f4e2e9f0bedff35e657a6b5cbe,Houston Astros,Los Angeles Angels,-168,142,-1.5,134,8.5,-110,-110,-163,135,-1.5,135,8.5,-115,-105,-165,140,-1.5,135,8.5,-110,-110,-165,140,-1.5,135,8.5,-115,-105,-167,135,-1.5,130,8.5,-113,-110,-165,135,-1.5,125,8.5,-110,-110,-165,135,-1.5,130,8.5,-113,-110,-165,140,-1.5,140,8.5,-110,-110,,,,,,,,,,,,,,,-158,143,,,8.5,-115,-105,,,,,,,,-158,143,,,8.5,-113,-102,,,,,,,,-164,139,8.5,10
2026-03-26T21:56:16Z,evening,2026-03-26,2026-03-28T01:41:00Z,5a803a22e56c7ecf1ff614f2cd9124c3,San Diego Padres,Detroit Tigers,-118,100,1.5,-220,7.5,102,-124,-118,-102,1.5,-195,7.0,-115,-105,-115,-105,1.5,-210,7.0,-115,-105,-115,-105,1.5,-195,7.0,-115,-105,-121,-104,1.5,-230,7.5,100,-124,-120,100,1.5,-200,7.0,-115,-105,-120,-103,1.5,-230,7.5,100,-124,-120,100,-1.5,160,7.5,105,-125,,,,,,,,,,,,,,,-110,100,,,7.0,-114,-106,,,,,,,,-110,100,,,7.0,-112,-103,,,,,,,,-117,-2,7.2,10
2026-03-26T21:56:16Z,evening,2026-03-26,2026-03-28T01:46:00Z,dc68cc35f657fa8af1c2f9310055cb33,Seattle Mariners,Cleveland Guardians,-180,152,-1.5,126,7.0,-115,-105,-171,141,-1.5,129,7.5,102,-122,-165,140,-1.5,130,7.5,100,-120,-165,140,-1.5,135,7.5,100,-120,-177,140,-1.5,132,7.0,-120,-104,-170,140,-1.5,125,7.5,105,-125,-175,143,-1.5,132,7.0,-120,-104,-170,145,-1.5,135,7.5,100,-120,,,,,,,,,,,,,,,-158,143,,,7.5,103,-123,,,,,,,,-158,143,,,7.5,106,-121,,,,,,,,-169,143,7.2,10
2026-03-26T21:56:16Z,evening,2026-03-26,2026-03-28T02:11:00Z,964bf73d6e6a9d5e87ffb96d1703af2e,Los Angeles Dodgers,Arizona Diamondbacks,-220,184,-1.5,-102,8.5,-118,-104,-207,169,-1.5,-115,8.5,-110,-110,-200,165,-1.5,105,8.5,-115,-105,-205,170,-1.5,-110,8.5,-110,-110,-225,175,-1.5,100,8.5,-121,-103,-200,165,-1.5,100,8.5,-115,-105,-220,175,-1.5,100,8.5,-121,-103,-215,180,-1.5,-105,8.5,-120,100,,,,,,,,,,,,,,,,,,,,,,,,,,,,,,,,,,,,,,,,,,,-212,173,8.5,8
2026-03-27T22:00:54Z,manual,2026-03-27,2026-03-27T20:36:00Z,487285d7a2811bab184f43dff7b4f563,San Francisco Giants,New York Yankees,150,-194,1.5,-174,3.5,-140,106,159,-212,1.5,-133,4.5,100,-130,165,-210,1.5,-150,4.5,100,-130,215,-280,1.5,-105,4.5,-120,-110,155,-220,1.0,105,4.0,-122,-115,155,-205,1.5,-160,4.5,105,-140,163,-210,1.5,-143,4.0,-117,-110,150,-200,1.5,-160,,,,,,,,,,,110,-145,1.0,-145,3.5,-120,-110,,,,,,,,175,-222,1.5,-133,4.5,-111,-143,,,,,,,,,,,,,,,160,-210,4.0,10
2026-03-27T22:00:54Z,manual,2026-03-27,2026-03-27T23:07:00Z,f827191f31f31298e4dd836d72eabdbc,Toronto Blue Jays,Athletics,-172,144,-1.5,115,8.5,-118,-104,-181,149,-1.5,113,8.5,-120,100,-175,145,-1.5,115,8.5,-120,100,-178,150,-1.5,110,8.5,-120,100,-195,150,-1.5,116,8.5,-122,-103,-175,145,-1.5,115,8.5,-120,100,-190,150,-1.5,117,8.5,-121,100,-172,154,-1.5,120,8.5,-115,-105,,,,,,,,-179,147,-1.5,115,8.5,-120,100,-171,154,-1.5,120,8.5,-120,100,-179,150,-1.5,114,8.5,-119,-103,-171,154,-1.5,122,8.5,-118,103,-170,150,-1.5,120,8.5,-120,100,-178,149,8.5,13
2026-03-27T22:00:54Z,manual,2026-03-27,2026-03-27T23:10:00Z,45eec2b395c23c0449b2d9ee928b3f8d,Miami Marlins,Colorado Rockies,-196,164,-1.5,114,7.5,-124,102,-199,163,-1.5,109,8.0,-105,-115,-190,155,-1.5,110,8.0,100,-120,-195,162,-1.5,110,8.0,-105,-115,-205,163,-1.5,116,7.5,-121,-103,-195,160,-1.5,115,8.0,-105,-115,-200,163,-1.5,117,7.5,-120,-103,-195,165,-1.5,110,7.5,-125,105,,,,,,,,-190,156,-1.5,115,8.0,-105,-115,-186,168,-1.5,113,8.0,-104,-116,-196,165,-1.5,110,8.0,-103,-119,-186,168,-1.5,116,8.0,-101,-114,-190,166,-1.5,115,8.0,-105,-115,-194,163,7.8,13
2026-03-27T22:00:54Z,manual,2026-03-27,2026-03-27T23:15:00Z,88ab453feed0e220f331817b3aec9b00,Atlanta Braves,Kansas City Royals,-138,118,-1.5,152,7.5,-112,-108,-143,119,-1.5,153,7.5,-115,-105,-145,120,-1.5,154,7.5,-115,-105,-140,118,-1.5,158,7.5,-120,100,-157,123,-1.5,148,7.5,-115,-108,-140,115,-1.5,150,7.5,-115,-105,-155,123,-1.5,150,7.5,-114,-106,-140,120,-1.5,160,7.5,-115,-105,,,,,,,,-135,113,-1.5,155,7.5,-120,100,-135,122,-1.5,157,7.5,-115,-105,-141,120,-1.5,149,7.5,-115,-106,-135,122,-1.5,158,7.5,-113,-102,-135,122,-1.5,164,7.5,-115,-105,-141,120,7.5,13
2026-03-27T22:00:54Z,manual,2026-03-27,2026-03-28T00:16:00Z,3a7909f4e2e9f0bedff35e657a6b5cbe,Houston Astros,Los Angeles Angels,-172,144,-1.5,122,8.5,-118,-104,-169,140,-1.5,117,8.5,-118,-102,-160,145,-1.5,130,8.5,-120,100,-170,143,-1.5,115,9.0,100,-120,-182,145,-1.5,120,8.5,-115,-107,-175,145,-1.5,120,8.5,-120,100,-180,145,-1.5,123,8.5,-114,-106,-170,145,-1.5,125,8.5,-115,-105,,,,,,,,-177,145,-1.5,125,9.0,100,-120,-165,149,-1.5,115,9.0,100,-120,-172,145,-1.5,115,8.5,-122,100,-165,149,-1.5,118,9.0,103,-118,-165,146,-1.5,115,9.0,100,-120,-171,145,8.8,13
2026-03-27T22:00:54Z,manual,2026-03-27,2026-03-28T01:41:00Z,5a803a22e56c7ecf1ff614f2cd9124c3,San Diego Padres,Detroit Tigers,-130,110,-1.5,172,7.5,100,-122,-136,113,-1.5,163,7.5,-105,-115,-135,115,-1.5,170,7.5,-105,-115,-135,115,-1.5,162,7.5,-105,-115,-132,106,-1.5,175,7.5,100,-124,-140,115,-1.5,160,7.5,100,-120,-130,107,-1.5,175,7.5,102,-122,-135,115,-1.5,170,7.5,100,-120,,,,,,,,-135,113,-1.5,165,7.5,100,-120,-130,118,-1.5,165,7.5,-102,-118,-135,115,-1.5,155,7.5,-106,-115,-130,118,-1.5,166,7.5,101,-116,-130,118,-1.5,164,7.5,-105,-115,-133,114,7.5,13
2026-03-27T22:00:54Z,manual,2026-03-27,2026-03-28T01:46:00Z,dc68cc35f657fa8af1c2f9310055cb33,Seattle Mariners,Cleveland Guardians,-178,150,-1.5,126,7.0,-105,-115,-175,144,-1.5,123,7.0,-105,-115,-175,145,-1.5,140,7.0,-105,-115,-170,143,-1.5,130,7.0,100,-120,-175,138,-1.5,135,7.0,-105,-120,-170,140,-1.5,130,7.0,-105,-115,-175,140,-1.5,135,7.0,-104,-118,-170,145,-1.5,135,6.5,-135,115,,,,,,,,-172,142,-1.5,135,7.0,100,-120,-165,149,-1.5,125,7.0,-102,-118,-172,145,-1.5,128,7.0,-105,-116,-165,149,-1.5,127,7.0,101,-116,-166,147,-1.5,125,7.0,100,-120,-171,144,6.8,13
2026-03-27T22:00:54Z,manual,2026-03-27,2026-03-28T02:11:00Z,964bf73d6e6a9d5e87ffb96d1703af2e,Los Angeles Dodgers,Arizona Diamondbacks,-250,205,-1.5,-120,8.5,-120,-102,-252,203,-1.5,-126,8.5,-120,100,-250,200,-1.5,-125,8.5,-120,100,-260,210,-1.5,-125,8.5,-120,100,-275,205,-1.5,-118,8.5,-117,-107,-255,205,-1.5,-125,8.5,-120,100,-265,205,-1.5,-117,8.5,-115,-106,-250,210,-1.5,-125,8.5,-120,100,,,,,,,,-260,210,-1.5,-125,8.5,-125,105,-240,214,-1.5,-125,8.5,-120,100,-250,209,-1.5,-127,8.5,-119,-103,-240,214,-1.5,-122,8.5,-118,103,-240,206,-1.5,-125,8.5,-120,100,-253,207,8.5,13
2026-03-27T22:00:54Z,manual,2026-03-27,2026-03-28T18:15:00Z,7055a07016cd9cb5636dd11078ce1667,St. Louis Cardinals,Tampa Bay Rays,-116,-102,1.5,-210,7.5,100,-122,-112,-108,1.5,-207,7.5,100,-120,-110,-110,1.5,-210,7.5,-105,-115,-110,-110,1.5,-205,7.5,-105,-115,,,,,,,,-110,-110,1.5,-200,7.5,100,-120,,,,,,,,-115,-105,1.5,-200,7.5,100,-120,,,,,,,,,,,,,,,-105,-105,,,7.5,-105,-115,,,,,,,,-105,-105,,,7.5,-102,-113,-105,-105,,,7.5,-105,-115,-110,-107,7.5,9
2026-03-27T22:00:54Z,manual,2026-03-27,2026-03-28T18:20:00Z,70e647daf98ec717652b7a06c7a93e6e,Chicago Cubs,Washington Nationals,-225,188,-1.5,-105,9.5,-105,-115,-207,169,-1.5,-105,9.5,-110,-110,-210,170,-1.5,-105,9.5,-110,-110,-205,170,-1.5,-105,9.5,-110,-110,,,,,,,,-200,165,-1.5,-110,9.5,-110,-110,,,,,,,,-200,170,-1.5,-105,9.5,-105,-115,,,,,,,,,,,,,,,-195,175,,,9.5,-105,-115,,,,,,,,-195,175,,,9.5,-102,-113,-195,170,,,9.5,-105,-115,-204,172,9.5,9
2026-03-27T22:00:54Z,manual,2026-03-27,2026-03-28T19:07:00Z,16b3a35b258eb3bcae569dd205bfd706,Toronto Blue Jays,Athletics,-172,144,-1.5,122,8.5,-105,-115,-175,144,-1.5,123,8.5,-105,-115,-170,140,-1.5,125,8.5,-105,-115,-170,143,-1.5,122,8.5,-105,-115,,,,,,,,,,,,,,,,,,,,,,-170,145,-1.5,125,8.5,-105,-115,,,,,,,,,,,,,,,-164,148,,,8.5,-105,-115,,,,,,,,-164,148,,,8.5,-102,-113,,,,,,,,-169,145,8.5,7
2026-03-27T22:00:54Z,manual,2026-03-27,2026-03-28T20:05:00Z,e5bb185ad50b6e624fefc0480aed9633,Baltimore Orioles,Minnesota Twins,-156,132,-1.5,134,7.5,-122,100,-163,135,-1.5,149,7.5,-115,-105,-160,135,,,7.5,-120,100,-160,135,-1.5,150,7.5,-115,-105,,,,,,,,-165,135,-1.5,135,7.5,-115,-105,,,,,,,,-155,135,-1.5,140,7.5,-120,100,,,,,,,,,,,,,,,-155,140,,,8.0,105,-125,,,,,,,,-155,140,,,8.0,107,-123,-155,138,,,8.0,105,-125,-158,136,7.8,9
2026-03-27T22:00:54Z,manual,2026-03-27,2026-03-28T20:05:00Z,83fb92be857af525695a1086c6d0eaaf,Philadelphia Phillies,Texas Rangers,-110,-106,1.5,-210,7.5,100,-122,-120,100,1.5,-194,7.5,-108,-112,-120,100,1.5,-210,7.5,-118,-102,,,,,,,,,,,,,,,-120,100,1.5,-200,7.5,-110,-110,,,,,,,,-120,100,1.5,-215,7.5,100,-120,,,,,,,,,,,,,,,-119,108,,,8.0,105,-125,,,,,,,,-119,108,,,8.0,107,-123,-120,109,,,8.0,105,-125,-118,77,7.8,8
2026-03-27T22:00:54Z,manual,2026-03-27,2026-03-28T20:10:00Z,4e515c128a5ccbd9a666705e73a055ea,Cincinnati Reds,Boston Red Sox,118,-138,1.5,-160,7.5,-122,100,129,-156,1.5,-136,8.0,-112,-107,125,-150,1.5,-150,8.0,-120,100,130,-155,1.5,-135,8.5,105,-125,,,,,,,,130,-155,1.5,-145,8.0,-115,-105,,,,,,,,,,,,,,,,,,,,,,,,,,,,,136,-150,,,8.5,105,-125,,,,,,,,136,-150,,,8.5,107,-123,134,-150,,,8.5,105,-125,130,-150,8.0,8
2026-03-27T22:00:54Z,manual,2026-03-27,2026-03-28T20:10:00Z,93188dfe3185656f40aad93e25a4bead,New York Mets,Pittsburgh Pirates,-162,136,-1.5,134,7.5,-110,-110,-163,135,-1.5,139,8.0,-102,-118,-155,130,-1.5,135,8.0,-105,-115,-160,135,-1.5,140,8.0,-105,-115,,,,,,,,-165,135,-1.5,135,8.0,-105,-115,,,,,,,,-150,130,-1.5,140,8.5,115,-135,,,,,,,,,,,,,,,-153,139,,,8.0,-105,-115,,,,,,,,-153,139,,,8.0,-102,-113,-153,137,,,8.0,-105,-115,-157,135,8.0,9
2026-03-27T22:00:54Z,manual,2026-03-27,2026-03-28T20:11:00Z,1a825b96d509d162a93aedec56ed8927,Miami Marlins,Colorado Rockies,-188,158,-1.5,118,7.5,-110,-110,-193,159,-1.5,129,7.5,-110,-110,-185,154,-1.5,125,7.5,-115,-105,-190,158,-1.5,135,7.5,-115,-105,,,,,,,,-190,155,-1.5,120,7.5,-110,-110,,,,,,,,-190,160,-1.5,135,7.5,-110,-110,,,,,,,,,,,,,,,-180,162,,,7.5,-115,-105,,,,,,,,-180,162,,,7.5,-113,-102,,,,,,,,-187,158,7.5,8
2026-03-27T22:00:54Z,manual,2026-03-27,2026-03-28T23:10:00Z,2676d7ac3c89974581ba5cd216b0424f,Milwaukee Brewers,Chicago White Sox,-190,160,-1.5,114,8.0,-110,-110,-207,169,-1.5,113,8.0,-110,-110,-210,170,-1.5,115,8.0,-110,-110,,,,,,,,,,,,,,,-205,170,-1.5,105,7.5,-115,-105,,,,,,,,-195,165,-1.5,120,8.5,110,-130,,,,,,,,,,,,,,,-200,180,,,8.0,-105,-115,,,,,,,,-200,180,,,8.0,-102,-113,-200,174,,,8.0,-105,-115,-201,171,8.0,8
2026-03-27T22:00:54Z,manual,2026-03-27,2026-03-28T23:10:00Z,2262e13c280ca7610f5186dd2c77b23d,Houston Astros,Los Angeles Angels,-146,124,-1.5,146,8.5,-115,-105,-149,123,-1.5,153,8.5,-112,-108,-150,125,-1.5,150,8.5,-110,-110,-145,122,-1.5,150,8.5,-110,-110,,,,,,,,-150,125,-1.5,135,8.5,-110,-110,,,,,,,,-140,120,-1.5,160,8.5,-115,-105,,,,,,,,,,,,,,,-143,130,,,8.5,-110,-110,,,,,,,,-143,130,,,8.5,-107,-107,,,,,,,,-146,125,8.5,8
2026-03-27T22:00:54Z,manual,2026-03-27,2026-03-28T23:15:00Z,e0d4956a76de96648305fd7ef0d96800,Atlanta Braves,Kansas City Royals,-142,120,-1.5,155,8.5,100,-122,-149,123,-1.5,141,8.0,-119,-101,-145,120,-1.5,155,8.5,100,-120,,,,,,,,,,,,,,,-150,125,-1.5,140,8.0,-115,-105,,,,,,,,,,,,,,,,,,,,,,,,,,,,,-143,130,,,8.5,105,-125,,,,,,,,-143,130,,,8.5,107,-123,,,,,,,,-145,125,8.2,6
2026-03-27T22:00:54Z,manual,2026-03-27,2026-03-28T23:15:00Z,e4be161112d6550a383416acab9cc6cb,San Francisco Giants,New York Yankees,106,-124,1.5,-162,8.0,-115,-105,104,-126,1.5,-156,8.5,-102,-118,105,-125,1.5,-155,8.0,-115,-105,105,-125,1.5,-155,8.0,-115,-105,,,,,,,,105,-125,1.5,-155,8.0,-115,-105,,,,,,,,105,-125,1.5,-160,8.5,105,-125,,,,,,,,,,,,,,,107,-118,,,8.0,-117,-103,,,,,,,,107,-118,,,8.0,-115,100,108,-118,,,8.0,-115,-105,106,-123,8.2,9
2026-03-27T22:00:54Z,manual,2026-03-27,2026-03-29T00:40:00Z,0b1c8f9394e800658a0fd429a8685edd,San Diego Padres,Detroit Tigers,-102,-116,1.5,-176,8.5,100,-122,-102,-118,1.5,-181,8.5,-102,-118,100,-120,1.5,-175,8.5,-102,-118,100,-120,1.5,-170,8.5,100,-120,,,,,,,,100,-120,1.5,-170,8.0,-115,-105,,,,,,,,100,-120,1.5,-175,8.5,105,-125,,,,,,,,,,,,,,,103,-113,,,8.5,100,-120,,,,,,,,103,-113,,,8.5,103,-118,,,,,,,,50,-118,8.2,8
2026-03-27T22:00:54Z,manual,2026-03-27,2026-03-29T01:10:00Z,9f95aca01eff5725132691732b38a03e,Los Angeles Dodgers,Arizona Diamondbacks,-240,198,-1.5,-114,9.0,-102,-120,-240,194,-1.5,-110,8.5,-115,-105,-250,200,-1.5,-115,8.5,-115,-105,-250,205,-1.5,-110,8.5,-115,-105,,,,,,,,-240,195,-1.5,-110,8.5,-115,-105,,,,,,,,-240,200,-1.5,-115,8.5,-115,-105,,,,,,,,,,,,,,,-235,210,,,8.5,-110,-110,,,,,,,,-235,210,,,8.5,-107,-107,,,,,,,,-241,202,8.8,8
2026-03-27T22:00:54Z,manual,2026-03-27,2026-03-29T01:40:00Z,c016bc529dccaa041545262bfb133323,Seattle Mariners,Cleveland Guardians,-180,152,-1.5,128,7.0,-112,-108,-199,163,-1.5,113,7.0,-125,104,-190,155,-1.5,120,7.5,105,-125,-190,158,-1.5,115,7.5,105,-125,,,,,,,,-190,155,-1.5,115,7.5,100,-120,,,,,,,,-190,160,-1.5,130,7.5,115,-135,,,,,,,,,,,,,,,-178,161,,,7.5,103,-123,,,,,,,,-178,161,,,7.5,106,-121,,,,,,,,-187,158,7.2,8
2026-03-28T21:55:45Z,evening,2026-03-28,2026-03-28T19:08:00Z,16b3a35b258eb3bcae569dd205bfd706,Toronto Blue Jays,Athletics,158,-205,1.5,-550,12.5,-146,110,-106,-122,-1.5,297,13.5,139,-182,160,-200,1.5,-550,12.5,-135,105,105,-135,-1.5,380,13.5,135,-170,170,-240,1.0,-235,12.5,-127,-110,185,-250,1.5,-650,12.5,-110,-120,160,-205,1.0,-250,12.5,-134,105,160,-220,1.5,-600,,,,,,,,,,,105,-135,-1.5,375,13.0,-110,-120,,,,,,,,400,-625,2.5,-125,10.5,-111,-125,,,,,,,,,,,,,,,150,-234,12.4,10
2026-03-28T21:55:45Z,evening,2026-03-28,2026-03-28T20:05:18Z,e5bb185ad50b6e624fefc0480aed9633,Baltimore Orioles,Minnesota Twins,255,-350,1.5,114,7.5,104,-138,248,-348,1.5,118,7.5,112,-145,260,-350,1.5,120,7.5,115,-150,280,-380,1.5,125,7.5,105,-135,225,-345,1.5,104,7.5,-104,-136,265,-375,1.5,120,7.5,105,-140,245,-335,1.5,110,7.5,102,-130,260,-400,1.5,120,7.5,105,-140,,,,,,,,275,-400,2.0,-125,7.5,105,-135,,,,,,,,265,-400,1.5,115,7.5,-105,-133,,,,,,,,,,,,,,,258,-368,7.5,10
2026-03-28T21:55:45Z,evening,2026-03-28,2026-03-28T20:06:00Z,83fb92be857af525695a1086c6d0eaaf,Philadelphia Phillies,Texas Rangers,680,-1400,2.5,152,5.5,100,-132,590,-1140,2.5,134,5.5,115,-150,525,-800,2.5,110,5.5,105,-135,600,-1000,2.5,145,5.5,-110,-120,700,-2500,3.0,-118,5.5,-112,-127,660,-1200,2.5,115,5.5,-105,-125,850,-2000,1.5,320,5.5,102,-129,600,-1600,2.5,145,5.5,100,-130,,,,,,,,650,-1200,3.0,-125,5.5,100,-130,,,,,,,,675,-1250,2.5,140,5.0,-133,-105,,,,,,,,,,,,,,,653,-1409,5.2,10
2026-03-28T21:55:45Z,evening,2026-03-28,2026-03-28T20:10:50Z,4e515c128a5ccbd9a666705e73a055ea,Cincinnati Reds,Boston Red Sox,-440,310,-1.5,-154,11.5,116,-154,-388,285,-1.5,-139,11.5,110,-143,-425,300,-1.5,-135,11.5,130,-165,-450,320,-1.5,-145,10.5,-160,125,-590,350,-2.0,107,11.0,-114,-124,-525,350,-1.5,-165,10.5,-150,115,-500,350,-1.5,-143,11.0,-120,-107,-500,300,-1.5,-135,11.5,110,-145,,,,,,,,-600,375,-2.0,100,11.0,100,-130,,,,,,,,-455,320,-1.5,-143,11.0,-111,-125,,,,,,,,,,,,,,,-487,326,11.0,10
2026-03-28T21:55:45Z,evening,2026-03-28,2026-03-28T20:10:59Z,93188dfe3185656f40aad93e25a4bead,New York Mets,Pittsburgh Pirates,-245,186,-1.5,220,2.5,106,-140,-240,179,-1.5,256,2.5,104,-135,-225,180,-1.5,240,2.5,-110,-115,-210,165,-1.5,240,2.5,110,-140,-220,155,-1.0,118,2.5,102,-141,-245,180,-1.5,225,2.5,105,-140,-210,165,-1.5,265,2.5,106,-136,-240,170,-1.5,230,2.5,-110,-120,,,,,,,,-205,155,-1.5,300,2.0,-120,-110,,,,,,,,-182,140,-1.5,255,2.5,-133,-111,,,,,,,,,,,,,,,-222,168,2.2,10
2026-03-28T21:55:45Z,evening,2026-03-28,2026-03-28T20:12:00Z,1a825b96d509d162a93aedec56ed8927,Miami Marlins,Colorado Rockies,-184,142,-1.5,235,8.5,-146,110,-244,182,-1.5,174,8.5,-173,132,-250,195,-1.5,175,8.5,-180,140,-230,180,-1.5,175,8.5,-170,135,-186,138,-1.0,140,8.5,-155,108,-215,160,-1.5,205,8.5,-150,115,-225,170,-1.5,220,9.0,-104,-124,-240,170,-1.5,180,8.5,-190,140,,,,,,,,-205,155,-1.5,200,9.0,-110,-120,,,,,,,,-222,175,-1.5,170,9.0,-118,-111,,,,,,,,,,,,,,,-220,167,8.8,10
2026-03-28T21:55:45Z,evening,2026-03-28,2026-03-28T23:10:00Z,2676d7ac3c89974581ba5cd216b0424f,Milwaukee Brewers,Chicago White Sox,-198,166,-1.5,100,8.0,-115,-105,-199,163,-1.5,109,8.0,-115,-105,-200,165,-1.5,110,8.0,-115,-105,-195,162,-1.5,110,8.0,-115,-105,-205,160,-1.5,115,8.0,-113,-110,-200,165,-1.5,105,8.0,-110,-110,-200,160,-1.5,117,8.0,-110,-109,-190,160,-1.5,110,8.5,105,-125,,,,,,,,-204,167,-1.5,105,8.0,-105,-115,-186,168,-1.5,110,8.0,-110,-110,-196,164,-1.5,104,8.0,-115,-106,-186,168,-1.5,113,8.0,-107,-107,-190,166,-1.5,110,8.0,-110,-110,-196,164,8.2,13
2026-03-28T21:55:45Z,evening,2026-03-28,2026-03-28T23:10:00Z,2262e13c280ca7610f5186dd2c77b23d,Houston Astros,Los Angeles Angels,-138,118,-1.5,150,8.5,-122,100,-136,113,-1.5,144,8.5,-122,102,-135,115,-1.5,155,8.5,-120,100,-135,115,-1.5,143,8.5,-120,100,-157,125,-1.5,140,8.5,-125,100,-140,115,-1.5,145,8.5,-115,-105,-152,125,-1.5,143,8.5,-122,102,-135,115,-1.5,145,8.5,-125,105,,,,,,,,-135,113,-1.5,155,8.5,-120,100,-129,117,-1.5,149,8.5,-125,105,-137,117,-1.5,138,8.5,-120,-102,-129,117,-1.5,150,8.5,-123,107,-131,119,-1.5,148,8.5,-125,105,-138,117,8.5,13
2026-03-28T21:55:45Z,evening,2026-03-28,2026-03-28T23:15:00Z,e0d4956a76de96648305fd7ef0d96800,Atlanta Braves,Kansas City Royals,-144,122,-1.5,140,8.5,100,-122,-156,129,-1.5,139,8.5,-102,-118,-150,125,-1.5,140,8.5,-105,-115,-155,130,-1.5,140,8.5,-105,-115,-162,130,-1.5,140,8.5,-106,-118,-150,125,-1.5,140,8.0,-115,-105,-159,130,-1.5,143,8.5,-104,-117,-145,125,-1.5,140,8.5,100,-120,,,,,,,,-154,129,-1.5,140,8.0,-115,-105,-145,131,-1.5,145,8.5,-105,-115,-147,125,-1.5,136,8.0,-120,-102,-145,131,-1.5,146,8.5,-102,-113,-145,130,-1.5,144,8.5,-105,-115,-151,128,8.2,13
2026-03-28T21:55:45Z,evening,2026-03-28,2026-03-28T23:15:00Z,e4be161112d6550a383416acab9cc6cb,San Francisco Giants,New York Yankees,108,-126,1.5,-160,8.5,-108,-112,109,-131,1.5,-163,8.5,-105,-115,110,-130,1.5,-160,8.5,-105,-115,110,-130,1.5,-160,8.5,-105,-115,100,-124,1.5,-165,8.5,-110,-113,110,-130,1.5,-155,8.5,-105,-115,102,-122,1.5,-165,8.5,-108,-112,110,-130,1.5,-160,8.5,-105,-115,,,,,,,,110,-132,1.5,-150,8.5,-110,-110,114,-126,1.5,-155,8.5,-105,-115,109,-128,1.5,-159,8.5,-104,-118,114,-126,1.5,-154,8.5,-102,-113,113,-124,1.5,-155,8.5,-105,-115,109,-128,8.5,13
2026-03-28T21:55:45Z,evening,2026-03-28,2026-03-29T00:40:00Z,0b1c8f9394e800658a0fd429a8685edd,San Diego Padres,Detroit Tigers,-108,-108,1.5,-184,8.0,-118,-104,-112,-108,1.5,-181,8.0,-118,-102,-110,-110,1.5,-175,8.0,-115,-105,-110,-110,1.5,-178,8.5,100,-120,-109,-113,1.5,-186,8.0,-120,-104,-115,-105,1.5,-190,8.5,-105,-115,-108,-112,1.5,-186,8.0,-118,-103,-110,-110,1.5,-180,8.5,105,-125,,,,,,,,-116,-104,-1.5,180,8.5,-105,-115,-109,-101,1.5,-180,8.5,-103,-117,-110,-106,1.5,-185,8.0,-118,-104,-109,-101,1.5,-180,8.5,100,-115,-106,-104,1.5,-170,8.5,100,-120,-110,-107,8.2,13
2026-03-28T21:55:45Z,evening,2026-03-28,2026-03-29T01:10:00Z,9f95aca01eff5725132691732b38a03e,Los Angeles Dodgers,Arizona Diamondbacks,-240,198,-1.5,-114,9.0,-105,-115,-246,199,-1.5,-115,9.0,-102,-118,-250,200,-1.5,-118,9.0,-105,-115,-250,205,-1.5,-125,9.0,-105,-115,-250,195,-1.5,-112,9.0,100,-124,-245,200,-1.5,-115,9.0,-105,-115,-250,200,-1.5,-110,9.0,102,-122,-240,200,-1.5,-115,8.5,-130,110,,,,,,,,-250,205,-1.5,-115,9.0,100,-120,-235,210,-1.5,-115,9.0,-105,-115,-244,203,-1.5,-116,9.0,-101,-120,-235,210,-1.5,-112,9.0,-102,-113,-235,202,-1.5,-115,9.0,-105,-115,-244,202,8.8,13
2026-03-28T21:55:45Z,evening,2026-03-28,2026-03-29T01:40:00Z,c016bc529dccaa041545262bfb133323,Seattle Mariners,Cleveland Guardians,-184,154,-1.5,120,7.0,-105,-115,-194,159,-1.5,119,7.0,-105,-115,-190,155,-1.5,120,7.0,-105,-115,-190,158,-1.5,118,7.0,-105,-115,-190,150,-1.5,123,7.0,-112,-110,-190,155,-1.5,120,7.0,-105,-115,-186,155,-1.5,125,7.0,-110,-109,-190,160,-1.5,125,6.5,-135,115,,,,,,,,-188,155,-1.5,125,7.0,100,-120,-180,162,-1.5,118,7.0,-103,-117,-189,160,-1.5,114,7.0,-106,-115,-180,162,-1.5,120,7.0,100,-115,-180,158,-1.5,120,7.0,-105,-115,-187,157,6.8,13
2026-03-28T21:55:45Z,evening,2026-03-28,2026-03-29T17:36:00Z,cba87f51d6aaf782f15d618c9783d976,Atlanta Braves,Kansas City Royals,-144,122,-1.5,152,8.0,-115,-105,-149,123,,,8.0,-118,-102,,,,,,,,-145,122,,,8.0,-120,100,,,,,,,,-145,120,-1.5,130,8.0,-115,-105,,,,,,,,-145,125,-1.5,160,8.5,100,-120,,,,,,,,,,,,,,,-140,127,,,8.5,100,-120,,,,,,,,-140,127,,,8.5,103,-118,,,,,,,,-144,124,8.2,7
2026-03-28T21:55:45Z,evening,2026-03-28,2026-03-29T17:36:00Z,8fe8daacad929f4573b3727c48c408a3,Baltimore Orioles,Minnesota Twins,-148,126,-1.5,142,9.0,-110,-110,-149,123,-1.5,153,9.0,-102,-118,,,,,,,,-145,122,-1.5,143,9.0,-105,-115,,,,,,,,-145,120,-1.5,130,9.0,-110,-110,,,,,,,,-145,125,-1.5,140,8.5,-135,115,,,,,,,,,,,,,,,-141,128,,,9.0,-105,-115,,,,,,,,-141,128,,,9.0,-102,-113,-141,127,,,9.0,-105,-115,-144,125,8.8,8
2026-03-28T21:55:45Z,evening,2026-03-28,2026-03-29T17:36:00Z,285b503fee35b6ef594efb5a51af4852,Philadelphia Phillies,Texas Rangers,-148,126,-1.5,152,7.5,-124,102,-156,129,-1.5,144,8.0,-105,-115,,,,,,,,-155,130,-1.5,150,8.0,-105,-115,,,,,,,,-155,130,-1.5,130,8.0,-105,-115,,,,,,,,-150,130,-1.5,145,7.5,-125,105,,,,,,,,,,,,,,,-150,136,,,8.0,-105,-115,,,,,,,,-150,136,,,8.0,-102,-113,-150,134,,,8.0,-105,-115,-152,131,7.8,8
2026-03-28T21:55:45Z,evening,2026-03-28,2026-03-29T17:38:00Z,844d46d06a891478c7e9933444ef67f7,Toronto Blue Jays,Athletics,-164,138,-1.5,142,8.5,-122,100,-163,135,,,8.5,-122,102,,,,,,,,-160,135,,,8.5,-125,105,,,,,,,,-165,135,-1.5,160,8.5,-120,100,,,,,,,,,,,,,,,,,,,,,,,,,,,,,-155,140,,,8.5,-125,105,,,,,,,,-155,140,,,8.5,-123,107,-155,138,,,8.5,-125,105,-160,137,8.5,7
2026-03-28T21:55:45Z,evening,2026-03-28,2026-03-29T17:41:00Z,b14a5b9c91da30ed32754a658ccd291a,Cincinnati Reds,Boston Red Sox,120,-142,1.5,-156,8.5,102,-124,119,-143,,,8.5,102,-122,,,,,,,,118,-140,,,8.5,100,-120,,,,,,,,115,-140,1.5,-130,8.0,-115,-105,,,,,,,,,,,,,,,,,,,,,,,,,,,,,122,-135,,,8.5,-105,-115,,,,,,,,122,-135,,,8.5,-102,-113,122,-135,,,8.5,-105,-115,120,-139,8.2,7
2026-03-28T21:55:45Z,evening,2026-03-28,2026-03-29T17:41:00Z,d9fde1830516f8d110396de3488df17b,Miami Marlins,Colorado Rockies,-178,150,-1.5,126,8.0,-110,-110,-194,159,,,7.5,-126,104,,,,,,,,-190,158,,,7.5,-125,105,,,,,,,,-190,155,-1.5,110,8.0,-105,-115,,,,,,,,,,,,,,,,,,,,,,,,,,,,,-180,162,,,7.5,-120,100,,,,,,,,-180,162,,,7.5,-118,103,-180,158,,,7.5,-120,100,-185,158,7.8,7
2026-03-28T21:55:45Z,evening,2026-03-28,2026-03-29T17:41:00Z,dcc3bfcf77ed21831942e88a0c03ac20,New York Mets,Pittsburgh Pirates,-172,144,-1.5,128,8.0,-105,-115,-171,141,,,8.0,-102,-118,,,,,,,,-170,143,,,8.0,100,-120,,,,,,,,-175,145,-1.5,130,8.0,-105,-115,,,,,,,,,,,,,,,,,,,,,,,,,,,,,-166,150,,,8.0,100,-120,,,,,,,,-166,150,,,8.0,103,-118,-166,147,,,8.0,100,-120,-169,146,8.0,7
2026-03-28T21:55:45Z,evening,2026-03-28,2026-03-29T18:11:00Z,24c5b56e3ca8ad6f391c82da33200b32,Milwaukee Brewers,Chicago White Sox,-184,154,-1.5,126,7.5,-124,102,-171,141,,,8.0,-105,-115,,,,,,,,-170,143,,,8.0,-105,-115,,,,,,,,-190,155,-1.5,120,8.0,-105,-115,,,,,,,,,,,,,,,,,,,,,,,,,,,,,-160,145,,,8.0,100,-120,,,,,,,,-160,145,,,8.0,103,-118,,,,,,,,-172,147,7.8,6
2026-03-28T21:55:45Z,evening,2026-03-28,2026-03-29T18:11:00Z,efc716ec5ed02ff75164fec236e0d60b,Houston Astros,Los Angeles Angels,-180,152,-1.5,115,8.5,-124,102,-181,149,,,8.5,-122,102,,,,,,,,-178,150,,,8.5,-120,100,,,,,,,,-190,155,-1.5,110,8.5,-120,100,,,,,,,,,,,,,,,,,,,,,,,,,,,,,-180,162,,,8.5,-118,-102,,,,,,,,-180,162,,,8.5,-116,101,,,,,,,,-182,155,8.5,6
2026-03-28T21:55:45Z,evening,2026-03-28,2026-03-29T18:16:00Z,7082df2b4cf69fb66b014bcf17e6e2d4,St. Louis Cardinals,Tampa Bay Rays,-104,-112,1.5,-184,7.5,-124,102,-102,-118,,,7.5,-122,102,,,,,,,,100,-120,,,7.5,-120,100,,,,,,,,-105,-115,1.5,-170,8.0,-105,-115,,,,,,,,,,,,,,,,,,,,,,,,,,,,,104,-115,,,7.5,-120,100,,,,,,,,104,-115,,,7.5,-118,103,105,-115,,,7.5,-120,100,15,-116,7.8,7
2026-03-28T21:55:45Z,evening,2026-03-28,2026-03-29T18:21:00Z,1cc0a701f7797bb7a857a7b86d813bc3,Chicago Cubs,Washington Nationals,-240,198,-1.5,-114,9.5,-105,-115,-240,194,,,,,,,,,,,,,-240,196,,,,,,,,,,,,,-240,195,-1.5,-120,9.5,-110,-110,,,,,,,,,,,,,,,,,,,,,,,,,,,,,-228,204,,,,,,,,,,,,,-228,204,,,,,,,,,,,,,-236,198,9.5,6
2026-03-28T21:55:45Z,evening,2026-03-28,2026-03-29T23:21:00Z,691a2e76d0dd8b75857aa006417cd71f,Seattle Mariners,Cleveland Guardians,-152,128,-1.5,146,7.5,-110,-110,-156,129,,,7.5,-115,-105,,,,,,,,,,,,,,,,,,,,,,-155,130,-1.5,130,7.5,-110,-110,,,,,,,,,,,,,,,,,,,,,,,,,,,,,-150,136,,,7.5,-115,-105,,,,,,,,-150,136,,,7.5,-113,-102,,,,,,,,-153,132,7.5,5
2026-03-29T22:02:34Z,manual,2026-03-29,2026-03-29T23:21:00Z,691a2e76d0dd8b75857aa006417cd71f,Seattle Mariners,Cleveland Guardians,-144,122,-1.5,142,7.5,-106,-114,-143,119,-1.5,144,7.5,-105,-115,-150,125,-1.5,145,7.5,-105,-115,-140,118,-1.5,143,7.5,-105,-115,-155,123,-1.5,143,7.5,-112,-112,-145,120,-1.5,145,7.5,-105,-115,-152,125,-1.5,148,7.5,-109,-110,-139,124,-1.5,145,7.5,100,-120,,,,,,,,-144,121,-1.5,150,7.5,-105,-115,-137,124,-1.5,145,7.5,-102,-118,-145,124,-1.5,141,7.5,-104,-118,-137,124,-1.5,146,7.5,101,-116,-141,127,-1.5,144,7.5,100,-120,-144,123,7.5,13
2026-03-29T22:02:34Z,manual,2026-03-29,2026-03-30T20:11:00Z,7493ee494cdbb239513b5032bd1d2702,Kansas City Royals,Minnesota Twins,-156,132,-1.5,136,9.5,102,-124,-156,129,,,9.5,-110,-110,-155,130,,,9.5,-105,-115,-155,130,,,9.5,-110,-110,-159,128,-1.5,133,9.5,-103,-121,-155,130,-1.5,120,9.5,-110,-110,-157,128,-1.5,133,9.5,-103,-121,-150,130,-1.5,135,9.5,100,-120,,,,,,,,,,,,,,,-150,136,,,9.5,-110,-110,-154,131,-1.5,122,9.5,-109,-112,-150,136,,,9.5,-107,-107,-150,134,,,9.5,-110,-110,-154,131,9.5,12
2026-03-29T22:02:34Z,manual,2026-03-29,2026-03-30T22:36:00Z,640970e11703be5ad9c5087e476eecc7,Baltimore Orioles,Texas Rangers,-124,106,-1.5,168,9.0,-110,-110,-120,100,,,9.0,-112,-108,-120,100,-1.5,165,9.0,-110,-110,-120,100,,,9.0,-110,-110,-125,100,1.5,-210,9.0,-110,-113,-120,100,-1.5,160,9.0,-110,-110,-124,102,1.5,-210,9.0,-110,-113,-125,105,1.5,-215,8.5,-135,115,,,,,,,,,,,,,,,-120,109,,,9.0,-110,-110,,,,,,,,-120,109,,,9.0,-107,-107,-120,109,,,9.0,-110,-110,-122,104,8.8,11
2026-03-29T22:02:34Z,manual,2026-03-29,2026-03-30T22:41:00Z,302b4128aeb5c50b679d20539e8816c4,Miami Marlins,Chicago White Sox,-120,102,1.5,-215,8.0,-118,-104,-131,109,,,8.0,-115,-105,-130,110,-1.5,165,8.0,-120,100,-130,110,,,8.0,-115,-105,-127,102,1.5,-230,8.0,-118,-106,-130,110,-1.5,155,8.0,-115,-105,-125,102,1.5,-230,8.0,-118,-106,-130,110,-1.5,170,8.5,105,-125,,,,,,,,,,,,,,,-125,113,,,8.5,-102,-118,,,,,,,,-125,113,,,8.5,101,-116,-125,114,,,8.5,100,-120,-127,109,8.2,11
2026-03-29T22:02:34Z,manual,2026-03-29,2026-03-30T22:41:00Z,b780a77331a7f24c19a612abf1b71f30,Cincinnati Reds,Pittsburgh Pirates,-118,100,1.5,-205,8.0,-118,-104,-126,104,,,8.0,-115,-105,-125,105,,,8.0,-115,-105,-125,105,,,8.0,-115,-105,-124,100,1.5,-225,8.0,-117,-107,-125,105,-1.5,160,8.0,-115,-105,-122,102,1.5,-225,8.0,-117,-107,-125,105,1.5,-215,8.5,105,-125,,,,,,,,,,,,,,,-123,112,,,8.0,-115,-105,,,,,,,,-123,112,,,8.0,-113,-102,-123,112,,,8.0,-115,-105,-124,106,8.2,11
2026-03-29T22:02:34Z,manual,2026-03-29,2026-03-30T22:41:00Z,1285603c30d60465769201640920f04e,Philadelphia Phillies,Washington Nationals,-180,152,-1.5,118,9.0,-105,-115,-171,141,,,9.0,-112,-108,-165,140,-1.5,125,9.0,-110,-110,-165,140,,,9.0,-110,-110,-182,145,-1.5,120,9.0,-114,-109,-170,140,-1.5,120,9.0,-110,-110,-180,145,-1.5,120,9.0,-114,-109,-170,145,-1.5,130,8.5,-135,115,,,,,,,,,,,,,,,-160,145,,,9.0,-110,-110,,,,,,,,-160,145,,,9.0,-107,-107,-160,142,,,9.0,-110,-110,-169,144,8.8,11
2026-03-29T22:02:34Z,manual,2026-03-29,2026-03-30T23:08:00Z,0ead2ddb81bd23c5cf3c8bf29237af4b,Toronto Blue Jays,Colorado Rockies,-260,215,-1.5,-120,8.5,100,-122,-252,203,,,8.5,-105,-115,-250,200,-1.5,-115,8.5,-110,-110,-250,205,,,8.5,-110,-110,-265,205,-1.5,-104,8.5,-104,-121,-245,200,-1.5,-120,8.5,-110,-110,-265,210,-1.5,-104,8.5,-104,-121,-250,210,-1.5,-115,8.5,100,-120,,,,,,,,,,,,,,,-245,219,,,8.5,-110,-110,,,,,,,,-245,219,,,8.5,-107,-107,-245,210,,,8.5,-110,-110,-252,209,8.5,11
2026-03-29T22:02:34Z,manual,2026-03-29,2026-03-30T23:16:00Z,8cc66b3ce898ffcf08e40f6acbdb82d8,Atlanta Braves,Athletics,-134,114,-1.5,162,9.5,102,-124,-131,109,,,9.0,-115,-105,-130,110,-1.5,155,9.0,-115,-105,-130,110,,,9.0,-115,-105,-136,110,-1.5,150,9.0,-120,-105,-130,110,-1.5,145,9.0,-110,-110,-134,110,-1.5,150,9.0,-120,-105,-130,110,-1.5,160,9.5,110,-130,,,,,,,,,,,,,,,-123,112,,,9.0,-117,-103,,,,,,,,-123,112,,,9.0,-115,100,-123,112,,,9.0,-115,-105,-129,111,9.2,11
2026-03-29T22:02:34Z,manual,2026-03-29,2026-03-30T23:41:00Z,cb56684da584f70f8c48dec3ad5bdb7c,Chicago Cubs,Los Angeles Angels,-200,168,-1.5,114,9.5,-105,-115,-186,153,,,,,,-185,150,,,,,,-190,158,,,,,,,,,,,,,-180,150,-1.5,115,9.5,-110,-110,,,,,,,,-190,160,-1.5,115,9.5,-105,-115,,,,,,,,,,,,,,,-178,161,,,,,,,,,,,,,-178,161,,,,,,-178,157,,,,,,-185,158,9.5,9
2026-03-29T22:02:34Z,manual,2026-03-29,2026-03-30T23:41:00Z,a263feaf763c1299324e6d7fc4f5f5c5,Milwaukee Brewers,Tampa Bay Rays,-152,128,-1.5,152,8.0,100,-122,-143,119,,,8.0,-108,-112,-140,118,-1.5,150,8.0,-110,-110,-145,122,,,8.0,-110,-110,-152,123,-1.5,148,8.0,-106,-118,-145,120,-1.5,140,8.0,-105,-115,-150,123,-1.5,148,8.0,-106,-118,-140,120,-1.5,160,7.5,-125,105,,,,,,,,,,,,,,,-140,127,,,8.0,-110,-110,,,,,,,,-140,127,,,8.0,-107,-107,-140,126,,,8.0,-110,-110,-144,123,7.8,11
2026-03-29T22:02:34Z,manual,2026-03-29,2026-03-30T23:46:00Z,2f906e6f0a0b0f77103ad3de874d8d6c,St. Louis Cardinals,New York Mets,122,-144,1.5,-142,8.5,-110,-110,129,-156,,,8.5,-120,100,125,-150,1.5,-140,8.5,-120,100,130,-155,,,8.5,-120,100,125,-157,1.5,-136,8.5,-112,-112,125,-150,1.5,-125,8.5,-115,-105,128,-155,1.5,-136,8.5,-112,-112,130,-150,1.5,-145,8.5,-115,-105,,,,,,,,,,,,,,,131,-145,,,8.5,-120,100,,,,,,,,131,-145,,,8.5,-118,103,130,-145,,,8.5,-120,100,128,-150,8.5,11
2026-03-29T22:02:34Z,manual,2026-03-29,2026-03-31T00:11:00Z,a482d9f2b799c59df8b639db5cce02e5,Houston Astros,Boston Red Sox,100,-118,1.5,-172,8.5,102,-124,-108,-112,,,8.5,-112,-108,-110,-110,1.5,-165,8.5,-110,-110,-110,-110,,,8.5,-110,-110,-109,-114,1.5,-177,8.5,-112,-112,-110,-110,1.5,-190,8.5,-110,-110,-108,-113,1.5,-177,8.5,-112,-112,-105,-115,1.5,-175,8.5,100,-120,,,,,,,,,,,,,,,-105,-105,,,8.5,-110,-110,,,,,,,,-105,-105,,,8.5,-107,-107,-105,-105,,,8.5,-110,-110,-89,-111,8.5,11
2026-03-29T22:02:34Z,manual,2026-03-29,2026-03-31T01:41:00Z,27331c71f78dcb268af96a5483952ca2,Seattle Mariners,New York Yankees,-112,-104,1.5,-215,7.5,-120,-102,-112,-108,,,8.0,-105,-115,-115,-105,,,8.0,-105,-115,-115,-105,,,8.0,-105,-115,-121,-104,1.5,-220,8.0,-103,-121,-110,-110,1.5,-190,8.0,-105,-115,-120,-103,1.5,-220,8.0,-103,-121,-115,-105,1.5,-225,7.5,-125,105,,,,,,,,,,,,,,,-110,100,,,8.0,-105,-115,,,,,,,,-110,100,,,8.0,-102,-113,-110,100,,,8.0,-105,-115,-114,-49,7.8,11
2026-03-29T22:02:34Z,manual,2026-03-29,2026-03-31T01:41:00Z,b9044eb7a2798e7b9c463104de35f476,San Diego Padres,San Francisco Giants,-118,100,1.5,-200,8.5,102,-124,-115,-105,,,8.0,-118,-102,-115,-105,,,8.0,-120,100,-115,-105,,,8.0,-120,100,-118,-106,1.5,-210,8.0,-121,-103,-115,-105,1.5,-190,8.5,100,-120,-117,-105,1.5,-210,8.0,-121,-103,-120,100,1.5,-190,8.5,100,-120,,,,,,,,,,,,,,,-112,102,,,8.0,-120,100,,,,,,,,-112,102,,,8.0,-118,103,-112,102,,,8.0,-120,100,-115,-11,8.2,11
2026-03-29T22:02:34Z,manual,2026-03-29,2026-03-31T02:11:00Z,24e5dec72a26c2b5304dda6d4fc9b9d4,Arizona Diamondbacks,Detroit Tigers,-112,-104,1.5,-184,9.0,-105,-115,-112,-108,,,9.0,-112,-108,-110,-110,1.5,-200,9.0,-115,-105,-110,-110,,,9.0,-115,-105,-115,-108,1.5,-190,9.0,-108,-115,-110,-110,1.5,-200,9.0,-115,-105,-114,-107,1.5,-190,9.0,-108,-115,-115,-105,1.5,-200,8.5,-135,115,,,,,,,,,,,,,,,-105,-105,,,9.0,-115,-105,,,,,,,,-105,-105,,,9.0,-113,-102,-105,-105,,,9.0,-115,-105,-110,-107,8.8,11
2026-03-29T22:02:34Z,manual,2026-03-29,2026-03-31T02:11:00Z,4f499b3c97433774d26ebe998b1e9c54,Los Angeles Dodgers,Cleveland Guardians,-184,154,-1.5,115,8.5,-105,-115,-207,169,,,8.5,-118,-102,-190,155,-1.5,115,8.5,-120,100,-205,170,,,8.5,-120,100,-200,160,-1.5,110,8.5,-106,-118,-190,155,-1.5,115,8.5,-120,100,-200,160,-1.5,110,8.5,-106,-118,-195,165,-1.5,115,8.5,-110,-110,,,,,,,,,,,,,,,-195,175,,,9.0,105,-125,,,,,,,,-195,175,,,9.0,107,-123,,,,,,,,-196,164,8.8,10
2026-03-30T23:01:35Z,closing,2026-03-30,2026-03-30T22:36:00Z,640970e11703be5ad9c5087e476eecc7,Baltimore Orioles,Texas Rangers,102,-130,1.5,-168,10.5,-114,-114,104,-135,1.5,-148,10.5,-126,-103,-105,-120,1.5,-165,10.5,-120,-105,100,-130,1.5,-160,10.5,-130,100,-110,-127,1.0,-148,10.5,-114,-124,-130,100,-1.5,165,9.5,-120,-110,-105,-121,1.5,-180,10.5,-109,-118,105,-135,1.5,-170,10.5,-125,-105,,,,,,,,,,,,,,,,,,,,,,100,-125,1.5,-167,9.5,-125,-118,,,,,,,,,,,,,,,7,-103,10.0,9
2026-03-30T23:01:35Z,closing,2026-03-30,2026-03-30T22:41:00Z,302b4128aeb5c50b679d20539e8816c4,Miami Marlins,Chicago White Sox,-188,146,-1.5,126,6.5,-120,-110,-175,134,-1.5,131,6.5,-130,100,-190,150,-1.5,130,6.5,-110,-115,-180,145,-1.5,125,6.5,-125,-105,-186,133,-1.0,-115,6.5,-134,-104,-190,145,-1.5,140,6.5,-115,-115,-177,140,-1.5,148,6.5,-129,102,-190,140,-1.5,135,6.5,-130,100,,,,,,,,,,,,,,,,,,,,,,-182,145,-1.5,120,7.0,-105,-133,,,,,,,,,,,,,,,-184,142,6.8,9
2026-03-30T23:01:35Z,closing,2026-03-30,2026-03-30T22:41:00Z,b780a77331a7f24c19a612abf1b71f30,Cincinnati Reds,Pittsburgh Pirates,-172,134,-1.5,132,6.5,-138,104,-148,113,-1.5,144,7.5,105,-137,-160,130,-1.5,145,7.5,110,-140,-160,125,-1.5,135,6.5,-140,110,-165,120,-1.0,-105,7.0,-118,-120,-180,135,-1.5,145,7.5,105,-140,-157,125,-1.5,150,7.0,-113,-114,-145,115,-1.5,145,7.5,105,-140,,,,,,,,-135,105,-1.0,110,7.5,-105,-125,,,,,,,,-125,-105,1.5,-222,7.5,-118,-125,,,,,,,,,,,,,,,-155,100,7.0,10
2026-03-30T23:01:35Z,closing,2026-03-30,2026-03-30T22:41:00Z,1285603c30d60465769201640920f04e,Philadelphia Phillies,Washington Nationals,230,-310,2.5,-102,12.5,-112,-118,224,-308,2.5,-104,12.5,-114,-114,225,-295,2.5,-105,12.5,-110,-115,260,-350,2.5,-105,12.5,-110,-120,245,-360,2.5,-107,12.5,-129,-110,200,-275,2.5,-110,12.5,-125,-105,260,-345,1.5,160,12.5,-122,-106,230,-330,2.5,-105,12.5,-125,-105,,,,,,,,-179,147,-1.5,115,9.0,-120,100,,,,,,,,-105,-118,1.5,-167,10.5,-125,-118,,,,,,,,,,,,,,,159,-254,10.7,10
2026-03-30T23:01:35Z,closing,2026-03-30,2026-03-30T23:08:00Z,0ead2ddb81bd23c5cf3c8bf29237af4b,Toronto Blue Jays,Colorado Rockies,-290,235,-1.5,-130,8.5,100,-122,-308,244,-1.5,-136,8.0,-115,-105,-295,240,-1.5,-135,8.5,-105,-115,-292,235,-1.5,-135,8.0,-110,-110,-335,255,-1.5,-134,8.5,-106,-118,-285,230,-1.5,-140,8.0,-115,-105,-335,255,-1.5,-132,8.5,-105,-117,-280,230,-1.5,-130,8.5,100,-120,,,,,,,,-300,240,-1.5,-135,8.0,-110,-110,-275,244,-1.5,-137,8.0,-115,-105,-294,240,-2.5,116,8.0,-119,-103,-275,244,-1.5,-135,8.0,-113,-102,-260,222,-1.5,-135,8.0,-120,100,-294,240,8.2,13
2026-03-30T23:01:35Z,closing,2026-03-30,2026-03-30T23:16:00Z,8cc66b3ce898ffcf08e40f6acbdb82d8,Atlanta Braves,Athletics,-132,112,-1.5,158,9.0,-105,-115,-136,113,-1.5,149,9.0,-105,-115,-130,110,-1.5,145,9.0,-105,-115,-130,110,-1.5,150,9.0,-105,-115,-137,110,-1.5,145,9.0,-107,-115,-130,110,-1.5,150,9.0,100,-120,-136,112,-1.5,150,9.0,-106,-114,-135,115,-1.5,145,8.5,-130,110,,,,,,,,-130,108,-1.5,150,9.0,100,-120,-128,116,-1.5,157,9.0,-102,-118,-135,115,-1.5,146,9.0,-108,-114,-128,116,-1.5,158,9.0,101,-116,-128,117,-1.5,156,9.0,100,-120,-132,113,8.8,13
2026-03-30T23:01:35Z,closing,2026-03-30,2026-03-30T23:41:00Z,cb56684da584f70f8c48dec3ad5bdb7c,Chicago Cubs,Los Angeles Angels,-190,160,-1.5,104,10.0,-110,-110,-194,159,-1.5,104,10.0,-115,-105,-190,155,-1.5,105,10.0,-115,-105,-190,158,-1.5,105,10.0,-120,100,-195,155,-1.5,105,10.0,-114,-109,-190,155,-1.5,105,10.0,-115,-105,-190,155,-1.5,105,10.0,-113,-107,-190,160,-1.5,100,9.5,-120,100,,,,,,,,-190,156,-1.5,105,10.0,-115,-105,-180,162,-1.5,102,10.0,-113,-107,-185,156,-1.5,105,10.0,-115,-106,-180,162,-1.5,105,10.0,-110,-104,-182,160,-1.5,105,10.0,-115,-105,-188,158,9.8,13
2026-03-30T23:01:35Z,closing,2026-03-30,2026-03-30T23:41:00Z,a263feaf763c1299324e6d7fc4f5f5c5,Milwaukee Brewers,Tampa Bay Rays,-158,134,-1.5,140,8.0,-106,-114,-163,135,-1.5,133,8.0,-108,-112,-160,135,-1.5,135,8.0,-110,-110,-160,135,-1.5,135,8.0,-110,-110,-162,130,-1.5,140,8.0,-113,-110,-170,140,-1.5,125,8.0,-115,-105,-159,130,-1.5,140,8.0,-110,-109,-155,135,-1.5,130,7.5,-130,110,,,,,,,,-165,139,-1.5,135,8.0,-115,-105,-158,143,-1.5,135,8.0,-115,-105,-159,134,-1.5,132,8.0,-111,-110,-158,143,-1.5,136,8.0,-113,-102,-157,140,-1.5,135,8.0,-110,-110,-160,136,7.8,13
2026-03-30T23:01:35Z,closing,2026-03-30,2026-03-30T23:46:00Z,2f906e6f0a0b0f77103ad3de874d8d6c,St. Louis Cardinals,New York Mets,126,-148,1.5,-134,8.5,-122,100,129,-156,1.5,-131,9.0,100,-120,125,-150,1.5,-130,9.0,100,-120,130,-155,1.5,-130,9.0,-105,-115,116,-143,1.5,-143,8.5,-124,100,125,-150,1.5,-130,9.0,-110,-110,117,-143,1.5,-143,8.5,-122,102,130,-150,1.5,-135,8.5,-125,105,,,,,,,,126,-150,1.5,-130,9.0,-105,-115,132,-146,1.5,-130,9.0,-105,-115,129,-152,1.5,-126,9.0,-102,-120,132,-146,1.5,-128,9.0,-102,-113,131,-146,1.5,-130,9.0,100,-120,127,-149,8.8,13
2026-03-30T23:01:35Z,closing,2026-03-30,2026-03-31T00:11:00Z,a482d9f2b799c59df8b639db5cce02e5,Houston Astros,Boston Red Sox,106,-124,1.5,-162,8.5,-112,-108,109,-131,1.5,-156,8.5,-115,-105,105,-125,1.5,-155,8.5,-115,-105,110,-130,1.5,-155,8.5,-115,-105,-103,-121,1.5,-165,8.5,-113,-110,105,-125,1.5,-155,8.5,-120,100,-103,-120,1.5,-165,8.5,-112,-108,110,-130,1.5,-160,8.5,-115,-105,,,,,,,,105,-125,1.5,-160,8.5,-120,100,111,-122,1.5,-150,8.5,-117,-103,109,-128,1.5,-152,8.5,-115,-106,111,-122,1.5,-149,8.5,-115,100,110,-121,1.5,-150,8.5,-120,100,76,-125,8.5,13
2026-03-30T23:01:35Z,closing,2026-03-30,2026-03-31T01:41:00Z,27331c71f78dcb268af96a5483952ca2,Seattle Mariners,New York Yankees,-102,-116,1.5,-182,7.5,-110,-110,-103,-117,1.5,-179,7.5,-112,-108,-102,-118,1.5,-175,7.5,-110,-110,110,-130,1.5,-165,7.5,-110,-110,108,-136,1.5,-165,7.5,-105,-120,100,-120,1.5,-170,7.5,-110,-110,108,-134,1.5,-165,7.5,-104,-118,100,-120,1.5,-175,7.5,-120,100,,,,,,,,102,-122,1.5,-175,7.5,-110,-110,109,-120,1.5,-163,7.5,-111,-109,100,-118,1.5,-179,7.5,-115,-106,109,-120,1.5,-163,7.5,-108,-106,106,-116,1.5,-165,7.5,-115,-105,57,-122,7.5,13
2026-03-30T23:01:35Z,closing,2026-03-30,2026-03-31T01:41:00Z,b9044eb7a2798e7b9c463104de35f476,San Diego Padres,San Francisco Giants,-118,100,1.5,-205,8.5,102,-124,-118,-102,1.5,-182,8.5,-101,-119,-118,-102,1.5,-200,8.5,100,-120,-120,100,-1.5,175,8.0,-120,100,-115,-108,1.5,-205,8.0,-121,-103,-115,-105,1.5,-200,8.5,100,-120,-114,-107,1.5,-205,8.0,-120,-103,-120,100,1.5,-200,8.5,110,-130,,,,,,,,-118,-102,-1.5,175,8.0,-120,100,-113,103,-1.5,177,8.0,-120,100,-118,101,1.5,-196,8.0,-118,-104,-113,103,-1.5,179,8.0,-118,103,-112,102,-1.5,176,8.0,-120,100,-116,6,8.2,13
2026-03-30T23:01:35Z,closing,2026-03-30,2026-03-31T02:11:00Z,24e5dec72a26c2b5304dda6d4fc9b9d4,Arizona Diamondbacks,Detroit Tigers,-120,102,1.5,-188,9.0,-118,-104,-126,104,1.5,-188,9.0,-115,-105,-120,100,1.5,-185,9.0,-115,-105,-125,105,-1.5,158,9.0,-115,-105,-115,-107,1.5,-195,9.0,-117,-107,-120,100,-1.5,160,9.0,-115,-105,-114,-106,1.5,-195,9.0,-115,-106,-125,105,1.5,-180,9.5,115,-135,,,,,,,,-126,106,-1.5,170,9.0,-110,-110,-119,108,-1.5,160,9.0,-115,-105,-122,104,-1.5,155,9.0,-115,-106,-119,108,-1.5,161,9.0,-113,-102,-117,107,-1.5,160,9.0,-115,-105,-121,72,9.2,13
2026-03-30T23:01:35Z,closing,2026-03-30,2026-03-31T02:11:00Z,4f499b3c97433774d26ebe998b1e9c54,Los Angeles Dodgers,Cleveland Guardians,-184,154,-1.5,108,8.5,-120,-102,-199,163,-1.5,105,9.0,102,-123,-200,165,-1.5,105,8.5,-110,-110,-190,158,-1.5,110,8.5,-110,-110,-205,163,-1.5,104,8.5,-121,-104,-190,155,-1.5,110,8.5,-115,-105,-205,165,-1.5,106,8.5,-118,-103,-190,160,-1.5,110,8.5,-120,100,,,,,,,,-190,156,-1.5,110,8.5,-110,-110,-177,160,-1.5,110,8.5,-110,-110,-185,156,-1.5,106,9.0,100,-122,-177,160,-1.5,113,8.5,-107,-107,-176,155,-1.5,110,8.5,-110,-110,-190,159,8.8,13
2026-03-30T23:01:35Z,closing,2026-03-30,2026-03-31T22:41:00Z,c49833eafa15bdd83a074d3229783d86,Miami Marlins,Chicago White Sox,-142,120,-1.5,146,8.5,-110,-110,-156,129,,,8.5,-110,-110,,,,,,,,-145,122,,,8.5,-110,-110,,,,,,,,-145,120,-1.5,130,8.5,-110,-110,,,,,,,,,,,,,,,,,,,,,,,,,,,,,-140,127,,,8.5,-115,-105,,,,,,,,-140,127,,,8.5,-113,-102,,,,,,,,-145,124,8.5,6
2026-03-30T23:01:35Z,closing,2026-03-30,2026-03-31T22:41:00Z,445445096cf76e57c1a9dee969e15995,Cincinnati Reds,Pittsburgh Pirates,-110,-106,1.5,-192,9.0,-110,-110,-105,-115,,,8.5,-118,-102,,,,,,,,-105,-115,,,8.5,-115,-105,,,,,,,,-105,-115,1.5,-170,9.0,-110,-110,,,,,,,,,,,,,,,,,,,,,,,,,,,,,-101,-109,,,8.5,-115,-105,,,,,,,,-101,-109,,,8.5,-113,-102,,,,,,,,-104,-112,8.8,6
2026-03-30T23:01:35Z,closing,2026-03-30,2026-03-31T22:41:00Z,484bcc5bc25e0e38e25dcac48903ccea,Philadelphia Phillies,Washington Nationals,-166,140,-1.5,132,9.0,-110,-110,,,,,,,,,,,,,,,,,,,,,,,,,,,,,-170,140,-1.5,115,9.0,-110,-110,,,,,,,,,,,,,,,,,,,,,,,,,,,,,,,,,,,,,,,,,,,,,,,,,,,,,,,,,-168,140,9.0,2
2026-03-30T23:01:35Z,closing,2026-03-30,2026-03-31T23:07:00Z,b724336c8a25a94c67ba0d63ea2c98a0,Toronto Blue Jays,Colorado Rockies,-230,190,-1.5,-102,8.5,-110,-110,-259,209,,,8.5,-110,-110,,,,,,,,-260,210,,,8.5,-110,-110,,,,,,,,-255,205,-1.5,-120,8.5,-110,-110,,,,,,,,,,,,,,,,,,,,,,,,,,,,,-245,219,,,8.5,-110,-110,,,,,,,,-245,219,,,8.5,-107,-107,,,,,,,,-249,209,8.5,6
2026-03-30T23:01:35Z,closing,2026-03-30,2026-03-31T23:16:00Z,023399264d3924b30aa040acd7837804,Atlanta Braves,Athletics,-142,120,-1.5,150,9.0,-115,-105,,,,,,,,,,,,,,,,,,,,,,,,,,,,,,,,,,,,,,,,,,,,,,,,,,,,,,,,,,,,,,,,,,,,,,,,,,,,,,,,,,,,,,,,,,,,-142,120,9.0,1
2026-03-30T23:01:35Z,closing,2026-03-30,2026-03-31T23:41:00Z,4f785ad4f8847d0e028769afc44d9942,Chicago Cubs,Los Angeles Angels,-138,118,-1.5,180,7.5,-105,-115,-136,113,,,,,,,,,,,,,-135,115,,,,,,,,,,,,,-140,115,-1.5,160,7.5,-110,-110,,,,,,,,,,,,,,,,,,,,,,,,,,,,,-133,121,,,,,,,,,,,,,-133,121,,,,,,,,,,,,,-136,117,7.5,6
2026-03-30T23:01:35Z,closing,2026-03-30,2026-03-31T23:41:00Z,522613bca37febfdc7fe1b1b858dea09,Milwaukee Brewers,Tampa Bay Rays,-134,116,-1.5,168,7.5,-102,-120,-136,113,,,7.5,-108,-112,,,,,,,,-135,115,,,7.5,-110,-110,,,,,,,,-140,115,-1.5,155,7.5,-110,-110,,,,,,,,,,,,,,,,,,,,,,,,,,,,,-132,120,,,7.5,-110,-110,,,,,,,,-132,120,,,7.5,-107,-107,,,,,,,,-135,116,7.5,6
2026-03-30T23:01:35Z,closing,2026-03-30,2026-03-31T23:46:00Z,b294b3f2eb02e42a436d439795c7f125,St. Louis Cardinals,New York Mets,134,-158,1.5,-126,8.5,-122,100,141,-171,,,8.5,-108,-112,,,,,,,,135,-160,,,8.5,-110,-110,,,,,,,,135,-165,1.5,-125,8.5,-110,-110,,,,,,,,,,,,,,,,,,,,,,,,,,,,,140,-155,,,8.5,-107,-113,,,,,,,,140,-155,,,8.5,-104,-110,,,,,,,,138,-161,8.5,6
2026-03-30T23:01:35Z,closing,2026-03-30,2026-04-01T00:11:00Z,5fa4f7bd1d1be2a30a40c0d7f653d9ff,Houston Astros,Boston Red Sox,-158,134,-1.5,146,7.5,-110,-110,-149,123,,,7.5,-115,-105,,,,,,,,-145,122,,,7.5,-115,-105,,,,,,,,-145,120,-1.5,150,7.5,-115,-105,,,,,,,,,,,,,,,,,,,,,,,,,,,,,-140,127,,,7.5,-115,-105,,,,,,,,-140,127,,,7.5,-113,-102,,,,,,,,-146,126,7.5,6
2026-03-30T23:01:35Z,closing,2026-03-30,2026-04-01T01:40:00Z,85518e9fa7d88ada5c7ef6acc3fb06fc,Arizona Diamondbacks,Detroit Tigers,-112,-104,1.5,-184,9.5,-115,-105,-110,-110,,,9.5,-112,-108,,,,,,,,-110,-110,,,9.5,-110,-110,,,,,,,,-110,-110,1.5,-190,9.5,-105,-115,,,,,,,,,,,,,,,,,,,,,,,,,,,,,-103,-107,,,9.5,-110,-110,,,,,,,,-103,-107,,,9.5,-107,-107,,,,,,,,-108,-108,9.5,6
2026-03-30T23:01:35Z,closing,2026-03-30,2026-04-01T01:41:00Z,8d928227a51e9c7b63c36bcf0a8083f0,Seattle Mariners,New York Yankees,102,-120,1.5,-184,7.0,-105,-115,-108,-112,,,7.0,-118,-102,,,,,,,,-105,-115,,,7.0,-115,-105,,,,,,,,,,,,,,,,,,,,,,,,,,,,,,,,,,,,,,,,,,,102,-112,,,7.0,-115,-105,,,,,,,,102,-112,,,7.0,-113,-102,,,,,,,,19,-114,7.0,5
2026-03-30T23:01:35Z,closing,2026-03-30,2026-04-01T01:41:00Z,293dc85524404aab44c5329de3f56664,San Diego Padres,San Francisco Giants,122,-144,1.5,-140,8.0,-110,-110,113,-136,,,7.5,-120,100,,,,,,,,115,-135,,,7.5,-115,-105,,,,,,,,,,,,,,,,,,,,,,,,,,,,,,,,,,,,,,,,,,,120,-132,,,7.5,-115,-105,,,,,,,,120,-132,,,7.5,-113,-102,,,,,,,,118,-136,7.8,5
2026-03-31T22:53:45Z,manual,2026-03-31,2026-03-31T22:36:00Z,a7ee9fc9ac1db47a494d6c4c39dfc4de,Baltimore Orioles,Texas Rangers,-108,-118,1.5,-200,7.5,102,-136,-120,-108,1.5,-191,7.5,101,-132,-110,-115,1.5,-200,7.5,105,-135,-105,-125,1.5,-190,7.5,110,-140,-114,-121,1.0,-155,7.0,-136,-104,-110,-120,1.5,-200,7.5,105,-140,102,-127,1.5,-175,7.5,-106,-121,-115,-115,1.5,-210,7.5,-105,-125,,,,,,,,100,-130,1.0,-135,7.5,-110,-120,,,,,,,,-118,-105,1.5,-222,7.5,-118,-125,,,,,,,,,,,,,,,-70,-118,7.2,10
2026-03-31T22:53:45Z,manual,2026-03-31,2026-03-31T22:41:00Z,c49833eafa15bdd83a074d3229783d86,Miami Marlins,Chicago White Sox,-156,124,-1.5,134,7.5,108,-144,-146,112,-1.5,144,7.5,109,-142,-180,140,-1.5,130,7.5,105,-135,-160,125,-1.5,150,6.5,-125,-105,-162,118,-1.0,100,7.0,-130,-110,-170,130,-1.5,135,7.5,100,-130,-155,123,-1.5,155,7.0,-124,-105,-160,125,-1.5,140,7.5,105,-140,,,,,,,,-150,115,-1.0,105,7.0,-120,-110,-148,134,-1.5,145,8.0,-115,-105,-200,145,-1.5,110,7.5,-125,-118,-148,134,-1.5,146,8.0,-113,-102,-150,134,-1.5,135,8.0,-115,-105,-160,128,7.2,13
2026-03-31T22:53:45Z,manual,2026-03-31,2026-03-31T22:41:00Z,445445096cf76e57c1a9dee969e15995,Cincinnati Reds,Pittsburgh Pirates,-120,-106,-1.5,172,8.5,-118,-112,-121,-108,1.5,-193,8.5,-112,-115,-105,-118,1.5,-190,8.5,-135,105,-120,-110,1.5,-190,8.5,-120,-110,-115,-120,1.0,-150,9.0,-112,-127,-115,-115,1.5,-200,8.5,-115,-115,-110,-114,1.5,-182,9.0,-104,-124,-120,-110,1.5,-210,8.5,-120,-110,,,,,,,,-120,-110,1.0,-155,8.5,-115,-115,101,-111,1.5,-152,9.0,-113,-107,110,-143,1.5,-154,9.5,-111,-133,101,-111,1.5,-151,9.0,-110,-104,103,-113,1.5,-150,9.0,-115,-105,-49,-115,9.0,13
2026-03-31T22:53:45Z,manual,2026-03-31,2026-03-31T22:41:00Z,484bcc5bc25e0e38e25dcac48903ccea,Philadelphia Phillies,Washington Nationals,-220,168,-1.5,108,8.5,-120,-110,-201,152,-1.5,107,8.5,-109,-119,-185,145,-1.5,120,8.5,-110,-115,-210,165,-1.5,100,8.5,-115,-115,-200,143,-1.0,-132,8.5,-120,-118,-215,160,-1.5,125,8.5,-120,-110,-190,150,-1.5,123,8.5,-114,-113,-220,160,-1.5,105,8.5,-120,-110,,,,,,,,-200,150,-1.5,105,8.5,-120,-110,-180,162,-1.5,-105,9.5,-113,-107,-222,175,-1.5,-118,9.5,-111,-125,-180,162,-1.5,-102,9.5,-110,-104,-182,160,-1.5,-105,9.5,-120,100,-200,158,9.0,13
2026-03-31T22:53:45Z,manual,2026-03-31,2026-03-31T23:07:00Z,b724336c8a25a94c67ba0d63ea2c98a0,Toronto Blue Jays,Colorado Rockies,-260,215,-1.5,-120,8.5,102,-124,-271,218,-1.5,-118,8.0,-105,-115,-275,225,-1.5,-125,8.0,-110,-110,-267,215,-1.5,-120,8.0,-105,-115,-278,215,-1.5,-113,8.0,-121,-103,-260,210,-1.5,-120,8.0,-105,-115,-278,220,-1.5,-112,8.0,-120,-103,-270,220,-1.5,-125,8.5,110,-130,,,,,,,,-265,215,-1.5,-115,8.0,100,-120,-253,225,-1.5,-122,8.0,-105,-115,-263,217,-1.5,-123,8.0,-106,-115,-253,225,-1.5,-119,8.0,-102,-113,-255,218,-1.5,-125,8.0,-105,-115,-265,218,8.2,13
2026-03-31T22:53:45Z,manual,2026-03-31,2026-03-31T23:16:00Z,023399264d3924b30aa040acd7837804,Atlanta Braves,Athletics,-154,130,-1.5,132,9.0,-115,-105,-156,129,-1.5,135,9.0,-115,-105,-155,130,-1.5,135,9.0,-120,100,-155,130,-1.5,135,9.0,-115,-105,-165,130,-1.5,125,9.0,-109,-114,-155,130,-1.5,135,9.0,-115,-105,-162,132,-1.5,128,9.0,-108,-112,-155,135,-1.5,135,9.5,110,-130,,,,,,,,-168,140,-1.5,135,9.0,-110,-110,-146,132,-1.5,138,9.0,-110,-110,-154,131,-1.5,131,9.0,-118,-103,-146,132,-1.5,139,9.0,-107,-107,-147,132,-1.5,140,9.0,-110,-110,-155,132,9.2,13
2026-03-31T22:53:45Z,manual,2026-03-31,2026-03-31T23:41:00Z,4f785ad4f8847d0e028769afc44d9942,Chicago Cubs,Los Angeles Angels,-142,120,-1.5,152,7.0,-110,-110,-143,119,-1.5,153,7.0,-102,-118,-145,120,-1.5,150,7.0,-105,-115,-140,118,-1.5,158,7.0,100,-120,-152,123,-1.5,163,7.0,-108,-115,-145,120,-1.5,155,7.0,100,-120,-150,123,-1.5,163,7.0,-107,-114,-140,120,-1.5,150,6.5,-145,120,,,,,,,,-144,121,-1.5,160,7.0,100,-120,-136,123,-1.5,159,7.0,100,-120,-139,118,-1.5,154,7.0,-105,-116,-136,123,-1.5,160,7.0,103,-118,-138,125,-1.5,156,7.0,100,-120,-142,121,6.8,13
2026-03-31T22:53:45Z,manual,2026-03-31,2026-03-31T23:41:00Z,522613bca37febfdc7fe1b1b858dea09,Milwaukee Brewers,Tampa Bay Rays,-126,108,-1.5,168,7.5,-102,-120,-126,104,1.5,-200,7.5,102,-122,-125,105,-1.5,170,7.5,105,-125,-125,105,-1.5,175,7.5,105,-125,-136,110,-1.5,170,7.5,-104,-121,-125,105,-1.5,170,7.5,-105,-115,-136,112,-1.5,170,7.5,-103,-118,-125,105,-1.5,165,7.5,100,-120,,,,,,,,-131,109,-1.5,165,7.5,-105,-115,-119,108,-1.5,176,7.5,101,-121,-127,107,-1.5,171,7.5,101,-123,-119,108,-1.5,177,7.5,104,-119,-119,109,-1.5,176,7.5,105,-125,-126,107,7.5,13
2026-03-31T22:53:45Z,manual,2026-03-31,2026-03-31T23:46:00Z,b294b3f2eb02e42a436d439795c7f125,St. Louis Cardinals,New York Mets,124,-146,1.5,-138,8.5,-110,-110,126,-153,1.5,-137,8.5,-105,-115,130,-155,1.5,-135,8.5,-105,-115,122,-145,1.5,-145,8.5,-105,-115,133,-167,1.5,-129,8.5,-103,-121,120,-145,1.5,-150,8.5,-110,-110,133,-167,1.5,-127,8.0,-120,100,125,-145,1.5,-135,8.5,-105,-115,,,,,,,,122,-145,1.5,-145,8.5,-115,-105,127,-140,1.5,-145,8.5,-105,-115,128,-152,1.5,-143,8.5,-106,-115,127,-140,1.5,-143,8.5,-102,-113,126,-140,1.5,-145,8.5,-105,-115,126,-149,8.2,13
2026-03-31T22:53:45Z,manual,2026-03-31,2026-04-01T00:11:00Z,5fa4f7bd1d1be2a30a40c0d7f653d9ff,Houston Astros,Boston Red Sox,-154,130,-1.5,142,7.5,-114,-106,-149,123,-1.5,144,7.5,-112,-108,-150,135,-1.5,145,7.5,-110,-110,-145,122,-1.5,143,7.5,-110,-110,-167,133,-1.5,140,7.5,-109,-114,-150,125,-1.5,150,7.5,-110,-110,-165,135,-1.5,140,7.5,-108,-112,-150,130,-1.5,145,7.5,-115,-105,,,,,,,,-148,124,-1.5,150,7.5,-110,-110,-141,128,-1.5,151,7.5,-110,-110,-149,127,-1.5,139,7.5,-115,-106,-141,128,-1.5,152,7.5,-107,-107,-141,127,-1.5,148,7.5,-110,-110,-150,128,7.5,13
2026-03-31T22:53:45Z,manual,2026-03-31,2026-04-01T01:40:00Z,85518e9fa7d88ada5c7ef6acc3fb06fc,Arizona Diamondbacks,Detroit Tigers,-108,-108,1.5,-188,9.0,-110,-110,-115,-105,1.5,-176,9.0,-112,-108,-115,-105,1.5,-185,9.0,-110,-110,-115,-105,-1.5,175,9.0,-110,-110,-113,-110,1.5,-186,9.0,-115,-108,-115,-105,1.5,-190,9.0,-115,-105,-112,-109,1.5,-182,9.0,-114,-107,-115,-105,1.5,-180,8.5,-135,115,,,,,,,,-116,-104,-1.5,175,9.0,-115,-105,-112,102,-1.5,177,9.0,-110,-110,-112,-105,1.5,-203,9.0,-114,-106,-112,102,-1.5,179,9.0,-107,-107,-109,-101,-1.5,176,9.0,-110,-110,-113,-74,8.8,13
2026-03-31T22:53:45Z,manual,2026-03-31,2026-04-01T01:41:00Z,8d928227a51e9c7b63c36bcf0a8083f0,Seattle Mariners,New York Yankees,-104,-112,1.5,-194,7.0,-102,-120,-105,-115,1.5,-186,7.0,-105,-115,-105,-115,1.5,-190,7.0,-105,-115,-105,-115,1.5,-190,7.0,-105,-115,-104,-120,1.5,-190,7.0,102,-127,-105,-115,1.5,-190,7.0,-105,-115,-103,-118,1.5,-190,7.0,102,-125,-105,-115,1.5,-190,6.5,-135,115,,,,,,,,-107,-113,1.5,-185,7.0,-105,-115,-101,-109,1.5,-183,7.0,-105,-115,-106,-110,1.5,-192,7.0,-102,-120,-101,-109,1.5,-183,7.0,-102,-113,-101,-109,1.5,-190,7.0,-105,-115,-104,-113,6.8,13
2026-03-31T22:53:45Z,manual,2026-03-31,2026-04-01T01:41:00Z,293dc85524404aab44c5329de3f56664,San Diego Padres,San Francisco Giants,118,-138,1.5,-146,7.5,-118,-104,113,-136,1.5,-156,7.5,-118,-102,110,-135,1.5,-155,7.5,-115,-105,115,-135,1.5,-155,7.5,-120,100,116,-143,1.5,-150,8.0,-104,-120,115,-140,1.5,-150,7.5,-120,100,117,-143,1.5,-150,8.0,-103,-118,115,-135,1.5,-155,7.5,-115,-105,,,,,,,,113,-135,1.5,-150,7.5,-120,100,115,-127,1.5,-152,7.5,-120,100,120,-141,1.5,-149,7.5,-116,-104,115,-127,1.5,-151,7.5,-118,103,115,-126,1.5,-150,7.5,-120,100,115,-135,7.8,13
2026-03-31T22:53:45Z,manual,2026-03-31,2026-04-01T02:11:00Z,3606100715aa7a59a44cebf83296c1ee,Los Angeles Dodgers,Cleveland Guardians,-275,225,-1.5,-122,8.0,-110,-110,-280,224,-1.5,-122,8.0,-110,-110,-275,220,-1.5,-125,8.0,-110,-110,-278,222,-1.5,-120,8.0,-110,-110,-275,210,-1.5,-120,8.0,-106,-117,-275,220,-1.5,-120,8.0,-115,-105,-265,210,-1.5,-118,8.0,-105,-115,-270,220,-1.5,-125,7.5,-125,105,,,,,,,,-270,220,-1.5,-120,8.0,-110,-110,-258,230,-1.5,-120,8.0,-110,-110,-270,223,-1.5,-122,8.0,-108,-114,-258,230,-1.5,-117,8.0,-107,-107,-258,221,-1.5,-125,8.0,-110,-110,-270,221,7.8,13
2026-03-31T22:53:45Z,manual,2026-03-31,2026-04-01T16:16:00Z,6942f51396ca14022ebe5ceba3757999,Atlanta Braves,Athletics,-205,172,-1.5,104,8.5,102,-124,-219,179,-1.5,-102,8.5,-110,-110,,,,,,,,-220,180,-1.5,100,8.5,-110,-110,,,,,,,,,,,,,,,,,,,,,,-210,175,-1.5,100,8.5,100,-120,,,,,,,,,,,,,,,-205,184,,,8.5,-110,-110,,,,,,,,-205,184,,,8.5,-107,-107,,,,,,,,-211,179,8.5,6
2026-03-31T22:53:45Z,manual,2026-03-31,2026-04-01T16:41:00Z,0ab4430c93f4388372c2e69d5d140069,Cincinnati Reds,Pittsburgh Pirates,132,-156,1.5,-137,7.5,-110,-110,129,-156,1.5,-126,7.5,-118,-102,,,,,,,,130,-155,1.5,-130,7.5,-115,-105,,,,,,,,130,-155,1.5,-130,7.5,-110,-110,,,,,,,,130,-150,1.5,-135,7.5,-110,-110,,,,,,,,,,,,,,,136,-150,,,7.5,-115,-105,,,,,,,,136,-150,,,7.5,-113,-102,,,,,,,,132,-153,7.5,7
2026-03-31T22:53:45Z,manual,2026-03-31,2026-04-01T17:06:00Z,53d62d8a9267d511ebf7cd7fa665db9e,Philadelphia Phillies,Washington Nationals,-275,225,-1.5,-122,8.5,102,-124,-259,209,-1.5,-126,8.5,-105,-115,,,,,,,,-260,210,-1.5,-120,8.5,-105,-115,,,,,,,,-255,205,-1.5,-120,8.0,-115,-105,,,,,,,,-260,215,-1.5,-125,8.5,100,-120,,,,,,,,,,,,,,,-239,213,,,8.5,-107,-113,,,,,,,,-239,213,,,8.5,-104,-110,,,,,,,,-255,213,8.2,7
2026-03-31T22:53:45Z,manual,2026-03-31,2026-04-01T17:08:00Z,24f243aa4931d665a39634650fab8767,Toronto Blue Jays,Colorado Rockies,-260,215,-1.5,-118,8.0,-110,-110,-280,224,-1.5,-136,8.0,-115,-105,,,,,,,,-267,215,-1.5,-125,8.0,-115,-105,,,,,,,,-275,220,-1.5,-120,8.0,-105,-115,,,,,,,,-270,220,-1.5,-130,8.5,105,-125,,,,,,,,,,,,,,,-252,225,,,8.0,-120,100,,,,,,,,-252,225,,,8.0,-118,103,,,,,,,,-265,221,8.2,7
2026-03-31T22:53:45Z,manual,2026-03-31,2026-04-01T17:11:00Z,321f53de67eea12b85a524534e30a5ba,Miami Marlins,Chicago White Sox,-156,132,-1.5,136,8.0,-104,-118,-156,129,-1.5,144,7.5,-115,-105,,,,,,,,-155,130,-1.5,143,7.5,-115,-105,,,,,,,,-155,130,-1.5,130,7.5,-110,-110,,,,,,,,-150,130,-1.5,145,7.5,-120,100,,,,,,,,,,,,,,,-152,138,,,7.5,-120,100,,,,,,,,-152,138,,,7.5,-118,103,,,,,,,,-154,132,7.8,7
2026-03-31T22:53:45Z,manual,2026-03-31,2026-04-01T17:16:00Z,bdae690ae030bd8c713b1b5a3f21cfee,St. Louis Cardinals,New York Mets,132,-156,1.5,-132,7.5,-122,100,139,-168,1.5,-118,8.0,-115,-105,,,,,,,,135,-160,1.5,-120,8.0,-115,-105,,,,,,,,135,-165,1.5,-125,8.0,-115,-105,,,,,,,,135,-155,1.5,-125,8.5,100,-120,,,,,,,,,,,,,,,140,-155,,,8.0,-120,100,,,,,,,,140,-155,,,8.0,-118,103,,,,,,,,137,-159,8.0,7
2026-03-31T22:53:45Z,manual,2026-03-31,2026-04-01T17:41:00Z,6adbbe821c88271b3ccca51eb9d54dee,Milwaukee Brewers,Tampa Bay Rays,-130,110,-1.5,180,7.0,-105,-115,-143,119,-1.5,159,7.0,-118,-102,,,,,,,,-135,115,-1.5,170,7.0,-115,-105,,,,,,,,-145,120,-1.5,160,7.0,-115,-105,,,,,,,,-135,115,-1.5,165,7.5,120,-145,,,,,,,,,,,,,,,-132,120,,,7.5,103,-123,,,,,,,,-132,120,,,7.5,106,-121,,,,,,,,-136,117,7.2,7
2026-03-31T22:53:45Z,manual,2026-03-31,2026-04-01T18:11:00Z,7d8eb7e9ca4020fe2b949197c47e54a4,Houston Astros,Boston Red Sox,118,-138,1.5,-154,7.5,100,-122,123,-149,1.5,-149,7.5,-102,-118,,,,,,,,122,-145,1.5,-145,7.5,100,-120,,,,,,,,125,-150,1.5,-145,7.5,100,-120,,,,,,,,125,-145,1.5,-155,7.5,100,-120,,,,,,,,,,,,,,,134,-148,,,7.5,100,-120,,,,,,,,134,-148,,,7.5,103,-118,,,,,,,,126,-146,7.5,7
2026-03-31T22:53:45Z,manual,2026-03-31,2026-04-01T18:21:00Z,5fe99c93584b4bf570646386c809ec41,Chicago Cubs,Los Angeles Angels,-166,140,-1.5,158,6.5,-102,-120,-168,139,,,,,,,,,,,,,-165,140,,,,,,,,,,,,,-170,140,-1.5,140,6.5,100,-120,,,,,,,,-165,140,-1.5,150,6.5,100,-120,,,,,,,,,,,,,,,-160,145,,,,,,,,,,,,,-160,145,,,,,,,,,,,,,-165,141,6.5,7
2026-03-31T22:53:45Z,manual,2026-03-31,2026-04-01T19:41:00Z,03100440c2d895c0a6ffd0e94af916a9,Arizona Diamondbacks,Detroit Tigers,144,-172,1.5,-125,8.0,100,-122,,,,,,,,,,,,,,,,,,,,,,,,,,,,,140,-170,1.5,-120,8.0,-105,-115,,,,,,,,145,-170,1.5,-125,7.5,-120,100,,,,,,,,,,,,,,,,,,,,,,,,,,,,,,,,,,,,,,,,,,,143,-171,7.8,3
2026-03-31T22:53:45Z,manual,2026-03-31,2026-04-01T20:11:00Z,25b209388bb30aa144af568ffd0b3921,Seattle Mariners,New York Yankees,-120,102,1.5,-220,7.5,100,-122,-120,100,1.5,-199,7.0,-125,104,,,,,,,,-120,100,1.5,-195,7.5,100,-120,,,,,,,,,,,,,,,,,,,,,,-125,105,1.5,-215,7.5,105,-125,,,,,,,,,,,,,,,-115,104,,,7.5,105,-125,,,,,,,,-115,104,,,7.5,107,-123,,,,,,,,-119,102,7.2,6
2026-03-31T22:53:45Z,manual,2026-03-31,2026-04-01T20:11:00Z,6e5e041ab28b3e4d10c68fb1fdd50a89,San Diego Padres,San Francisco Giants,-156,132,-1.5,146,8.0,-110,-110,-149,123,-1.5,149,7.5,-116,-103,,,,,,,,-155,130,-1.5,143,8.0,100,-120,,,,,,,,,,,,,,,,,,,,,,-145,125,-1.5,150,7.5,-125,105,,,,,,,,,,,,,,,-145,131,,,8.0,105,-125,,,,,,,,-145,131,,,8.0,107,-123,,,,,,,,-149,129,7.8,6
2026-03-31T22:53:45Z,manual,2026-03-31,2026-04-01T23:41:00Z,cc33d68ceec04cd9b09a8c631d7574a0,Kansas City Royals,Minnesota Twins,100,-118,1.5,-172,8.5,-110,-110,100,-120,1.5,-175,8.5,-105,-115,,,,,,,,100,-120,1.5,-170,8.5,-110,-110,,,,,,,,100,-120,1.5,-170,8.5,-105,-115,,,,,,,,100,-120,1.5,-175,8.5,-110,-110,,,,,,,,,,,,,,,103,-113,,,8.0,-120,100,,,,,,,,103,-113,,,8.0,-118,103,,,,,,,,101,-118,8.2,7
2026-03-31T22:53:45Z,manual,2026-03-31,2026-04-02T00:21:00Z,fd93ab95f0912b81f977d64ebcc5df42,Los Angeles Dodgers,Cleveland Guardians,-250,205,-1.5,-120,8.0,-110,-110,-246,199,-1.5,-110,8.0,-112,-108,,,,,,,,-250,205,-1.5,-110,8.0,-110,-110,,,,,,,,,,,,,,,,,,,,,,-250,210,-1.5,-120,8.5,110,-130,,,,,,,,,,,,,,,-227,203,,,8.0,-112,-108,,,,,,,,-227,203,,,8.0,-109,-105,,,,,,,,-242,204,8.2,6
2026-04-01T23:04:29Z,closing,2026-04-01,2026-04-01T23:40:00Z,cc33d68ceec04cd9b09a8c631d7574a0,Kansas City Royals,Minnesota Twins,-102,-116,1.5,-170,8.0,-110,-110,-107,-113,1.5,-177,8.0,-113,-107,-105,-115,1.5,-175,8.0,-105,-115,-110,-110,1.5,-170,8.0,-105,-115,-109,-114,1.5,-182,8.0,-110,-113,-105,-115,1.5,-180,8.0,-105,-115,-108,-113,1.5,-182,8.0,-109,-112,-105,-115,1.5,-175,7.5,-125,105,,,,,,,,-107,-113,1.5,-175,8.0,-105,-115,-103,-107,1.5,-170,8.0,105,-125,-103,-114,1.5,-190,8.0,-106,-115,-103,-107,1.5,-170,8.0,107,-123,-103,-107,1.5,-170,8.0,-105,-115,-105,-112,7.8,13
2026-04-01T23:04:29Z,closing,2026-04-01,2026-04-02T00:20:00Z,fd93ab95f0912b81f977d64ebcc5df42,Los Angeles Dodgers,Cleveland Guardians,-290,235,-1.5,-130,8.0,-110,-110,-308,244,-1.5,-131,8.0,-108,-112,-300,250,-1.5,-130,8.0,-110,-110,-305,240,-1.5,-130,8.0,-110,-110,-286,220,-1.5,-132,8.0,-109,-113,-285,230,-1.5,-130,8.0,-105,-115,-286,225,-1.5,-130,8.0,-108,-112,-300,250,-1.5,-135,8.5,110,-130,,,,,,,,-290,230,-1.5,-130,8.0,-105,-115,-285,252,-1.5,-130,8.0,-104,-116,-303,244,-1.5,-132,8.0,-106,-115,-285,252,-1.5,-128,8.0,-101,-114,-285,242,-1.5,-130,8.0,-105,-115,-293,240,8.2,13
2026-04-01T23:04:29Z,closing,2026-04-01,2026-04-02T18:10:00Z,b69acd5d2b74c9782f22bd2463df8371,Kansas City Royals,Minnesota Twins,-162,136,-1.5,125,9.0,-122,100,-156,129,-1.5,144,9.5,100,-120,-160,135,,,9.5,-105,-115,-155,130,-1.5,140,9.5,-105,-115,-167,135,-1.5,123,9.0,-120,-104,-155,130,-1.5,130,9.5,100,-120,-165,135,-1.5,123,9.0,-120,-104,-155,135,-1.5,135,9.5,105,-125,,,,,,,,,,,,,,,-147,133,,,9.5,-105,-115,,,,,,,,-147,133,,,9.5,-102,-113,,,,,,,,-157,133,9.2,10
2026-04-01T23:04:29Z,closing,2026-04-01,2026-04-03T01:40:00Z,e55dd97cbbe9b080f6059d380832d84f,Arizona Diamondbacks,Atlanta Braves,104,-122,1.5,-154,9.0,-110,-110,104,-126,1.5,-156,9.0,-101,-119,105,-125,1.5,-155,8.5,-118,-102,105,-125,1.5,-155,8.5,-120,100,106,-132,1.5,-159,8.5,-122,-103,105,-125,1.5,-155,9.0,100,-120,107,-130,1.5,-159,8.5,-122,-103,105,-125,1.5,-155,8.5,-125,105,,,,,,,,,,,,,,,109,-120,,,8.5,-125,105,,,,,,,,109,-120,,,8.5,-123,107,109,-120,,,8.5,-125,105,106,-125,8.8,11
2026-04-01T23:04:29Z,closing,2026-04-01,2026-04-03T01:45:00Z,c7e9785b27cff0b87f132c7c63daea75,San Francisco Giants,New York Mets,106,-124,1.5,-166,7.5,-105,-115,104,-126,1.5,-163,7.5,100,-120,105,-125,1.5,-160,7.0,-125,105,105,-125,1.5,-160,7.5,-110,-110,104,-129,1.5,-167,7.5,-113,-110,105,-125,1.5,-165,7.5,100,-120,105,-127,1.5,-167,7.5,-113,-110,105,-125,1.5,-165,7.5,-105,-115,,,,,,,,,,,,,,,108,-119,,,7.0,-125,105,,,,,,,,108,-119,,,7.0,-123,107,,,,,,,,106,-124,7.2,10
2026-04-02T22:53:27Z,manual,2026-04-02,2026-04-03T01:40:00Z,e55dd97cbbe9b080f6059d380832d84f,Arizona Diamondbacks,Atlanta Braves,-102,-116,1.5,-162,9.0,-110,-110,-108,-112,1.5,-171,9.0,-112,-108,-110,-110,1.5,-185,9.0,-115,-105,-110,-110,1.5,-170,9.0,-115,-105,100,-124,1.5,-167,9.0,-109,-114,-105,-115,1.5,-170,9.0,-110,-110,102,-124,1.5,-167,9.0,-108,-113,-105,-115,1.5,-175,9.5,115,-135,,,,,,,,-105,-115,1.5,-165,9.0,-110,-110,-104,-106,1.5,-165,9.0,-115,-105,-105,-112,1.5,-169,9.0,-112,-109,-104,-106,1.5,-165,9.0,-113,-102,-103,-107,1.5,-165,9.0,-115,-105,-74,-113,9.2,13
2026-04-02T22:53:27Z,manual,2026-04-02,2026-04-03T01:45:00Z,c7e9785b27cff0b87f132c7c63daea75,San Francisco Giants,New York Mets,106,-124,1.5,-164,7.5,-120,-102,104,-126,1.5,-168,8.0,-101,-120,100,-120,1.5,-170,7.5,-120,100,105,-125,1.5,-165,7.5,-120,100,105,-130,1.5,-162,7.5,-115,-108,105,-125,1.5,-170,7.5,-120,100,106,-129,1.5,-162,7.5,-114,-106,105,-125,1.5,-165,7.5,-120,100,,,,,,,,103,-123,1.5,-165,7.5,-120,100,104,-115,1.5,-170,7.5,-120,100,105,-123,1.5,-167,7.5,-118,-104,104,-115,1.5,-170,7.5,-118,103,105,-115,1.5,-170,7.5,-120,100,104,-123,7.8,13
2026-04-02T22:53:27Z,manual,2026-04-02,2026-04-03T17:11:00Z,14327f7727c0e0583fd6784561320578,Detroit Tigers,St. Louis Cardinals,-184,154,-1.5,118,7.5,-114,-106,-175,144,-1.5,123,8.0,-108,-112,-175,145,-1.5,115,8.0,-110,-110,-170,143,-1.5,122,8.0,-110,-110,,,,,,,,-170,140,-1.5,115,8.0,-105,-115,,,,,,,,-170,145,-1.5,120,7.5,-125,105,,,,,,,,,,,,,,,-164,148,,,8.0,-111,-109,-172,146,,,7.5,-118,-104,-164,148,,,8.0,-108,-106,-170,150,,,8.0,-110,-110,-171,146,7.8,10
2026-04-02T22:53:27Z,manual,2026-04-02,2026-04-03T17:36:00Z,2bb9ef2181cdb59b76492b604e5256d6,New York Yankees,Miami Marlins,-174,146,-1.5,126,8.0,-110,-110,-175,144,-1.5,129,8.0,-108,-112,-175,145,-1.5,125,8.5,105,-125,-165,140,-1.5,130,8.0,-105,-115,,,,,,,,-170,140,-1.5,125,8.0,-105,-115,,,,,,,,-170,145,-1.5,130,7.5,-125,105,,,,,,,,,,,,,,,-160,145,,,8.0,-104,-116,-172,145,,,7.5,-127,103,-160,145,,,8.0,-101,-114,-160,142,,,8.0,-105,-115,-168,144,8.0,10
2026-04-02T22:53:27Z,manual,2026-04-02,2026-04-03T18:11:00Z,292a9ce022187e0a27729ba402751e8c,Boston Red Sox,San Diego Padres,-120,102,1.5,-210,8.5,-112,-108,-120,100,1.5,-188,8.5,-118,-102,-120,100,,,8.5,-115,-105,-120,100,1.5,-190,8.5,-120,100,,,,,,,,-120,100,-1.5,160,8.5,-115,-105,,,,,,,,-120,100,1.5,-200,8.5,-115,-105,,,,,,,,,,,,,,,-115,104,,,8.5,-120,100,-119,101,,,8.5,-116,-105,-115,104,,,8.5,-118,103,-115,105,,,8.5,-120,100,-118,102,8.5,10
2026-04-02T22:53:27Z,manual,2026-04-02,2026-04-03T18:11:00Z,86847e700f1f4f34225dc6187f7c1257,Chicago White Sox,Toronto Blue Jays,168,-200,1.5,112,7.5,-115,-105,169,-207,1.5,-102,7.5,-118,-102,165,-200,,,7.5,-120,100,170,-205,1.5,100,7.5,-115,-105,,,,,,,,170,-205,1.5,100,8.0,-105,-115,,,,,,,,170,-200,1.5,-105,7.5,-115,-105,,,,,,,,,,,,,,,180,-200,,,8.0,100,-120,170,-204,,,7.5,-123,100,180,-200,,,8.0,103,-118,174,-200,,,8.0,100,-120,172,-202,7.8,10
2026-04-02T22:53:27Z,manual,2026-04-02,2026-04-03T20:05:00Z,8f72c90df46c96451049020f8482d5c7,Texas Rangers,Cincinnati Reds,-168,142,-1.5,126,8.0,-105,-115,-163,135,-1.5,135,8.0,-105,-115,-155,130,-1.5,130,8.0,-110,-110,-160,135,-1.5,135,8.0,-105,-115,,,,,,,,-165,135,-1.5,130,8.0,-105,-115,,,,,,,,-165,140,-1.5,135,7.5,-125,105,,,,,,,,,,,,,,,-157,142,,,8.0,-105,-115,-161,137,,,7.5,-120,-102,-157,142,,,8.0,-102,-113,-157,140,,,8.0,-105,-115,-161,138,7.8,10
2026-04-02T22:53:27Z,manual,2026-04-02,2026-04-03T20:11:00Z,dcf384a7692bd7df83a96e49919f2dc0,Colorado Rockies,Philadelphia Phillies,160,-190,1.5,104,10.0,-115,-105,169,-207,1.5,104,10.0,-112,-108,165,-200,1.5,105,10.0,-115,-105,170,-205,1.5,105,10.0,-115,-105,,,,,,,,170,-205,1.5,105,10.0,-110,-110,,,,,,,,175,-210,1.5,105,10.5,105,-125,,,,,,,,,,,,,,,175,-195,,,10.5,105,-125,170,-204,,,9.5,-125,102,175,-195,,,10.5,107,-123,170,-195,,,10.5,105,-125,170,-201,10.0,10
2026-04-02T22:53:27Z,manual,2026-04-02,2026-04-03T20:11:00Z,02a4ac33822ef29632a98a54a26c6e72,Minnesota Twins,Tampa Bay Rays,-118,100,1.5,-215,7.5,-115,-105,-115,-105,1.5,-199,7.5,-112,-108,-115,-105,-1.5,165,7.5,-110,-110,-115,-105,1.5,-195,7.5,-110,-110,,,,,,,,-115,-105,1.5,-200,7.5,-110,-110,,,,,,,,-120,100,1.5,-200,7.5,-115,-105,,,,,,,,,,,,,,,-109,-101,,,7.5,-105,-115,-114,-103,,,7.5,-114,-108,-109,-101,,,7.5,-102,-113,-110,100,,,7.5,-105,-115,-114,-42,7.5,10
2026-04-02T22:53:27Z,manual,2026-04-02,2026-04-03T20:13:00Z,79116c311ac42e78eb951ee46440d09f,Pittsburgh Pirates,Baltimore Orioles,106,-124,1.5,-162,8.5,-105,-115,104,-126,1.5,-163,8.0,-112,-108,105,-125,1.5,-160,7.5,-125,105,105,-125,1.5,-160,7.5,-125,105,,,,,,,,105,-125,1.5,-165,8.0,-115,-105,,,,,,,,105,-125,1.5,-165,8.5,100,-120,,,,,,,,,,,,,,,111,-122,,,7.5,-127,107,106,-125,,,8.5,101,-123,111,-122,,,7.5,-125,109,111,-122,,,7.5,-125,105,107,-124,8.0,10
2026-04-02T22:53:27Z,manual,2026-04-02,2026-04-03T23:46:00Z,e2025bc46ada7b7e499744ffe0251d13,Kansas City Royals,Milwaukee Brewers,-118,100,1.5,-205,8.5,-115,-105,-122,102,-1.5,163,8.5,-118,-102,-125,105,-1.5,165,8.5,-120,100,-120,100,-1.5,162,8.5,-120,100,,,,,,,,-125,105,-1.5,160,9.0,100,-120,,,,,,,,-125,105,-1.5,165,8.5,-120,100,,,,,,,,,,,,,,,-116,105,,,8.5,-120,100,-120,103,,,8.5,-118,-103,-116,105,,,8.5,-118,103,-116,106,,,8.5,-120,100,-120,104,8.8,10
2026-04-02T22:53:27Z,manual,2026-04-02,2026-04-04T01:39:00Z,c58c47a59e543a1a6aa0202a6ca69a25,Los Angeles Angels,Seattle Mariners,136,-162,1.5,-130,8.0,-110,-110,139,-168,1.5,-126,8.0,-112,-108,140,-165,1.5,-125,8.0,-110,-110,140,-165,1.5,-125,8.0,-110,-110,,,,,,,,140,-170,1.5,-130,8.0,-105,-115,,,,,,,,140,-165,1.5,-130,8.5,110,-130,,,,,,,,,,,,,,,147,-162,,,8.0,-110,-110,141,-167,,,7.5,-127,104,147,-162,,,8.0,-107,-107,144,-162,,,8.0,-110,-110,141,-165,8.0,10
2026-04-02T22:53:27Z,manual,2026-04-02,2026-04-04T01:41:00Z,c423735bd4d51edf6fe4efc260f2eb08,Athletics,Houston Astros,-106,-110,1.5,-176,10.5,-102,-120,-105,-115,1.5,-163,10.0,-112,-108,-105,-115,1.5,-160,10.0,-115,-105,-105,-115,1.5,-160,10.0,-110,-110,,,,,,,,-110,-110,1.5,-170,10.0,-110,-110,,,,,,,,100,-120,1.5,-165,10.5,105,-125,,,,,,,,,,,,,,,100,-110,,,10.0,-117,-103,-104,-112,,,10.5,-101,-120,100,-110,,,10.0,-115,100,100,-110,,,10.0,-115,-105,-24,-113,10.2,10
2026-04-02T22:53:27Z,manual,2026-04-02,2026-04-04T01:46:00Z,453461c70d67fa8012419eeefc30e149,Arizona Diamondbacks,Atlanta Braves,102,-120,1.5,-162,9.0,-115,-105,104,-126,1.5,-163,9.0,-112,-108,105,-125,1.5,-160,9.0,-115,-105,105,-125,1.5,-160,9.0,-115,-105,,,,,,,,,,,,,,,,,,,,,,105,-125,1.5,-165,9.5,115,-135,,,,,,,,,,,,,,,107,-118,,,9.0,-115,-105,104,-122,,,9.5,110,-135,107,-118,,,9.0,-113,-102,,,,,,,,105,-122,9.2,8
2026-04-02T22:53:27Z,manual,2026-04-02,2026-04-04T02:16:00Z,d9a1b05c6ab0703ea7c26b6fc732451f,San Francisco Giants,New York Mets,110,-130,1.5,-160,7.5,-118,-104,113,-136,1.5,-156,7.5,-108,-112,110,-130,1.5,-160,7.5,-105,-115,115,-135,1.5,-160,7.5,-110,-110,,,,,,,,115,-140,1.5,-155,7.5,-105,-115,,,,,,,,110,-130,1.5,-160,7.5,-110,-110,,,,,,,,,,,,,,,118,-130,,,7.5,-110,-110,110,-130,,,7.5,-109,-112,118,-130,,,7.5,-107,-107,,,,,,,,113,-132,7.5,9
2026-04-03T22:02:48Z,manual,2026-04-03,2026-04-03T20:08:42Z,8f72c90df46c96451049020f8482d5c7,Texas Rangers,Cincinnati Reds,104,-132,1.5,-320,7.5,-136,102,-232,174,-1.5,224,8.5,-125,-104,-110,-115,1.5,-350,7.5,-130,100,-260,200,-1.5,200,8.5,-115,-115,-235,163,-1.0,114,8.5,-129,-110,-105,-125,1.5,-375,7.5,-140,105,-220,170,-1.5,250,8.5,-122,-106,-105,-125,1.5,-400,7.5,-130,100,,,,,,,,180,-240,1.0,-120,7.0,-130,100,,,,,,,,140,-182,1.5,-286,7.5,105,-154,,,,,,,,,,,,,,,-84,-21,7.7,10
2026-04-03T22:02:48Z,manual,2026-04-03,2026-04-03T20:11:00Z,dcf384a7692bd7df83a96e49919f2dc0,Colorado Rockies,Philadelphia Phillies,,,9.5,-146,14.5,112,-148,,,9.5,-162,13.5,-118,-110,,,9.5,-125,14.5,115,-150,,,8.5,135,13.5,-135,105,,,9.0,-115,13.5,-115,-122,,,8.5,135,13.5,-130,100,,,9.0,-110,13.5,-110,-117,,,9.5,-120,14.5,-110,-120,,,,,,,,,,9.5,-120,14.5,-115,-115,,,,,,,,,,9.5,-125,14.5,-111,-125,,,,,,,,,,,,,,,,,14.0,10
2026-04-03T22:02:48Z,manual,2026-04-03,2026-04-03T20:13:00Z,79116c311ac42e78eb951ee46440d09f,Pittsburgh Pirates,Baltimore Orioles,-800,480,-2.5,-128,10.5,-106,-125,-1360,650,-2.5,-157,9.5,-121,-108,-1100,625,-2.5,-135,9.5,-140,110,-1000,600,-2.5,-170,9.5,-125,-105,-2500,800,-3.0,-110,9.5,-106,-134,-1200,660,-2.5,-160,9.5,-125,-105,-2000,900,-1.5,-530,9.5,100,-129,-2000,750,-2.5,-175,9.5,-120,-110,,,,,,,,-550,350,-2.0,-110,9.5,-105,-125,,,,,,,,-833,525,-2.5,-143,10.5,-118,-125,,,,,,,,,,,,,,,-1334,634,10.0,10
2026-04-03T22:02:48Z,manual,2026-04-03,2026-04-03T20:13:00Z,9c1e11abdcd795ef8ff437128ea5e829,Cleveland Guardians,Chicago Cubs,-154,120,-1.5,370,4.5,110,-146,-135,103,1.5,-402,4.5,115,-150,-170,135,-1.5,360,4.5,110,-140,-130,100,1.5,-380,4.5,120,-150,-148,107,1.0,-345,4.0,-124,-114,-150,115,-1.5,350,4.5,110,-145,-139,112,1.5,-590,4.0,-118,-109,-140,110,1.5,-525,4.5,105,-140,,,,,,,,-155,120,-1.0,185,4.0,-130,100,,,,,,,,-143,115,-1.5,310,4.0,-133,100,,,,,,,,,,,,,,,-146,114,4.2,10
2026-04-03T22:02:48Z,manual,2026-04-03,2026-04-03T21:07:26Z,02a4ac33822ef29632a98a54a26c6e72,Minnesota Twins,Tampa Bay Rays,285,-400,2.5,-138,7.5,112,-148,295,-429,2.5,-114,7.5,107,-139,280,-375,2.5,-155,6.5,-160,125,280,-380,2.5,-125,7.5,115,-145,275,-435,2.5,-132,7.5,-109,-130,295,-425,2.5,-140,6.5,-145,110,295,-400,1.5,150,7.5,-105,-124,290,-475,2.5,-125,7.5,120,-155,,,,,,,,315,-475,2.5,-110,7.5,-115,-115,,,,,,,,315,-455,2.5,-105,7.5,-125,-118,,,,,,,,,,,,,,,292,-425,7.0,10
2026-04-03T22:02:48Z,manual,2026-04-03,2026-04-03T23:46:00Z,e2025bc46ada7b7e499744ffe0251d13,Kansas City Royals,Milwaukee Brewers,100,-118,1.5,-160,9.0,-114,-106,-102,-118,1.5,-171,9.0,-115,-105,100,-120,1.5,-170,9.0,-115,-105,100,-120,1.5,-170,9.0,-115,-105,-104,-121,1.5,-167,9.5,100,-122,-105,-115,1.5,-170,9.0,-115,-105,-103,-120,1.5,-167,9.5,100,-121,100,-120,1.5,-165,9.5,110,-130,,,,,,,,-104,-116,1.5,-170,9.0,-115,-105,106,-117,1.5,-165,9.0,-113,-107,101,-119,1.5,-161,9.0,-118,-104,106,-117,1.5,-165,9.0,-110,-104,106,-116,1.5,-165,9.0,-115,-105,23,-118,9.2,13
2026-04-03T22:02:48Z,manual,2026-04-03,2026-04-04T01:39:00Z,c58c47a59e543a1a6aa0202a6ca69a25,Los Angeles Angels,Seattle Mariners,136,-162,1.5,-128,8.0,-105,-115,135,-163,1.5,-126,8.0,-110,-110,140,-170,1.5,-120,8.0,-110,-110,135,-160,1.5,-125,8.0,-110,-110,125,-155,1.5,-139,8.0,-104,-121,130,-155,1.5,-125,8.0,-105,-115,125,-152,1.5,-139,8.0,-103,-118,135,-155,1.5,-125,7.5,-125,105,,,,,,,,131,-157,1.5,-130,8.0,-105,-115,140,-155,1.5,-122,8.0,-110,-110,137,-161,1.5,-128,8.0,-109,-112,140,-155,1.5,-119,8.0,-107,-107,138,-155,1.5,-120,8.0,-110,-110,134,-158,7.8,13
2026-04-03T22:02:48Z,manual,2026-04-03,2026-04-04T01:41:00Z,c423735bd4d51edf6fe4efc260f2eb08,Athletics,Houston Astros,-108,-108,1.5,-172,10.0,-102,-120,-112,-108,1.5,-171,9.5,-116,-104,-105,-115,1.5,-165,10.0,-105,-115,-110,-110,1.5,-170,10.0,100,-120,-106,-118,1.5,-167,10.0,-106,-118,-110,-110,1.5,-175,9.5,-115,-105,-105,-117,1.5,-167,10.0,-105,-117,-110,-110,1.5,-165,9.5,-120,100,,,,,,,,-115,-105,-1.5,175,9.5,-120,100,-105,-105,1.5,-163,10.0,100,-120,-110,-108,1.5,-169,10.0,-103,-119,-105,-105,1.5,-163,10.0,103,-118,-107,-103,1.5,-165,10.0,100,-120,-108,-109,9.8,13
2026-04-03T22:02:48Z,manual,2026-04-03,2026-04-04T01:46:00Z,453461c70d67fa8012419eeefc30e149,Arizona Diamondbacks,Atlanta Braves,-102,-116,1.5,-164,9.0,-110,-110,-108,-112,1.5,-171,9.0,-115,-105,-105,-115,1.5,-170,9.0,-115,-105,-105,-115,1.5,-170,9.0,-115,-105,-103,-122,1.5,-167,9.0,-117,-107,-105,-115,1.5,-170,9.0,-115,-105,100,-121,1.5,-167,9.0,-115,-106,-105,-115,1.5,-175,9.5,115,-135,,,,,,,,-108,-112,1.5,-165,9.0,-110,-110,-103,-107,1.5,-162,9.0,-117,-103,-105,-112,1.5,-179,9.0,-116,-104,-103,-107,1.5,-162,9.0,-115,100,-103,-107,1.5,-160,9.0,-115,-105,-89,-114,9.2,13
2026-04-03T22:02:48Z,manual,2026-04-03,2026-04-04T02:16:00Z,d9a1b05c6ab0703ea7c26b6fc732451f,San Francisco Giants,New York Mets,110,-130,1.5,-162,7.5,-118,-104,109,-131,1.5,-156,7.5,-115,-105,110,-130,1.5,-155,7.5,-115,-105,115,-135,1.5,-155,7.5,-115,-105,107,-134,1.5,-162,7.5,-121,-104,105,-130,1.5,-155,7.5,-115,-105,108,-132,1.5,-162,7.5,-120,-103,115,-135,1.5,-160,7.5,-115,-105,,,,,,,,110,-132,1.5,-160,7.5,-115,-105,114,-126,1.5,-150,7.5,-118,-102,110,-130,1.5,-159,7.5,-115,-106,114,-126,1.5,-149,7.5,-116,101,114,-125,1.5,-150,7.5,-120,100,111,-130,7.5,13
2026-04-03T22:02:48Z,manual,2026-04-03,2026-04-04T17:11:00Z,2f55ab2592008c576ce6bba0557199d8,Detroit Tigers,St. Louis Cardinals,-156,132,-1.5,138,7.5,-105,-115,-163,135,-1.5,139,7.5,-105,-114,,,,,,,,-160,135,-1.5,143,7.5,-105,-115,,,,,,,,-165,135,-1.5,130,7.5,-105,-115,,,,,,,,-155,135,-1.5,135,7.5,-105,-115,,,,,,,,,,,,,,,-155,140,,,8.0,115,-135,,,,,,,,-155,140,,,8.0,117,-134,,,,,,,,-158,136,7.8,7
2026-04-03T22:02:48Z,manual,2026-04-03,2026-04-04T18:10:00Z,489e828d67b83a0f938e9fc1910929af,Chicago White Sox,Toronto Blue Jays,130,-154,1.5,-134,8.5,-122,100,144,-175,,,8.5,-110,-110,,,,,,,,143,-170,,,8.5,-110,-110,,,,,,,,135,-165,1.5,-110,8.5,-110,-110,,,,,,,,,,,,,,,,,,,,,,,,,,,,,,,,,,,,,,,,,,,,,,,,,,,,,,,,,138,-166,8.5,4
2026-04-03T22:02:48Z,manual,2026-04-03,2026-04-04T20:06:00Z,bb76dc664e8c6ea5005c7c5328bb484f,Athletics,Houston Astros,-104,-112,1.5,-166,10.0,-105,-115,-105,-115,,,10.0,-110,-110,,,,,,,,-105,-115,,,10.0,-110,-110,,,,,,,,-105,-115,1.5,-165,10.0,-110,-110,,,,,,,,,,,,,,,,,,,,,,,,,,,,,101,-111,,,10.0,-110,-110,,,,,,,,101,-111,,,10.0,-107,-107,,,,,,,,-36,-113,10.0,6
2026-04-03T22:02:48Z,manual,2026-04-03,2026-04-04T20:06:00Z,da18e0cacf2048f6b3e14df98e9a184c,Pittsburgh Pirates,Baltimore Orioles,-102,-116,1.5,-172,8.5,-115,-105,-105,-115,,,8.5,-108,-112,,,,,,,,-105,-115,,,8.5,-110,-110,,,,,,,,-105,-115,1.5,-170,8.5,-105,-115,,,,,,,,,,,,,,,,,,,,,,,,,,,,,100,-110,,,8.5,-105,-115,,,,,,,,100,-110,,,8.5,-102,-113,,,,,,,,-36,-114,8.5,6
2026-04-03T22:02:48Z,manual,2026-04-03,2026-04-04T20:06:00Z,cb5d17981ace91c9c0c11d20c49ea047,Washington Nationals,Los Angeles Dodgers,240,-295,1.5,152,9.5,-105,-115,218,-271,,,9.0,-126,104,,,,,,,,222,-278,,,9.0,-125,105,,,,,,,,,,,,,,,,,,,,,,,,,,,,,,,,,,,,,,,,,,,231,-260,,,9.0,-130,110,,,,,,,,231,-260,,,9.0,-128,112,,,,,,,,228,-273,9.2,5
2026-04-03T22:02:48Z,manual,2026-04-03,2026-04-04T20:11:00Z,376d4054f0497d9efc59db45c18f76ae,Boston Red Sox,San Diego Padres,-136,116,-1.5,158,8.0,-120,-102,-149,123,,,8.5,104,-126,,,,,,,,-145,122,,,8.5,105,-125,,,,,,,,,,,,,,,,,,,,,,,,,,,,,,,,,,,,,,,,,,,-143,130,,,8.5,112,-132,,,,,,,,-143,130,,,8.5,114,-130,,,,,,,,-143,124,8.2,5
2026-04-03T22:02:48Z,manual,2026-04-03,2026-04-04T20:11:00Z,fea2e77645688e161aa980c0b830c080,Kansas City Royals,Milwaukee Brewers,-120,102,-1.5,168,8.5,-105,-115,-118,-102,,,9.0,109,-131,,,,,,,,-120,100,,,9.0,110,-130,,,,,,,,-120,100,1.5,-195,8.5,-115,-105,,,,,,,,,,,,,,,,,,,,,,,,,,,,,-112,102,,,9.0,110,-130,,,,,,,,-112,102,,,9.0,112,-128,,,,,,,,-117,67,8.8,6
2026-04-03T22:02:48Z,manual,2026-04-03,2026-04-04T23:06:00Z,b8f46c3336a07f5da37ff815cf155d69,Texas Rangers,Cincinnati Reds,-144,122,-1.5,150,8.5,100,-122,,,,,,,,,,,,,,,,,,,,,,,,,,,,,-145,120,-1.5,140,8.0,-115,-105,,,,,,,,,,,,,,,,,,,,,,,,,,,,,,,,,,,,,,,,,,,,,,,,,,,,,,,,,-144,121,8.2,2
2026-04-03T22:02:48Z,manual,2026-04-03,2026-04-04T23:06:00Z,41fa4cec7f51caff22b1eab7e4523008,New York Yankees,Miami Marlins,-188,158,-1.5,114,7.5,-118,-104,-181,149,,,8.5,113,-136,,,,,,,,-178,150,,,8.5,115,-135,,,,,,,,-180,150,-1.5,120,7.5,-110,-110,,,,,,,,,,,,,,,,,,,,,,,,,,,,,-170,154,,,8.5,115,-135,,,,,,,,-170,154,,,8.5,117,-134,,,,,,,,-178,152,8.0,6
2026-04-03T22:02:48Z,manual,2026-04-03,2026-04-04T23:11:00Z,aa08785add4f89977cb0595e43894b03,Minnesota Twins,Tampa Bay Rays,-112,-104,1.5,-205,7.5,-124,102,-115,-105,,,8.0,109,-131,,,,,,,,-115,-105,,,8.0,110,-130,,,,,,,,-120,100,1.5,-200,7.5,-110,-110,,,,,,,,,,,,,,,,,,,,,,,,,,,,,-109,-101,,,8.0,110,-130,,,,,,,,-109,-101,,,8.0,112,-128,,,,,,,,-113,-69,7.8,6
2026-04-03T22:02:48Z,manual,2026-04-03,2026-04-04T23:15:00Z,fc7bf2ae162241d571b69f0d343c9788,Cleveland Guardians,Chicago Cubs,118,-138,1.5,-154,8.0,-105,-115,113,-136,,,8.0,-108,-112,,,,,,,,115,-135,,,8.0,100,-120,,,,,,,,115,-140,1.5,-145,8.0,-105,-115,,,,,,,,,,,,,,,,,,,,,,,,,,,,,117,-129,,,8.0,-102,-118,,,,,,,,117,-129,,,8.0,101,-116,,,,,,,,116,-134,8.0,6
2026-04-03T22:02:48Z,manual,2026-04-03,2026-04-04T23:16:00Z,312f9e53b1d64ed1a38adc48dd3b1ce7,Arizona Diamondbacks,Atlanta Braves,-110,-106,1.5,-182,9.5,-102,-120,-105,-115,,,9.5,-108,-112,,,,,,,,-110,-110,,,9.5,-110,-110,,,,,,,,,,,,,,,,,,,,,,,,,,,,,,,,,,,,,,,,,,,-105,-105,,,9.5,-110,-110,,,,,,,,-105,-105,,,9.5,-107,-107,,,,,,,,-107,-108,9.5,5
2026-04-03T22:02:48Z,manual,2026-04-03,2026-04-05T00:11:00Z,2c78d22f888a922842d18ab0938e9db4,Colorado Rockies,Philadelphia Phillies,194,-240,1.5,125,10.0,-115,-105,,,,,,,,,,,,,,,,,,,,,,,,,,,,,190,-235,1.5,125,10.0,-115,-105,,,,,,,,,,,,,,,,,,,,,,,,,,,,,,,,,,,,,,,,,,,,,,,,,,,,,,,,,192,-238,10.0,2
2026-04-03T22:02:48Z,manual,2026-04-03,2026-04-05T01:06:00Z,415818bc74e8e550d87f1a25d6276e94,San Francisco Giants,New York Mets,106,-124,1.5,-170,7.5,-120,-102,109,-131,,,7.5,-115,-105,,,,,,,,110,-130,,,7.5,-115,-105,,,,,,,,110,-130,1.5,-150,7.5,-110,-110,,,,,,,,,,,,,,,,,,,,,,,,,,,,,113,-125,,,7.5,-115,-105,,,,,,,,113,-125,,,7.5,-113,-102,,,,,,,,110,-128,7.5,6
2026-04-03T22:02:48Z,manual,2026-04-03,2026-04-05T01:39:00Z,a17bc682d534fc4be2a0873853346c69,Los Angeles Angels,Seattle Mariners,132,-156,1.5,-126,9.5,100,-122,139,-168,,,9.5,-105,-115,,,,,,,,140,-165,,,9.5,-105,-115,,,,,,,,,,,,,,,,,,,,,,,,,,,,,,,,,,,,,,,,,,,145,-160,,,9.5,-105,-115,,,,,,,,145,-160,,,9.5,-102,-113,,,,,,,,140,-162,9.5,5
2026-04-04T21:57:45Z,evening,2026-04-04,2026-04-04T20:06:00Z,da18e0cacf2048f6b3e14df98e9a184c,Pittsburgh Pirates,Baltimore Orioles,176,-230,1.5,-178,5.5,-152,114,142,-187,1.5,-191,6.5,103,-134,110,-140,1.5,-275,6.5,100,-125,145,-180,1.5,-180,6.5,100,-130,140,-200,1.0,-122,6.0,-132,-106,140,-185,1.5,-200,6.5,105,-140,165,-215,1.5,-186,6.0,-112,-114,140,-190,1.5,-210,6.5,100,-130,,,,,,,,135,-175,1.0,-130,6.0,-120,-110,,,,,,,,155,-200,1.5,-182,6.5,-118,-118,,,,,,,,,,,,,,,145,-190,6.0,10
2026-04-04T21:57:45Z,evening,2026-04-04,2026-04-04T20:06:00Z,cb5d17981ace91c9c0c11d20c49ea047,Washington Nationals,Los Angeles Dodgers,,,7.5,-110,13.5,-146,110,,,7.5,-114,14.5,112,-146,3300,-10000,7.5,-120,13.5,-155,120,,,7.5,-125,13.5,-150,120,,,7.5,-109,14.0,-113,-124,,,7.5,-105,13.5,-150,115,,,7.5,-105,14.0,-110,-117,,,7.5,-125,14.5,110,-145,,,,,,,,,,7.5,-130,14.0,-125,-105,,,,,,,,,,7.5,-111,14.5,-118,-125,,,,,,,,,,,,,,,3300,-10000,14.0,10
2026-04-04T21:57:45Z,evening,2026-04-04,2026-04-04T20:07:00Z,bb76dc664e8c6ea5005c7c5328bb484f,Athletics,Houston Astros,,,10.5,-130,15.5,104,-136,,,10.5,-145,14.5,-130,100,,,10.5,-120,14.5,-145,110,,,10.5,-110,14.5,-135,105,,,10.0,-104,15.0,-106,-132,,,10.5,-125,14.5,-110,-120,,,10.5,-114,15.0,-124,-104,,,10.5,-135,14.5,-150,115,,,,,,,,,,9.0,-110,13.5,-105,-125,,,,,,,,,,9.5,105,14.0,-125,-111,,,,,,,,,,,,,,,,,14.5,10
2026-04-04T21:57:45Z,evening,2026-04-04,2026-04-04T20:11:00Z,376d4054f0497d9efc59db45c18f76ae,Boston Red Sox,San Diego Padres,162,-210,1.5,-215,5.5,-136,102,155,-205,1.5,-198,5.5,-136,105,165,-210,1.5,-180,5.5,-135,105,145,-180,1.5,-190,6.5,105,-135,155,-220,1.0,-114,6.0,-109,-129,165,-220,1.5,-200,5.5,-140,105,163,-210,1.5,-210,6.0,-104,-124,170,-240,1.5,-200,5.5,-145,110,,,,,,,,155,-205,1.0,-110,6.0,-115,-115,,,,,,,,185,-250,1.5,-167,6.0,-125,-105,,,,,,,,,,,,,,,162,-215,6.0,10
2026-04-04T21:57:45Z,evening,2026-04-04,2026-04-04T23:06:00Z,b8f46c3336a07f5da37ff815cf155d69,Texas Rangers,Cincinnati Reds,-144,122,-1.5,146,8.5,-108,-112,-143,119,-1.5,144,8.5,-112,-108,-140,118,-1.5,145,8.5,-110,-110,-140,118,-1.5,143,8.5,-110,-110,-150,118,-1.5,150,8.5,-107,-117,-145,120,-1.5,150,8.5,-115,-105,-148,118,-1.5,150,8.5,-105,-115,-140,120,-1.5,145,8.5,-110,-110,,,,,,,,-143,120,-1.5,150,8.5,-120,100,-137,124,-1.5,147,8.5,-110,-110,-143,121,-1.5,140,8.5,-112,-109,-137,124,-1.5,148,8.5,-107,-107,-140,126,-1.5,144,8.5,-110,-110,-142,121,8.5,13
2026-04-04T21:57:45Z,evening,2026-04-04,2026-04-04T23:06:00Z,41fa4cec7f51caff22b1eab7e4523008,New York Yankees,Miami Marlins,-196,164,-1.5,112,7.5,102,-124,-201,164,-1.5,117,7.5,100,-121,-200,165,-1.5,110,7.5,100,-120,-205,170,-1.5,115,7.0,-110,-110,-215,170,-1.5,112,7.5,-103,-122,-200,165,-1.5,110,7.0,-115,-105,-210,170,-1.5,114,7.5,100,-121,-200,170,-1.5,115,7.5,115,-135,,,,,,,,-198,163,-1.5,115,7.0,-120,100,-195,175,-1.5,110,7.0,-115,-105,-208,175,-1.5,111,7.5,100,-122,-195,175,-1.5,113,7.0,-113,-102,-200,174,-1.5,115,7.0,-120,100,-202,169,7.2,13
2026-04-04T21:57:45Z,evening,2026-04-04,2026-04-04T23:11:00Z,b3e6bdc5fabee63ec7b5666bb48e3a9a,Kansas City Royals,Milwaukee Brewers,-108,-108,1.5,-172,8.0,-115,-105,-118,-102,1.5,-192,8.5,-104,-116,-110,-110,1.5,-190,8.0,-120,100,-120,100,-1.5,180,8.0,-125,105,-113,-109,1.5,-200,8.0,-106,-117,-115,-105,1.5,-190,8.5,-105,-115,-112,-109,1.5,-200,8.0,-105,-115,-115,-105,1.5,-190,8.5,100,-120,,,,,,,,-119,-101,-1.5,180,8.5,100,-120,-110,100,-1.5,175,8.0,-123,103,-115,-102,1.5,-221,8.0,-115,-106,-115,104,-1.5,174,8.0,-121,106,-112,102,-1.5,172,8.0,-125,105,-114,-42,8.2,13
2026-04-04T21:57:45Z,evening,2026-04-04,2026-04-04T23:11:00Z,aa08785add4f89977cb0595e43894b03,Minnesota Twins,Tampa Bay Rays,-104,-112,1.5,-182,7.5,-122,100,-105,-115,1.5,-171,8.0,-103,-117,-102,-118,,,8.0,-102,-118,-105,-115,1.5,-170,8.0,-110,-110,-114,-109,1.5,-200,7.5,-118,-106,-105,-115,1.5,-180,8.0,-105,-115,-113,-108,1.5,-200,7.5,-117,-105,-105,-115,1.5,-180,7.5,-125,105,,,,,,,,-103,-117,1.5,-180,8.0,-110,-110,100,-110,-1.5,203,7.5,-120,100,-104,-114,1.5,-179,8.0,-109,-112,100,-110,-1.5,208,7.5,-118,103,102,-112,-1.5,208,8.0,-105,-115,-58,-113,7.8,13
2026-04-04T21:57:45Z,evening,2026-04-04,2026-04-04T23:16:00Z,312f9e53b1d64ed1a38adc48dd3b1ce7,Arizona Diamondbacks,Atlanta Braves,-112,-104,1.5,-188,9.5,-108,-112,-113,-107,1.5,-170,9.5,-110,-110,-115,-105,1.5,-185,9.5,-110,-110,-115,-105,-1.5,162,9.5,-110,-110,-121,-104,1.5,-210,9.5,-108,-115,-115,-105,1.5,-180,9.5,-110,-110,-120,-103,1.5,-210,9.5,-107,-113,-115,-105,1.5,-180,9.5,-110,-110,,,,,,,,-117,-103,-1.5,175,9.5,-115,-105,-115,104,-1.5,168,9.5,-109,-111,-112,-105,1.5,-182,9.5,-112,-109,-115,104,-1.5,169,9.5,-106,-108,-113,103,-1.5,168,9.5,-110,-110,-115,-57,9.5,13
2026-04-04T21:57:45Z,evening,2026-04-04,2026-04-05T00:11:00Z,2c78d22f888a922842d18ab0938e9db4,Colorado Rockies,Philadelphia Phillies,198,-240,1.5,126,10.5,100,-122,209,-259,1.5,135,10.0,-108,-112,200,-250,2.5,-120,10.0,-110,-110,205,-250,1.5,140,10.0,-110,-110,195,-250,1.5,120,10.5,-104,-121,200,-245,1.5,125,10.0,-110,-110,195,-245,1.5,123,10.5,-103,-118,210,-250,2.5,-120,10.5,100,-120,,,,,,,,200,-245,1.5,130,10.0,-110,-110,210,-235,1.5,140,10.0,-110,-110,207,-250,2.5,-118,10.0,-109,-112,210,-235,1.5,141,10.0,-107,-107,202,-235,1.5,140,10.0,-110,-110,203,-245,10.2,13
2026-04-04T21:57:45Z,evening,2026-04-04,2026-04-05T01:06:00Z,415818bc74e8e550d87f1a25d6276e94,San Francisco Giants,New York Mets,-106,-110,1.5,-178,7.5,-115,-105,-108,-112,1.5,-181,8.0,-102,-119,-105,-115,1.5,-175,7.5,-115,-105,-105,-115,1.5,-178,7.5,-120,100,-103,-124,1.5,-175,8.0,-108,-115,-110,-110,1.5,-180,7.5,-120,100,-103,-124,1.5,-175,8.0,-107,-114,-105,-115,1.5,-175,7.5,-115,-105,,,,,,,,-112,-108,-1.5,195,8.0,-105,-115,-106,-104,1.5,-175,7.5,-123,103,-106,-110,1.5,-182,7.5,-115,-106,-106,-104,1.5,-175,7.5,-121,106,-106,-104,1.5,-175,7.5,-120,100,-106,-112,7.8,13
2026-04-04T21:57:45Z,evening,2026-04-04,2026-04-05T01:39:00Z,a17bc682d534fc4be2a0873853346c69,Los Angeles Angels,Seattle Mariners,132,-156,1.5,-118,9.5,-108,-112,135,-163,1.5,-120,9.5,-108,-112,140,-170,1.5,-115,9.5,-105,-115,135,-160,1.5,-120,9.5,-110,-110,128,-159,1.5,-125,9.5,-112,-112,135,-165,1.5,-120,9.5,-110,-110,123,-150,1.5,-130,9.5,-105,-115,140,-165,1.5,-120,9.5,-105,-115,,,,,,,,131,-157,1.5,-125,9.5,-110,-110,141,-156,1.5,-120,9.5,-110,-110,134,-159,1.5,-122,9.5,-106,-115,141,-156,1.5,-117,9.5,-107,-107,139,-156,1.5,-120,9.5,-110,-110,135,-159,9.5,13
2026-04-04T21:57:45Z,evening,2026-04-04,2026-04-05T17:36:00Z,2b9ccede64dae0b4bcf9d3be43f46109,Pittsburgh Pirates,Baltimore Orioles,-120,102,1.5,-184,8.5,100,-122,-126,104,,,8.5,-105,-115,,,,,,,,-125,105,,,8.5,-105,-115,,,,,,,,-125,105,-1.5,155,8.5,-105,-115,,,,,,,,,,,,,,,,,,,,,,,,,,,,,-121,110,,,8.5,-105,-115,,,,,,,,-121,110,,,8.5,-102,-113,-120,109,,,8.5,-105,-115,-123,106,8.5,7
2026-04-04T21:57:45Z,evening,2026-04-04,2026-04-05T17:36:00Z,a90501690931f0257555636a2bba3fbf,Boston Red Sox,San Diego Padres,-144,122,-1.5,132,9.0,-110,-110,-156,129,,,9.0,-108,-112,,,,,,,,-160,135,,,9.0,-105,-115,,,,,,,,,,,,,,,,,,,,,,,,,,,,,,,,,,,,,,,,,,,-153,139,,,9.0,-105,-115,,,,,,,,-153,139,,,9.0,-102,-113,-155,138,,,9.0,-105,-115,-154,134,9.0,6
2026-04-04T21:57:45Z,evening,2026-04-04,2026-04-05T17:36:00Z,11db8321335040098def7d046fc1e7fd,Washington Nationals,Los Angeles Dodgers,168,-200,1.5,104,9.0,-110,-110,179,-219,,,9.5,104,-126,,,,,,,,175,-210,,,9.5,105,-125,,,,,,,,,,,,,,,,,,,,,,,,,,,,,,,,,,,,,,,,,,,180,-200,,,9.5,105,-125,,,,,,,,180,-200,,,9.5,107,-123,174,-200,,,9.5,105,-125,176,-205,9.2,6
2026-04-04T21:57:45Z,evening,2026-04-04,2026-04-05T17:36:00Z,6cfb88cfd2f02bcfc42f9513be8da728,New York Yankees,Miami Marlins,-275,225,-1.5,-126,8.5,100,-122,-286,229,,,8.0,-118,-102,,,,,,,,-285,228,,,8.0,-115,-105,,,,,,,,-275,220,-1.5,-130,8.0,-115,-105,,,,,,,,,,,,,,,,,,,,,,,,,,,,,-260,231,,,8.0,-115,-105,,,,,,,,-260,231,,,8.0,-113,-102,,,,,,,,-274,227,8.2,6
2026-04-04T21:57:45Z,evening,2026-04-04,2026-04-05T17:40:00Z,29fe747229e417a970662db96f7b507a,Cleveland Guardians,Chicago Cubs,,,,,,,,-105,-115,,,7.5,102,-122,,,,,,,,-105,-115,,,7.5,100,-120,,,,,,,,,,,,,,,,,,,,,,,,,,,,,,,,,,,,,,,,,,,-102,-108,,,7.5,-102,-118,,,,,,,,-102,-108,,,7.5,101,-116,,,,,,,,-104,-112,7.5,4
2026-04-04T21:57:45Z,evening,2026-04-04,2026-04-05T18:11:00Z,318f813f9377b7ebede8b485f5ebef63,Chicago White Sox,Toronto Blue Jays,126,-148,1.5,-137,8.0,-110,-110,119,-143,,,8.5,102,-122,,,,,,,,122,-145,,,8.5,100,-120,,,,,,,,120,-145,1.5,-130,8.0,-115,-105,,,,,,,,,,,,,,,,,,,,,,,,,,,,,127,-140,,,8.5,100,-120,,,,,,,,127,-140,,,8.5,103,-118,125,-138,,,8.5,100,-120,124,-143,8.2,7
2026-04-04T21:57:45Z,evening,2026-04-04,2026-04-05T18:11:00Z,6e92e4380327a4202b28a449cec82e36,Kansas City Royals,Milwaukee Brewers,-132,112,-1.5,150,7.5,-122,100,-120,100,,,8.0,-102,-118,,,,,,,,-125,105,,,8.0,100,-120,,,,,,,,-125,105,-1.5,165,7.5,-115,-105,,,,,,,,,,,,,,,,,,,,,,,,,,,,,-118,107,,,8.0,105,-125,,,,,,,,-118,107,,,8.0,107,-123,-120,109,,,8.0,105,-125,-123,106,7.8,7
2026-04-04T21:57:45Z,evening,2026-04-04,2026-04-05T18:11:00Z,e7c8fd226080f70fcf82e59c4705ede9,Minnesota Twins,Tampa Bay Rays,-116,-102,1.5,-184,8.5,102,-124,-115,-105,,,8.0,-112,-108,,,,,,,,-115,-105,,,8.0,-105,-115,,,,,,,,-115,-105,1.5,-190,8.0,-110,-110,,,,,,,,,,,,,,,,,,,,,,,,,,,,,-113,103,,,8.0,-105,-115,,,,,,,,-113,103,,,8.0,-102,-113,,,,,,,,-114,-35,8.2,6
2026-04-04T21:57:45Z,evening,2026-04-04,2026-04-05T18:36:00Z,4c267806bb7b5fed26df010d063685b8,Texas Rangers,Cincinnati Reds,-118,100,1.5,-192,7.5,-122,100,-126,104,,,8.0,-108,-112,,,,,,,,-125,105,,,8.0,-110,-110,,,,,,,,-125,105,-1.5,165,8.0,-110,-110,,,,,,,,,,,,,,,,,,,,,,,,,,,,,-118,107,,,8.0,-110,-110,,,,,,,,-118,107,,,8.0,-107,-107,,,,,,,,-122,105,7.8,6
2026-04-04T21:57:45Z,evening,2026-04-04,2026-04-05T19:11:00Z,91cb43db006ffd2bfb2bb937ec974414,Colorado Rockies,Philadelphia Phillies,136,-162,1.5,-106,11.0,-122,100,141,-171,,,11.0,-120,100,,,,,,,,143,-170,,,11.0,-120,100,,,,,,,,140,-170,1.5,-110,11.0,-115,-105,,,,,,,,,,,,,,,,,,,,,,,,,,,,,147,-163,,,11.0,-115,-105,,,,,,,,147,-163,,,11.0,-113,-102,,,,,,,,142,-166,11.0,6
2026-04-04T21:57:45Z,evening,2026-04-04,2026-04-05T20:06:00Z,ac0a6ca9e9cf87ea71536972e31230cc,Athletics,Houston Astros,-102,-116,1.5,-160,9.5,-124,102,104,-126,,,10.0,-108,-112,,,,,,,,105,-125,,,10.0,-110,-110,,,,,,,,105,-125,1.5,-155,10.0,-110,-110,,,,,,,,,,,,,,,,,,,,,,,,,,,,,110,-121,,,10.0,-110,-110,,,,,,,,110,-121,,,10.0,-107,-107,109,-120,,,10.0,-110,-110,77,-122,9.8,7
2026-04-04T21:57:45Z,evening,2026-04-04,2026-04-05T20:06:00Z,f546541ad061224570d6c2508ff82661,San Francisco Giants,New York Mets,-120,102,-1.5,162,7.5,-105,-115,-120,100,,,7.5,102,-122,,,,,,,,-120,100,,,7.5,-105,-115,,,,,,,,-115,-105,1.5,-190,7.5,-105,-115,,,,,,,,,,,,,,,,,,,,,,,,,,,,,-115,104,,,7.5,-105,-115,,,,,,,,-115,104,,,7.5,-102,-113,,,,,,,,-118,68,7.5,6
2026-04-04T21:57:45Z,evening,2026-04-04,2026-04-05T20:08:00Z,f9328a738af71bb6fd039c0c537f6b09,Los Angeles Angels,Seattle Mariners,140,-166,1.5,-115,9.0,-115,-105,141,-171,,,9.5,104,-126,,,,,,,,140,-165,,,9.5,105,-125,,,,,,,,,,,,,,,,,,,,,,,,,,,,,,,,,,,,,,,,,,,145,-160,,,9.5,105,-125,,,,,,,,145,-160,,,9.5,107,-123,,,,,,,,142,-164,9.2,5
2026-04-04T21:57:45Z,evening,2026-04-04,2026-04-05T23:21:00Z,1c62c9b04fe7901aa7c4acfe7d37c949,Detroit Tigers,St. Louis Cardinals,-136,116,-1.5,138,8.0,-110,-110,-136,113,,,8.0,100,-120,,,,,,,,-135,115,,,8.0,-105,-115,,,,,,,,-140,115,-1.5,140,8.0,-110,-110,,,,,,,,,,,,,,,,,,,,,,,,,,,,,-130,118,,,8.0,-110,-110,,,,,,,,-130,118,,,8.0,-107,-107,-130,118,,,8.0,-110,-110,-134,116,8.0,7
