snapshot_time,snapshot_label,game_date,commence_time,event_id,home_team,away_team,FanDuel_home_ml,FanDuel_away_ml,FanDuel_home_spread,FanDuel_home_spread_odds,FanDuel_total,FanDuel_over_odds,FanDuel_under_odds,DraftKings_home_ml,DraftKings_away_ml,DraftKings_home_spread,DraftKings_home_spread_odds,DraftKings_total,DraftKings_over_odds,DraftKings_under_odds,BetMGM_home_ml,BetMGM_away_ml,BetMGM_home_spread,BetMGM_home_spread_odds,BetMGM_total,BetMGM_over_odds,BetMGM_under_odds,Caesars_home_ml,Caesars_away_ml,Caesars_home_spread,Caesars_home_spread_odds,Caesars_total,Caesars_over_odds,Caesars_under_odds,BetRivers_home_ml,BetRivers_away_ml,BetRivers_home_spread,BetRivers_home_spread_odds,BetRivers_total,BetRivers_over_odds,BetRivers_under_odds,Fanatics_home_ml,Fanatics_away_ml,Fanatics_home_spread,Fanatics_home_spread_odds,Fanatics_total,Fanatics_over_odds,Fanatics_under_odds,betPARX_home_ml,betPARX_away_ml,betPARX_home_spread,betPARX_home_spread_odds,betPARX_total,betPARX_over_odds,betPARX_under_odds,theScore_home_ml,theScore_away_ml,theScore_home_spread,theScore_home_spread_odds,theScore_total,theScore_over_odds,theScore_under_odds,PointsBet_home_ml,PointsBet_away_ml,PointsBet_home_spread,PointsBet_home_spread_odds,PointsBet_total,PointsBet_over_odds,PointsBet_under_odds,Bovada_home_ml,Bovada_away_ml,Bovada_home_spread,Bovada_home_spread_odds,Bovada_total,Bovada_over_odds,Bovada_under_odds,BetOnline_home_ml,BetOnline_away_ml,BetOnline_home_spread,BetOnline_home_spread_odds,BetOnline_total,BetOnline_over_odds,BetOnline_under_odds,MyBookie_home_ml,MyBookie_away_ml,MyBookie_home_spread,MyBookie_home_spread_odds,MyBookie_total,MyBookie_over_odds,MyBookie_under_odds,LowVig_home_ml,LowVig_away_ml,LowVig_home_spread,LowVig_home_spread_odds,LowVig_total,LowVig_over_odds,LowVig_under_odds,BetUS_home_ml,BetUS_away_ml,BetUS_home_spread,BetUS_home_spread_odds,BetUS_total,BetUS_over_odds,BetUS_under_odds,consensus_home_ml,consensus_away_ml,consensus_total,book_count
2026-03-08T23:57:34Z,closing,2026-03-08,2026-03-08T22:10:00Z,006622ec4db6bee347f96611117716b1,Miami Heat,Detroit Pistons,-50000,3500,-21.5,-114,237.5,-108,-122,-100000,4000,-21.5,-115,233.5,-115,-115,-10000,3300,-22.5,-110,233.5,-102,-125,,,-20.5,-110,236.5,-110,-120,,,-21.5,-113,234.5,-118,-118,,,-23.5,-115,235.5,-115,-115,,,-22.5,-115,233.0,-117,-114,,,-21.5,-125,237.5,-105,-125,,,,,,,,,,-22.0,-110,238.5,-120,-110,,,,,,,,,,-20.5,-125,238.5,-125,-111,,,,,,,,,,,,,,,-53333,3600,235.6,10
2026-03-08T23:57:34Z,closing,2026-03-08,2026-03-08T22:12:00Z,1f7f16be27b4d4686fb80a5ca7952320,Toronto Raptors,Dallas Mavericks,,,-23.5,-128,213.5,-102,-130,,,-25.5,-120,213.5,-125,-105,-10000,3300,-24.5,-110,214.5,-105,-125,,,-23.5,-110,213.5,-110,-120,,,-24.0,-120,214.0,-112,-124,,,-23.5,-115,212.5,-120,-105,,,-24.0,-118,214.0,-109,-122,,,-24.5,-120,213.5,-115,-115,,,,,,,,,,-21.0,-115,212.0,-120,-110,,,,,,,,,,-18.5,-125,211.5,-125,-105,,,,,,,,,,,,,,,-10000,3300,213.0,10
2026-03-08T23:57:34Z,closing,2026-03-08,2026-03-08T23:11:00Z,3eecd922fd730ebc566975991090dd48,New Orleans Pelicans,Washington Wizards,-720,450,-10.5,-130,255.5,-132,100,-660,420,-10.5,-125,253.5,-110,-120,-475,325,-9.5,-118,253.5,-110,-115,-500,350,-10.5,-110,254.5,-110,-120,-560,360,-9.5,-120,253.5,-120,-117,-630,400,-10.5,-105,254.5,-120,-110,-560,390,-9.5,-118,253.5,-117,-114,-650,400,-10.5,-120,255.5,-125,-105,,,,,,,,-460,305,-9.5,-110,249.0,-115,-115,,,,,,,,-400,275,-8.5,-111,251.5,-111,-111,,,,,,,,,,,,,,,-562,368,252.8,10
2026-03-08T23:57:34Z,closing,2026-03-08,2026-03-09T00:10:00Z,3746240cd5d317c0378756467f415c9b,San Antonio Spurs,Houston Rockets,-240,198,-5.5,-114,222.5,-110,-110,-230,190,-6.5,100,223.5,-105,-115,-225,185,-5.5,-105,222.5,-110,-110,-225,185,-5.5,-110,223.0,-110,-110,-225,175,-5.5,-109,223.0,-112,-112,-225,185,-6.0,-110,223.0,-110,-110,-220,175,-5.5,-108,223.0,-110,-110,-225,190,-6.5,-105,223.5,-105,-115,,,,,,,,-225,185,-6.0,-105,222.0,-110,-110,-220,186,-6.0,-113,223.0,-112,-108,-227,180,-5.5,-110,222.5,-110,-110,-219,188,-6.0,-109,223.0,-109,-105,-230,195,-6.0,-110,223.0,-110,-110,-226,186,222.8,13
2026-03-08T23:57:34Z,closing,2026-03-08,2026-03-09T00:10:00Z,58bd4973656bdf3ba502e52d0343d381,Milwaukee Bucks,Orlando Magic,180,-215,6.0,-106,217.5,-108,-112,185,-225,6.5,-115,216.5,-112,-108,180,-220,6.5,-115,217.5,-110,-110,185,-225,6.5,-110,217.0,-110,-110,185,-235,6.5,-115,216.5,-112,-112,175,-210,6.0,-110,217.0,-110,-110,185,-235,6.5,-114,216.5,-110,-110,180,-215,6.5,-115,217.5,-110,-110,,,,,,,,170,-200,6.0,-110,217.5,-110,-110,183,-215,6.0,-105,217.0,-110,-110,179,-222,6.0,-110,217.0,-110,-110,185,-214,6.0,-101,217.0,-107,-107,183,-215,6.0,-105,217.5,-110,-110,181,-219,217.0,13
2026-03-08T23:57:34Z,closing,2026-03-08,2026-03-09T01:10:00Z,0921e076bc572536f8a2ecd29ce1c426,Sacramento Kings,Chicago Bulls,136,-162,3.5,-106,238.5,-110,-110,142,-170,3.5,-105,238.5,-110,-110,140,-170,3.5,-105,238.5,-110,-110,140,-165,4.0,-110,238.0,-115,-105,130,-162,3.5,-112,238.0,-113,-110,140,-170,4.0,-110,238.0,-110,-110,130,-159,3.5,-110,238.0,-112,-109,145,-170,3.5,100,238.5,-110,-110,,,,,,,,145,-170,4.0,-115,238.5,-110,-110,140,-160,4.0,-116,238.0,-115,-105,137,-169,4.0,-110,237.5,-110,-110,141,-160,4.0,-112,238.0,-113,-102,142,-165,4.0,-110,238.0,-110,-110,139,-166,238.0,13
2026-03-08T23:57:34Z,closing,2026-03-08,2026-03-09T01:10:00Z,deb6b3ad949cc94864c1b0bc8d76ea12,Portland Trail Blazers,Indiana Pacers,-400,315,-9.5,-106,238.5,-108,-112,-425,330,-9.5,-105,238.5,-105,-115,-450,340,-9.5,-105,238.5,-105,-115,-455,345,-9.5,-105,238.0,-110,-110,-455,330,-9.5,-113,238.5,-110,-112,-425,330,-9.5,-110,238.0,-110,-110,-455,335,-9.5,-112,238.5,-109,-112,-425,320,-9.5,100,238.5,-105,-115,,,,,,,,-415,310,-9.0,-115,238.0,-110,-110,-435,340,-9.5,-105,238.0,-110,-110,-455,328,-9.5,-110,238.0,-110,-110,-429,346,-9.5,-101,238.0,-107,-107,-435,340,-9.5,-110,238.0,-110,-110,-435,331,238.2,13
2026-03-08T23:57:34Z,closing,2026-03-08,2026-03-09T02:10:00Z,730f1c3bdb79a1e2e7b62bf3babd5e0a,Phoenix Suns,Charlotte Hornets,160,-190,4.5,-110,218.5,-112,-108,160,-192,4.5,-112,219.5,-105,-115,155,-190,4.5,-110,219.5,-105,-115,158,-190,4.5,-105,219.0,-110,-110,155,-195,4.5,-110,218.5,-110,-113,165,-200,5.0,-110,219.0,-110,-110,155,-190,4.5,-109,218.5,-109,-112,160,-190,4.5,-110,218.5,-115,-105,,,,,,,,165,-195,5.0,-115,219.0,-110,-110,160,-183,4.5,-110,219.0,-110,-110,154,-192,4.5,-110,219.0,-110,-110,161,-183,4.5,-106,219.0,-107,-107,163,-190,4.5,-110,218.5,-110,-110,159,-191,219.0,13
2026-03-08T23:57:34Z,closing,2026-03-08,2026-03-09T23:10:00Z,45df97b54d688962ca73235c4837a580,Cleveland Cavaliers,Philadelphia 76ers,-480,370,-10.5,-110,225.5,-110,-110,,,,,,,,,,,,,,,,,,,,,,,,,,,,,,,,,,,,,,,,,,,,,,,,,,,,,,,,,,,,,,,,,,,,,,,,,,,,,,,,,,,,,,,,,,,,-480,370,225.5,1
2026-03-08T23:57:34Z,closing,2026-03-08,2026-03-09T23:40:00Z,0b99caf66dc0e57b0a2bb492e66e9b48,Oklahoma City Thunder,Denver Nuggets,-295,240,-7.5,-110,231.5,-114,-106,-285,230,-7.5,-105,231.5,-110,-110,,,,,,,,-305,240,-7.5,-105,231.5,-110,-110,-305,235,-7.5,-112,231.5,-112,-112,-285,230,-7.5,-110,231.5,-110,-110,-305,240,-7.5,-110,231.5,-110,-110,-280,230,-7.5,-105,231.5,-110,-110,,,,,,,,,,,,,,,,,,,,,,-303,232,-7.5,-110,231.5,-110,-110,,,,,,,,,,,,,,,-295,235,231.5,8
2026-03-09T23:58:04Z,closing,2026-03-09,2026-03-09T23:12:00Z,45df97b54d688962ca73235c4837a580,Cleveland Cavaliers,Philadelphia 76ers,-4500,1200,-18.5,-114,211.5,-118,-112,-4000,1500,-18.5,-110,211.5,-120,-110,-10000,1400,-19.5,-110,214.5,-115,-115,-2500,1000,-17.5,-115,212.5,-115,-115,-10000,1200,-19.0,-118,213.5,-120,-117,-5000,1500,-20.5,-110,214.5,-115,-110,-10000,1500,-19.0,-117,213.5,-117,-114,-5000,1800,-19.5,-120,214.5,-115,-115,,,,,,,,,,-19.0,-115,214.0,-115,-115,,,,,,,,,,-20.5,-105,216.5,-118,-111,,,,,,,,,,,,,,,-6375,1388,213.8,10
2026-03-09T23:58:04Z,closing,2026-03-09,2026-03-09T23:41:00Z,cb3e1961956f4bc06c934db6acb30b32,Brooklyn Nets,Memphis Grizzlies,114,-146,2.5,-114,225.5,-102,-130,114,-145,2.5,-120,224.5,-120,-110,110,-140,2.5,-115,225.5,-110,-118,125,-160,2.5,-110,224.5,-115,-115,120,-157,3.0,-115,224.0,-121,-115,120,-160,2.5,-120,220.5,-135,-115,123,-155,3.0,-114,224.0,-118,-113,110,-140,2.5,-120,223.5,-110,-120,,,,,,,,115,-150,2.5,-115,222.0,-110,-120,,,,,,,,110,-143,2.5,-118,221.5,-111,-118,,,,,,,,,,,,,,,116,-150,223.1,10
2026-03-09T23:58:04Z,closing,2026-03-09,2026-03-09T23:43:00Z,0b99caf66dc0e57b0a2bb492e66e9b48,Oklahoma City Thunder,Denver Nuggets,130,-166,3.5,-122,244.5,-128,-104,-105,-125,1.5,-120,245.5,-120,-110,110,-140,2.5,-115,246.5,-118,-110,165,-210,5.5,-125,244.5,-115,-115,106,-137,2.0,-117,248.0,-118,-118,150,-200,5.5,-120,243.5,-115,-115,110,-136,2.0,-115,248.0,-115,-115,150,-190,4.5,-115,243.5,-110,-120,,,,,,,,155,-205,5.0,-115,242.0,-115,-115,-142,122,-3.5,-105,236.5,-107,-113,145,-182,4.5,-111,240.5,-118,-105,-141,124,-3.5,-101,236.5,-104,-110,,,,,,,,69,-120,243.4,12
2026-03-09T23:58:04Z,closing,2026-03-09,2026-03-10T01:10:00Z,e9b7eed293592882faf41217d4cdfea9,Utah Jazz,Golden State Warriors,220,-270,6.5,-110,224.5,-110,-110,215,-265,6.5,-110,224.5,-110,-110,220,-275,6.5,-110,223.5,-118,-110,222,-278,6.5,-110,225.0,-110,-110,205,-265,6.5,-113,224.5,-113,-110,210,-260,6.5,-110,224.0,-110,-110,205,-265,6.5,-112,224.5,-112,-109,220,-270,6.5,-110,224.5,-110,-110,,,,,,,,215,-260,6.5,-115,224.0,-110,-110,215,-260,6.5,-110,224.5,-110,-110,210,-270,6.5,-110,224.5,-110,-110,218,-258,6.5,-106,224.5,-107,-107,218,-260,6.5,-110,224.5,-110,-110,215,-266,224.2,13
2026-03-09T23:58:04Z,closing,2026-03-09,2026-03-10T02:10:00Z,1fc5f15b45f76793f11e64508b1222c3,Los Angeles Clippers,New York Knicks,118,-136,2.5,-114,220.5,-110,-110,114,-135,2.5,-115,219.5,-115,-105,115,-140,2.5,-110,220.5,-110,-110,115,-135,2.5,-115,220.0,-110,-110,114,-141,2.5,-112,220.0,-113,-110,110,-130,2.0,-110,220.5,-110,-110,115,-139,2.5,-112,220.0,-112,-109,115,-135,2.5,-115,220.5,-110,-110,,,,,,,,110,-130,2.0,-110,220.0,-115,-105,115,-135,2.5,-113,220.5,-107,-113,113,-139,2.5,-110,220.5,-110,-110,117,-133,2.5,-109,220.5,-104,-110,110,-130,2.0,-110,220.5,-110,-110,114,-135,220.0,13
2026-03-09T23:58:04Z,closing,2026-03-09,2026-03-10T23:40:00Z,abc7626b6e289bd9003f66cd3df84349,Atlanta Hawks,Dallas Mavericks,-390,310,-9.0,-114,240.5,-110,-110,-360,285,-8.5,-110,238.5,-115,-105,,,,,,,,-355,278,-8.5,-110,238.5,-115,-105,,,,,,,,-350,280,-8.5,-110,239.5,-110,-110,,,,,,,,-380,290,-8.5,-115,239.5,-110,-110,,,,,,,,,,,,,,,,,,,,,,,,,,,,,,,,,,,,,,,,,,,-367,289,239.5,5
2026-03-09T23:58:04Z,closing,2026-03-09,2026-03-10T23:40:00Z,9421796c001c679383541d472b15be1f,Brooklyn Nets,Detroit Pistons,660,-1000,14.5,-110,217.5,-106,-114,650,-1000,14.5,-110,216.5,-110,-110,,,,,,,,650,-1000,14.5,-110,216.5,-110,-110,,,,,,,,650,-1000,14.5,-110,217.0,-110,-110,,,,,,,,600,-1000,14.5,-110,216.5,-115,-105,,,,,,,,,,,,,,,,,,,,,,,,,,,,,,,,,,,,,,,,,,,642,-1000,217.0,5
2026-03-09T23:58:04Z,closing,2026-03-09,2026-03-10T23:40:00Z,565b25ab007865785e752c67dfb61e99,Miami Heat,Washington Wizards,-950,660,-15.5,-114,242.5,-110,-110,-1200,750,-15.5,-110,241.5,-110,-110,,,,,,,,-1100,700,-15.5,-110,241.5,-110,-110,,,,,,,,-1100,700,-15.5,-110,241.5,-110,-110,,,,,,,,-1600,800,-15.5,-115,241.5,-115,-105,,,,,,,,,,,,,,,,,,,,,,,,,,,,,,,,,,,,,,,,,,,-1190,722,242.0,5
2026-03-09T23:58:04Z,closing,2026-03-09,2026-03-11T00:10:00Z,e989d01a7b748cf7e0c892b5259ea99d,San Antonio Spurs,Boston Celtics,-154,130,-3.5,-110,222.5,-110,-110,-162,136,-3.5,-112,222.5,-110,-110,,,,,,,,-165,140,-3.5,-115,222.5,-110,-110,-150,120,-3.0,-113,222.5,-110,-113,-160,130,-3.5,-110,222.5,-110,-110,-148,123,-3.0,-112,222.5,-109,-112,-150,130,-3.5,-110,222.5,-110,-110,,,,,,,,,,,,,,,,,,,,,,,,,,,,,,,,,,,,,,,,,,,-156,130,222.5,7
2026-03-09T23:58:04Z,closing,2026-03-09,2026-03-11T00:10:00Z,f9792224d24b63aa28a24224ea099225,Houston Rockets,Toronto Raptors,-220,180,-5.5,-110,218.5,-105,-115,-218,180,-5.5,-105,218.5,-110,-110,,,,,,,,-225,185,-5.5,-105,218.5,-110,-110,-230,180,-5.5,-109,219.0,-109,-114,-200,165,-5.5,-110,218.5,-110,-110,-225,180,-5.5,-108,218.5,-113,-108,-210,175,-5.5,-105,218.5,-105,-115,,,,,,,,,,,,,,,,,,,,,,,,,,,,,,,,,,,,,,,,,,,-218,178,218.8,7
2026-03-09T23:58:04Z,closing,2026-03-09,2026-03-11T00:10:00Z,133cc0d0b8283948b909c38cc93d2d62,Milwaukee Bucks,Phoenix Suns,102,-120,1.5,-110,217.5,-108,-112,110,-130,1.5,-105,218.5,-105,-115,,,,,,,,105,-125,1.5,-105,217.5,-110,-110,,,,,,,,105,-125,2.0,-110,218.0,-110,-110,,,,,,,,110,-130,1.5,-105,217.5,-110,-110,,,,,,,,,,,,,,,,,,,,,,,,,,,,,,,,,,,,,,,,,,,106,-126,218.0,5
2026-03-09T23:58:04Z,closing,2026-03-09,2026-03-11T02:10:00Z,25729251b2eb774717c748181096b0be,Portland Trail Blazers,Charlotte Hornets,132,-156,3.5,-114,229.5,-110,-110,130,-155,3.5,-110,229.5,-110,-110,,,,,,,,140,-165,3.5,-110,229.5,-110,-110,128,-159,3.5,-112,229.5,-112,-112,130,-160,3.5,-110,229.5,-110,-110,130,-159,3.5,-110,229.5,-110,-110,135,-155,3.5,-115,229.5,-110,-110,,,,,,,,,,,,,,,,,,,,,,,,,,,,,,,,,,,,,,,,,,,132,-158,229.5,7
2026-03-09T23:58:04Z,closing,2026-03-09,2026-03-11T02:10:00Z,c248f3294c1e35f27919ab0f49322752,Golden State Warriors,Chicago Bulls,-235,194,-6.5,-106,228.5,-114,-106,,,,,,,,,,,,,,,,,,,,,,,,,,,,,,,,,,,,,,,,,,,,,,,,,,,,,,,,,,,,,,,,,,,,,,,,,,,,,,,,,,,,,,,,,,,,-235,194,228.5,1
2026-03-09T23:58:04Z,closing,2026-03-09,2026-03-11T03:10:00Z,4df738bb19716e5b1ea6f389fa1fd60d,Los Angeles Lakers,Minnesota Timberwolves,104,-122,1.5,-108,232.5,-114,-106,100,-120,1.5,-110,232.5,-110,-110,,,,,,,,100,-120,1.5,-110,232.5,-110,-110,100,-122,1.5,-112,232.5,-113,-109,100,-120,1.5,-110,232.5,-110,-110,100,-121,1.5,-110,232.5,-112,-108,105,-125,1.5,-110,232.5,-110,-110,,,,,,,,,,,,,,,,,,,,,,,,,,,,,,,,,,,,,,,,,,,101,-121,232.5,7
2026-03-10T23:58:15Z,closing,2026-03-10,2026-03-10T23:12:00Z,e735f6e9e8e98e8b92c380f09760ec3f,Philadelphia 76ers,Memphis Grizzlies,-250,190,-5.5,-112,247.5,-106,-125,-220,170,-5.5,-110,247.5,-115,-115,-250,190,-5.5,-115,247.5,-115,-115,-260,200,-5.5,-110,245.5,-115,-115,-240,180,-5.0,-120,248.0,-120,-117,-250,185,-5.5,-110,246.5,-115,-115,-240,185,-5.0,-118,248.0,-117,-114,-220,170,-5.5,-110,247.5,-110,-120,,,,,,,,-165,125,-3.0,-115,245.5,-115,-115,,,,,,,,-200,155,-4.5,-118,245.5,-111,-118,,,,,,,,,,,,,,,-230,175,246.9,10
2026-03-10T23:58:15Z,closing,2026-03-10,2026-03-10T23:41:00Z,9421796c001c679383541d472b15be1f,Brooklyn Nets,Detroit Pistons,1300,-5000,18.5,108,222.5,-128,-104,1500,-4000,20.5,-115,222.5,-110,-120,1400,-10000,20.5,-118,221.5,-115,-110,1800,-6000,20.5,-110,223.5,-115,-115,1100,-5000,20.0,-115,223.5,-117,-118,1300,-3500,19.5,-110,222.5,-110,-115,1300,-5000,20.0,-114,223.5,-115,-115,1300,-3500,21.5,-120,223.5,-110,-120,,,,,,,,,,20.0,-115,223.0,-110,-120,,,,,,,,1125,-5000,19.5,-105,222.5,-118,-111,,,,,,,,,,,,,,,1347,-5222,222.6,10
2026-03-10T23:58:15Z,closing,2026-03-10,2026-03-10T23:41:00Z,565b25ab007865785e752c67dfb61e99,Miami Heat,Washington Wizards,-1450,700,-15.5,-114,240.5,-112,-118,-1950,950,-16.5,-110,240.5,-120,-110,-1400,700,-15.5,-118,240.5,-118,-110,-1800,850,-16.5,-105,241.5,-115,-115,-1667,700,-16.5,-115,241.0,-117,-120,-1300,700,-15.5,-115,239.5,-115,-115,-1667,800,-16.5,-114,241.0,-114,-117,-2500,1000,-16.5,-115,241.5,-115,-115,,,,,,,,-1400,700,-16.0,-115,242.0,-115,-115,,,,,,,,-1667,750,-15.5,-111,241.5,-118,-111,,,,,,,,,,,,,,,-1680,785,240.9,10
2026-03-10T23:58:15Z,closing,2026-03-10,2026-03-10T23:42:00Z,abc7626b6e289bd9003f66cd3df84349,Atlanta Hawks,Dallas Mavericks,-850,500,-13.5,-108,241.5,-128,-104,-1050,600,-12.5,-120,240.5,-115,-115,-1000,550,-13.5,-110,242.5,-118,-110,-900,550,-14.5,-115,241.5,-115,-115,-1250,600,-15.0,-114,244.0,-120,-117,-900,500,-13.5,-115,242.5,-105,-115,-1250,700,-15.0,-113,244.0,-117,-114,-1400,700,-14.5,-115,243.5,-120,-110,,,,,,,,-900,500,-13.5,-115,233.5,-115,-115,,,,,,,,-714,450,-11.5,-105,239.5,-111,-118,,,,,,,,,,,,,,,-1021,565,240.7,10
2026-03-10T23:58:15Z,closing,2026-03-10,2026-03-11T00:10:00Z,e989d01a7b748cf7e0c892b5259ea99d,San Antonio Spurs,Boston Celtics,-154,130,-3.5,-112,220.5,-115,-105,-162,136,-3.5,-115,221.5,-105,-115,-170,140,-3.5,-110,221.5,-105,-115,-155,130,-3.5,-115,220.5,-115,-105,-155,125,-3.0,-114,221.5,-113,-110,-160,130,-4.0,-110,221.0,-110,-110,-155,125,-3.0,-113,221.5,-112,-109,-155,135,-3.5,-110,221.5,-105,-115,,,,,,,,-160,135,-3.5,-115,221.0,-110,-110,-158,138,-3.5,-115,221.5,-110,-110,-161,131,-4.0,-110,221.0,-110,-110,-158,139,-3.5,-111,221.5,-107,-107,-160,138,-3.5,-110,221.0,-110,-110,-159,133,221.0,13
2026-03-10T23:58:15Z,closing,2026-03-10,2026-03-11T00:10:00Z,f9792224d24b63aa28a24224ea099225,Houston Rockets,Toronto Raptors,-194,162,-4.5,-112,220.5,-110,-110,-192,160,-4.5,-108,220.5,-105,-115,-190,155,-4.5,-110,220.5,-105,-115,-205,170,-5.0,-110,220.0,-110,-110,-200,155,-4.5,-114,220.5,-110,-113,-190,160,-4.5,-110,220.0,-110,-110,-195,160,-4.5,-113,220.5,-109,-112,-185,155,-4.5,-110,220.5,-105,-115,,,,,,,,-185,160,-4.5,-110,220.0,-110,-110,-185,161,-4.5,-112,220.0,-113,-107,-190,155,-4.5,-110,220.0,-110,-110,-185,162,-4.5,-108,220.0,-110,-104,-185,159,-4.5,-110,220.0,-110,-110,-191,160,220.2,13
2026-03-10T23:58:15Z,closing,2026-03-10,2026-03-11T00:10:00Z,133cc0d0b8283948b909c38cc93d2d62,Milwaukee Bucks,Phoenix Suns,110,-130,2.0,-112,219.5,-106,-114,110,-130,2.5,-120,219.5,-105,-115,110,-135,2.5,-118,219.5,-105,-115,115,-135,2.5,100,219.0,-115,-105,100,-125,1.5,-110,218.5,-109,-114,110,-130,2.0,-110,219.0,-110,-110,102,-124,1.5,-109,218.0,-113,-108,115,-135,1.5,100,219.5,-105,-115,,,,,,,,110,-130,2.0,-110,219.0,-110,-110,111,-131,2.0,-105,219.0,-112,-108,113,-139,2.5,-110,219.0,-110,-110,113,-129,2.0,-101,219.0,-109,-105,110,-130,2.0,-105,219.0,-110,-110,110,-131,218.8,13
2026-03-10T23:58:15Z,closing,2026-03-10,2026-03-11T02:10:00Z,25729251b2eb774717c748181096b0be,Portland Trail Blazers,Charlotte Hornets,132,-156,3.0,-108,227.5,-112,-108,130,-155,3.5,-118,227.5,-112,-108,135,-160,3.5,-115,228.5,-110,-110,130,-155,3.5,-110,228.0,-110,-110,128,-159,3.5,-113,227.5,-112,-112,130,-160,3.5,-110,228.0,-110,-110,128,-157,3.5,-112,227.5,-110,-110,135,-155,3.5,-115,227.5,-110,-110,,,,,,,,135,-160,3.5,-110,227.5,-110,-110,133,-153,3.5,-114,228.0,-110,-110,126,-154,3.5,-110,227.5,-110,-110,134,-152,3.5,-110,228.0,-107,-107,134,-155,3.5,-110,228.0,-110,-110,132,-156,228.0,13
2026-03-10T23:58:15Z,closing,2026-03-10,2026-03-11T02:10:00Z,c248f3294c1e35f27919ab0f49322752,Golden State Warriors,Chicago Bulls,-235,194,-6.0,-110,227.5,-110,-110,-238,195,-6.5,-105,227.5,-110,-110,-235,190,-6.5,-105,227.5,-110,-110,-250,205,-6.0,-110,227.5,-110,-110,-250,195,-6.5,-109,227.5,-114,-109,-240,190,-6.0,-110,227.5,-110,-110,-245,195,-6.5,-108,227.5,-113,-108,-240,200,-6.5,-105,227.5,-110,-110,,,,,,,,-240,200,-6.0,-110,227.5,-110,-110,-225,189,-6.0,-110,227.5,-110,-110,-238,191,-6.0,-110,227.5,-110,-110,-223,191,-6.0,-106,227.5,-107,-107,-235,200,-6.0,-110,227.5,-110,-110,-238,195,227.5,13
2026-03-10T23:58:15Z,closing,2026-03-10,2026-03-11T02:10:00Z,eacde0007a133dae3e1eee3630c04a60,Sacramento Kings,Indiana Pacers,-148,126,-3.0,-110,236.5,-114,-106,-162,136,-3.5,-105,236.5,-112,-108,-160,135,-3.5,-105,237.5,-110,-110,-160,135,-3.5,-105,237.0,-110,-110,-155,123,-3.0,-114,236.5,-112,-112,-160,130,-3.5,-110,236.5,-110,-110,-152,123,-3.0,-113,236.5,-110,-110,-145,125,-3.5,100,236.5,-110,-110,,,,,,,,-150,130,-3.0,-115,236.5,-110,-110,-155,135,-3.5,-107,237.0,-108,-112,-161,131,-3.5,-110,237.0,-110,-110,-155,136,-3.5,-103,237.0,-105,-109,-160,138,-3.5,-105,237.0,-110,-110,-156,131,237.0,13
2026-03-10T23:58:15Z,closing,2026-03-10,2026-03-11T03:10:00Z,4df738bb19716e5b1ea6f389fa1fd60d,Los Angeles Lakers,Minnesota Timberwolves,112,-132,2.5,-110,230.5,-114,-106,114,-135,2.5,-108,230.5,-110,-110,110,-135,2.5,-110,230.5,-110,-110,115,-135,2.5,-105,230.5,-110,-110,110,-137,2.5,-113,230.5,-112,-112,110,-130,2.5,-110,230.0,-110,-110,112,-136,2.5,-112,230.5,-110,-110,115,-135,2.5,-110,230.5,-110,-110,,,,,,,,115,-135,2.5,-110,230.0,-110,-110,112,-132,2.0,-105,230.5,-110,-110,112,-137,2.5,-110,230.5,-110,-110,114,-130,2.0,-101,230.5,-107,-107,110,-130,2.5,-110,230.5,-110,-110,112,-134,230.2,13
2026-03-10T23:58:15Z,closing,2026-03-10,2026-03-11T23:40:00Z,2b7e07f92609e7a5ad0edcfe650d99e8,Orlando Magic,Cleveland Cavaliers,124,-146,2.5,-110,226.5,-108,-112,120,-142,2.5,-110,225.5,-110,-110,,,,,,,,118,-140,2.5,-110,225.5,-110,-110,117,-143,2.5,-108,225.0,-114,-109,,,,,,,,118,-143,2.5,-107,225.0,-113,-108,,,,,,,,,,,,,,,,,,,,,,,,,,,,,115,-141,2.5,-110,226.0,-110,-110,,,,,,,,,,,,,,,119,-142,225.8,6
2026-03-10T23:58:15Z,closing,2026-03-10,2026-03-12T02:40:00Z,93eb0e796df39c4bd0667f1bbc5a1cb1,Los Angeles Clippers,Minnesota Timberwolves,-118,100,-1.5,-106,226.5,-115,-105,,,,,,,,,,,,,,,,,,,,,,,,,,,,,,,,,,,,,,,,,,,,,,,,,,,,,,,,,,,,,,,,,,,,,,,,,,,,,,,,,,,,,,,,,,,,-118,100,226.5,1
2026-03-11T21:58:34Z,evening,2026-03-11,2026-03-11T23:40:00Z,2b7e07f92609e7a5ad0edcfe650d99e8,Orlando Magic,Cleveland Cavaliers,142,-168,3.5,-110,226.5,-110,-110,140,-166,3.5,-110,225.5,-115,-105,140,-170,3.5,-110,226.5,-110,-110,143,-170,4.0,-110,225.5,-110,-110,133,-167,3.5,-109,226.0,-112,-112,130,-160,3.5,-110,226.5,-110,-110,135,-165,3.5,-108,226.0,-110,-110,140,-165,3.5,-110,226.5,-110,-110,,,,,,,,135,-160,3.5,-115,226.5,-110,-110,137,-157,3.5,-108,226.0,-112,-108,139,-172,3.5,-110,226.0,-110,-110,138,-157,3.5,-104,226.0,-109,-105,146,-170,3.5,-105,226.0,-110,-110,138,-165,226.0,13
2026-03-11T21:58:34Z,evening,2026-03-11,2026-03-12T00:10:00Z,f017158f6d19c234ca36c9f4158a2dd7,New Orleans Pelicans,Toronto Raptors,120,-142,2.5,-110,234.5,-110,-110,120,-142,2.5,-115,234.5,-115,-105,118,-145,2.5,-110,234.5,-118,-110,118,-140,2.5,-110,234.5,-115,-105,110,-137,2.5,-113,234.0,-113,-110,120,-145,2.5,-110,235.0,-110,-110,112,-136,2.5,-112,234.0,-112,-109,125,-145,2.5,-110,234.5,-110,-110,,,,,,,,120,-140,2.5,-110,234.5,-110,-110,120,-140,2.5,-112,234.5,-115,-105,118,-145,2.5,-110,234.5,-110,-110,122,-138,2.5,-108,234.5,-113,-102,120,-140,2.5,-115,235.0,-110,-110,119,-141,234.5,13
2026-03-11T21:58:34Z,evening,2026-03-11,2026-03-12T01:10:00Z,6df2d79d5f33a116e65cebdf6b58df62,Utah Jazz,New York Knicks,750,-1200,14.0,-105,230.5,-110,-110,650,-1000,14.5,-115,230.5,-110,-110,700,-1100,14.5,-115,231.5,-110,-118,650,-1000,14.5,-110,230.5,-110,-110,600,-1000,14.5,-113,230.5,-113,-110,650,-1000,14.0,-110,230.5,-110,-110,600,-910,14.5,-113,230.5,-112,-109,700,-1200,14.5,-110,230.5,-110,-110,,,,,,,,625,-1000,14.5,-115,230.0,-110,-110,661,-1000,14.0,-108,230.5,-112,-108,639,-1111,14.5,-110,230.5,-110,-110,683,-979,14.0,-104,230.5,-109,-105,650,-1000,14.0,-110,230.5,-110,-110,658,-1038,230.7,13
2026-03-11T21:58:34Z,evening,2026-03-11,2026-03-12T02:10:00Z,9456ca1700b88516e897b6814de3681c,Sacramento Kings,Charlotte Hornets,570,-800,13.5,-110,225.5,-114,-106,575,-850,13.5,-112,226.5,-105,-115,575,-900,13.5,-110,225.5,-110,-110,550,-800,13.5,-110,225.5,-110,-110,510,-835,13.5,-113,225.0,-113,-110,600,-900,13.5,-110,226.0,-110,-110,525,-770,13.5,-112,225.0,-112,-109,550,-900,13.5,-110,226.5,-105,-115,,,,,,,,550,-850,13.5,-110,226.0,-110,-110,546,-775,13.5,-110,225.5,-110,-110,575,-909,13.5,-110,225.5,-110,-110,561,-760,13.5,-106,225.5,-107,-107,545,-775,13.5,-110,225.5,-110,-110,556,-833,225.8,13
2026-03-11T21:58:34Z,evening,2026-03-11,2026-03-12T02:10:00Z,dc635f9b3f854e9881597341b126a1ff,Denver Nuggets,Houston Rockets,-260,215,-7.0,-110,230.5,-114,-106,-278,225,-7.5,-105,231.5,-110,-110,-275,225,-7.5,-105,231.5,-110,-110,-278,222,-7.0,-110,231.0,-110,-110,-295,230,-7.0,-115,230.0,-113,-110,-275,220,-7.5,-110,231.0,-110,-110,-286,230,-7.0,-114,230.0,-112,-109,-260,215,-7.5,-105,231.5,-105,-115,,,,,,,,-275,225,-7.5,-105,231.0,-110,-110,-270,222,-7.0,-115,231.0,-115,-105,-286,225,-7.0,-110,231.0,-110,-110,-267,225,-7.0,-111,231.0,-113,-102,-270,225,-7.0,-110,231.0,-110,-110,-275,223,230.8,13
2026-03-11T21:58:34Z,evening,2026-03-11,2026-03-12T02:40:00Z,93eb0e796df39c4bd0667f1bbc5a1cb1,Los Angeles Clippers,Minnesota Timberwolves,-118,100,-1.5,-110,226.5,-110,-110,-115,-105,-1.5,-105,226.5,-112,-108,-118,-102,-1.5,-105,226.5,-110,-110,-115,-105,-1.0,-110,226.5,-110,-110,-125,102,-1.5,-114,226.5,-113,-110,-120,100,-1.0,-110,226.5,-110,-110,-124,102,-1.5,-113,226.5,-112,-109,-115,-105,-1.5,-105,226.5,-110,-110,,,,,,,,-120,100,-1.0,-110,226.5,-110,-110,-115,-105,-1.0,-110,226.5,-110,-110,-125,102,-1.5,-110,226.5,-110,-110,-113,-103,-1.0,-106,226.5,-107,-107,-115,-105,-1.0,-110,226.5,-110,-110,-118,-10,226.5,13
2026-03-11T21:58:34Z,evening,2026-03-11,2026-03-13T01:40:00Z,54729c42f16b535d7db5602607b652cb,Oklahoma City Thunder,Boston Celtics,-235,194,-6.0,-114,217.5,-106,-114,-245,200,-6.5,-110,216.5,-112,-108,,,,,,,,,,,,,,,,,,,,,,,,,,,,,,,,,,,,,,,,,,,,,,,,,,,,,,,,,,,,,,,,,,,,,,,,,,,,,,,,,,,,,-240,197,217.0,2
2026-03-12T21:58:42Z,evening,2026-03-12,2026-03-12T23:10:00Z,05abd26b6e3a0a9e4317e3948c06a097,Detroit Pistons,Philadelphia 76ers,-1100,700,-14.5,-118,222.5,-114,-106,-1050,675,-14.5,-115,222.5,-110,-110,-1100,700,-14.5,-110,222.5,-115,-105,-1100,700,-14.5,-110,223.0,-110,-110,-1115,650,-15.0,-112,222.5,-113,-110,-1100,700,-14.5,-110,222.5,-110,-110,-1115,650,-15.0,-110,222.5,-112,-109,-1400,750,-14.5,-115,222.5,-110,-110,,,,,,,,-1000,625,-14.5,-110,222.5,-110,-110,-1050,686,-14.5,-106,223.0,-110,-110,-1122,672,-14.5,-110,223.0,-110,-110,-1028,708,-14.5,-102,223.0,-107,-107,-1000,650,-14.5,-110,222.5,-110,-110,-1098,682,222.8,13
2026-03-12T21:58:42Z,evening,2026-03-12,2026-03-12T23:10:00Z,934acadeb7fcd3d3c1d79fd8b324040c,Indiana Pacers,Phoenix Suns,350,-450,9.0,-112,222.5,-112,-108,340,-440,9.5,-115,222.5,-112,-108,320,-425,8.5,-105,222.5,-115,-105,328,-430,8.5,-110,222.5,-105,-115,300,-400,9.0,-114,222.0,-114,-109,310,-400,9.0,-110,223.0,-110,-110,300,-400,9.0,-113,222.5,-108,-113,340,-450,9.5,-120,222.5,-115,-105,,,,,,,,315,-420,9.0,-115,223.0,-110,-110,316,-400,9.0,-110,223.0,-110,-110,289,-385,8.5,-110,222.5,-110,-110,321,-395,9.0,-106,223.0,-107,-107,293,-365,8.5,-110,223.0,-110,-110,317,-412,222.5,13
2026-03-12T21:58:42Z,evening,2026-03-12,2026-03-12T23:10:00Z,cd2e1d8b7576bcfeb478f6e35d9b3981,Orlando Magic,Washington Wizards,-1100,700,-14.5,-106,233.5,-114,-106,-1000,650,-14.5,-102,234.5,-110,-110,-1100,650,-14.5,-102,234.5,-110,-110,-1000,650,-14.0,-110,234.5,-115,-105,-1000,600,-14.0,-112,234.5,-112,-110,-1000,650,-14.0,-110,234.5,-110,-110,-1000,600,-14.0,-110,234.5,-112,-109,-1200,700,-13.5,-110,234.5,-110,-110,,,,,,,,-1000,625,-14.0,-105,235.0,-110,-110,-950,637,-14.0,-110,234.5,-110,-110,-1122,661,-14.0,-110,234.5,-110,-110,-931,657,-14.0,-106,234.5,-107,-107,-950,630,-14.0,-110,234.5,-110,-110,-1027,647,234.3,13
2026-03-12T21:58:42Z,evening,2026-03-12,2026-03-12T23:40:00Z,262c75be6af3afb9a3e942e061ca61b4,Atlanta Hawks,Brooklyn Nets,-1200,750,-15.5,-110,226.5,-110,-110,-1200,750,-15.5,-110,225.5,-115,-105,-1200,725,-15.5,-110,225.5,-115,-105,-1200,750,-15.5,-110,226.5,-110,-110,-1115,650,-15.5,-110,226.0,-112,-112,-1300,800,-15.0,-110,226.5,-110,-110,-1115,650,-15.5,-110,226.5,-108,-113,-1800,900,-15.5,-110,226.5,-110,-110,,,,,,,,-1400,750,-16.0,-105,226.5,-110,-110,-1200,754,-15.5,-112,226.0,-110,-110,-1262,729,-15.5,-110,226.0,-110,-110,-1174,781,-15.5,-108,226.0,-107,-107,-1200,750,-15.5,-110,226.0,-110,-110,-1259,749,226.0,13
2026-03-12T21:58:42Z,evening,2026-03-12,2026-03-12T23:40:00Z,4c710b46284886c35732575897017b19,Miami Heat,Milwaukee Bucks,-255,210,-6.5,-110,234.5,-112,-108,-258,210,-6.5,-115,235.5,-105,-115,-275,220,-6.5,-110,234.5,-115,-105,-278,222,-6.5,-115,235.0,-110,-110,-275,210,-6.5,-114,234.5,-112,-112,-275,220,-7.0,-110,235.0,-110,-110,-275,215,-6.5,-113,234.5,-110,-110,-250,210,-6.5,-115,235.5,-105,-115,,,,,,,,-270,220,-7.0,-110,235.0,-110,-110,-260,215,-6.5,-115,235.0,-110,-110,-256,201,-6.5,-110,235.0,-110,-110,-258,218,-6.5,-111,235.0,-107,-107,-260,218,-6.5,-110,235.0,-110,-110,-265,215,235.0,13
2026-03-12T21:58:42Z,evening,2026-03-12,2026-03-13T00:10:00Z,8139b5bfd0d6cb35977cd039afbbbc06,Memphis Grizzlies,Dallas Mavericks,172,-210,5.0,-112,238.5,-112,-108,170,-205,5.5,-118,238.5,-105,-115,170,-210,5.5,-118,238.5,-110,-110,170,-205,5.0,-110,238.0,-115,-105,160,-205,5.0,-109,238.5,-110,-113,185,-225,5.5,-110,238.5,-110,-110,165,-200,5.0,-108,238.5,-109,-112,175,-210,5.5,-120,238.5,-110,-110,,,,,,,,185,-225,5.0,-105,238.5,-110,-110,178,-207,5.0,-110,238.0,-110,-110,166,-208,5.0,-110,238.0,-110,-110,180,-206,5.0,-106,238.0,-107,-107,175,-205,5.0,-110,238.0,-110,-110,173,-209,238.2,13
2026-03-12T21:58:42Z,evening,2026-03-12,2026-03-13T01:10:00Z,bb77f1e69f95b7403a2ab81b5bcc7a2d,San Antonio Spurs,Denver Nuggets,-190,160,-4.5,-110,240.0,-110,-110,-192,160,-4.5,-110,240.5,-105,-115,-200,165,-4.5,-110,239.5,-115,-105,-190,158,-4.5,-105,240.5,-115,-105,-200,155,-4.5,-113,239.0,-113,-110,-190,160,-4.5,-110,240.0,-110,-110,-195,160,-4.5,-112,239.0,-112,-109,-185,155,-4.5,-110,240.5,-105,-115,,,,,,,,-185,160,-4.5,-110,240.0,-110,-110,-190,165,-4.5,-110,240.5,-110,-110,-189,151,-4.5,-110,240.0,-110,-110,-190,166,-4.5,-106,240.5,-107,-107,-190,163,-4.5,-110,240.0,-110,-110,-191,160,239.8,13
2026-03-12T21:58:42Z,evening,2026-03-12,2026-03-13T01:40:00Z,54729c42f16b535d7db5602607b652cb,Oklahoma City Thunder,Boston Celtics,-290,235,-7.5,-108,216.5,-110,-110,-285,230,-7.5,-108,216.5,-110,-110,-295,230,-7.5,-110,216.5,-110,-110,-285,228,-7.5,-105,216.5,-110,-110,-295,225,-7.5,-109,216.5,-113,-110,-285,230,-7.5,-110,216.5,-110,-110,-286,225,-7.5,-108,216.5,-112,-109,-280,230,-7.5,-105,216.5,-110,-110,,,,,,,,-290,240,-7.5,-110,216.5,-110,-110,-285,234,-7.5,-110,216.5,-110,-110,-294,230,-7.5,-110,216.5,-110,-110,-282,237,-7.5,-106,216.5,-107,-107,-285,238,-7.5,-110,216.0,-110,-110,-287,232,216.2,13
2026-03-12T21:58:42Z,evening,2026-03-12,2026-03-13T02:40:00Z,4aee4f2701274412ad8157cdfea22caf,Los Angeles Lakers,Chicago Bulls,-550,410,-11.5,-110,239.5,-110,-110,-600,440,-12.5,-102,239.5,-105,-115,-600,425,-11.5,-110,239.5,-105,-115,-600,430,-12.0,-110,238.5,-115,-105,-590,410,-11.0,-115,238.5,-113,-110,-575,425,-11.5,-110,239.0,-110,-110,-590,410,-11.0,-114,238.5,-112,-109,-650,425,-11.5,-115,239.5,-110,-110,,,,,,,,-600,425,-11.5,-110,239.5,-110,-110,-600,446,-12.0,-110,239.0,-110,-110,-588,406,-11.5,-110,239.0,-110,-110,-591,456,-12.0,-106,239.0,-107,-107,-600,450,-12.0,-110,239.0,-110,-110,-595,428,239.0,13
2026-03-13T22:00:17Z,manual,2026-03-13,2026-03-13T23:40:00Z,fff92660471a227787e69030342c161a,Dallas Mavericks,Cleveland Cavaliers,570,-820,13.5,-105,237.5,-112,-108,525,-750,13.5,-110,237.5,-110,-110,525,-750,13.5,-110,237.5,-110,-110,550,-800,13.5,-110,238.0,-115,-105,575,-910,14.0,-114,237.5,-112,-112,550,-800,13.5,-110,237.5,-110,-110,575,-910,14.0,-113,237.5,-110,-110,550,-900,13.5,-105,237.5,-115,-105,,,,,,,,525,-800,13.5,-110,238.0,-110,-110,534,-750,13.5,-110,237.5,-110,-110,513,-769,13.5,-110,237.5,-110,-110,547,-737,13.5,-106,237.5,-107,-107,530,-750,13.5,-110,237.5,-110,-110,544,-804,237.8,13
2026-03-13T22:00:17Z,manual,2026-03-13,2026-03-13T23:40:00Z,9f90f0cfcf3b921f77ede1f83724a96f,Detroit Pistons,Memphis Grizzlies,-1350,810,-16.0,-110,233.5,-112,-108,-1450,850,-15.5,-115,233.5,-110,-110,-1600,875,-15.5,-115,233.5,-115,-105,-1600,900,-16.0,-115,233.5,-110,-110,-1250,700,-15.5,-113,233.5,-112,-112,-1500,850,-16.0,-110,233.5,-110,-110,-1115,700,-15.5,-112,233.5,-110,-110,-1600,800,-15.5,-115,233.5,-110,-110,,,,,,,,-1400,750,-16.0,-110,233.5,-110,-110,-1400,836,-15.5,-113,234.0,-110,-110,-1429,772,-15.5,-110,233.5,-110,-110,-1365,872,-15.5,-109,234.0,-107,-107,-1600,900,-16.0,-110,234.0,-110,-110,-1435,817,233.8,13
2026-03-13T22:00:17Z,manual,2026-03-13,2026-03-13T23:40:00Z,aef5ba1e4c95ece8672f8bb0672fe17d,Indiana Pacers,New York Knicks,530,-750,13.0,-112,227.0,-110,-110,550,-800,12.5,-105,227.5,-105,-115,525,-750,12.5,-105,226.5,-115,-105,550,-800,13.5,-105,227.0,-105,-115,650,-1115,13.5,-110,226.5,-110,-112,550,-800,13.0,-110,227.0,-110,-110,650,-1115,13.5,-109,226.5,-109,-112,550,-900,12.5,100,227.5,-105,-115,,,,,,,,500,-750,13.0,-115,227.5,-110,-110,543,-770,13.0,-113,227.0,-110,-110,516,-769,13.0,-110,227.0,-110,-110,558,-755,13.0,-109,227.0,-107,-107,515,-725,13.0,-115,227.0,-110,-110,553,-831,227.0,13
2026-03-13T22:00:17Z,manual,2026-03-13,2026-03-13T23:40:00Z,9d9b5899c3a11e2fb35194811631cd40,Toronto Raptors,Phoenix Suns,-225,188,-6.0,-110,219.5,-105,-115,-205,170,-5.5,-115,219.5,-108,-112,-210,170,-5.5,-115,219.5,-105,-115,-240,196,-5.5,-115,219.0,-110,-110,-250,195,-6.0,-112,219.5,-110,-113,-210,175,-5.5,-110,219.0,-110,-110,-245,195,-6.0,-109,219.5,-109,-112,-210,175,-5.5,-115,219.5,-105,-115,,,,,,,,-210,175,-5.5,-115,219.5,-110,-110,-210,180,-5.5,-113,219.0,-115,-105,-208,167,-5.0,-110,218.5,-110,-110,-201,176,-5.5,-109,219.0,-113,-102,-210,180,,,,,,-218,180,219.0,13
2026-03-13T22:00:17Z,manual,2026-03-13,2026-03-14T00:10:00Z,8d4b91d706b4ca4f3b81cc33346b3d14,Houston Rockets,New Orleans Pelicans,-275,225,-6.5,-114,230.5,-108,-112,-285,230,-6.5,-118,230.5,-110,-110,-285,230,-6.5,-115,230.5,-110,-110,-278,222,-6.5,-110,230.5,-110,-110,-275,210,-6.5,-114,231.0,-110,-113,-275,220,-7.0,-105,231.0,-110,-110,-265,210,-6.5,-113,231.0,-109,-112,-270,220,-6.5,-115,230.5,-110,-110,,,,,,,,-270,220,-6.5,-115,231.0,-110,-110,-270,222,-6.5,-115,231.0,-110,-110,-286,223,-7.0,-110,230.5,-110,-110,-267,225,-6.5,-111,231.0,-107,-107,-265,223,-7.0,-110,230.5,-110,-110,-274,222,230.8,13
2026-03-13T22:00:17Z,manual,2026-03-13,2026-03-14T02:10:00Z,8f70af8b76f27c4f0a7a6957464edf9d,Golden State Warriors,Minnesota Timberwolves,172,-205,5.0,-110,222.5,-114,-106,170,-205,5.5,-115,222.5,-112,-108,165,-200,5.5,-115,222.5,-110,-110,158,-190,5.0,-115,222.5,-105,-115,155,-200,5.0,-113,223.0,-110,-113,165,-200,5.5,-110,223.0,-110,-110,160,-195,5.0,-112,223.0,-109,-112,175,-210,5.5,-115,222.5,-115,-105,,,,,,,,170,-200,5.5,-115,223.0,-110,-110,170,-195,5.5,-113,223.0,-110,-110,160,-200,5.0,-110,223.0,-110,-110,171,-195,5.5,-109,223.0,-107,-107,167,-195,5.5,-110,222.5,-110,-110,166,-199,222.8,13
2026-03-13T22:00:17Z,manual,2026-03-13,2026-03-14T02:10:00Z,d935250226e658edb6e7a0f1eaf4edea,Portland Trail Blazers,Utah Jazz,-1350,810,-15.5,-110,236.5,-110,-110,-1200,750,-15.5,-110,236.5,-110,-110,-1200,725,-15.5,-110,236.5,-110,-110,-1100,700,-15.5,-110,236.5,-115,-105,-1250,700,-15.5,-113,236.5,-112,-112,-1300,800,-15.5,-110,236.5,-110,-110,-1115,700,-15.5,-112,236.5,-110,-110,-1800,900,-15.5,-110,236.5,-110,-110,,,,,,,,-1200,700,-15.5,-110,236.5,-110,-110,-1200,754,-15.5,-110,236.5,-110,-110,-1250,692,-15.5,-110,236.5,-110,-110,-1174,781,-15.5,-106,236.5,-107,-107,-1200,750,-15.5,-110,236.5,-110,-110,-1257,751,236.5,13
2026-03-13T22:00:17Z,manual,2026-03-13,2026-03-14T02:40:00Z,3e5d3f236671e27e0921615898f5f035,Los Angeles Clippers,Chicago Bulls,-770,560,-13.5,-110,234.5,-110,-110,-800,550,-13.5,-108,234.5,-112,-108,-800,550,-13.5,-110,234.5,-110,-110,-800,550,-13.5,-110,234.5,-115,-105,-835,525,-13.0,-113,235.0,-110,-112,-800,550,-13.0,-110,234.5,-110,-110,-835,540,-13.0,-112,235.0,-109,-110,-900,550,-13.5,-105,234.5,-110,-110,,,,,,,,-850,550,-13.5,-105,234.5,-110,-110,-775,546,-13.5,-106,234.5,-110,-110,-833,537,-13.5,-110,234.5,-110,-110,-760,561,-13.5,-102,234.5,-107,-107,-775,545,-13.5,-110,234.5,-110,-110,-810,547,234.8,13
2026-03-13T22:00:17Z,manual,2026-03-13,2026-03-14T17:10:00Z,12c0f198cfa33b284457ae31066ace94,Philadelphia 76ers,Brooklyn Nets,-375,300,-9.0,-105,216.5,-112,-108,,,,,,,,,,,,,,,,,,,,,,,,,,,,,,,,,,,,,,,,,,,,,,,,,,,,,,,,,,,,,,,,,,,,,,,,,,,,,,,,,,,,,,,,,,,,-375,300,216.5,1
2026-03-13T22:00:17Z,manual,2026-03-13,2026-03-14T19:40:00Z,385c8f2c3153a39f3b1864e324132599,San Antonio Spurs,Charlotte Hornets,-230,190,-6.5,-105,228.5,-108,-112,,,,,,,,,,,,,,,,,,,,,,,,,,,,,,,,,,,,,,,,,,,,,,,,,,,,,,,,,,,,,,,,,,,,,,,,,,,,,,,,,,,,,,,,,,,,-230,190,228.5,1
2026-03-13T22:00:17Z,manual,2026-03-13,2026-03-14T22:40:00Z,5b7467a257447a40f885525e863992a5,Los Angeles Lakers,Denver Nuggets,104,-122,1.5,-110,241.5,-114,-106,102,-122,1.5,-110,241.5,-110,-110,,,,,,,,,,,,,,,102,-125,1.5,-110,241.5,-110,-112,,,,,,,,102,-124,1.5,-109,241.5,-109,-112,,,,,,,,,,,,,,,,,,,,,,,,,,,,,,,,,,,,,,,,,,,,,,,,,,102,-123,241.5,4
2026-03-13T22:00:17Z,manual,2026-03-13,2026-03-15T00:10:00Z,b356eed95fac84c751e3a07a9b013bdb,Miami Heat,Orlando Magic,-162,136,-3.5,-108,234.5,-114,-106,,,,,,,,,,,,,,,,,,,,,,,,,,,,,,,,,,,,,,,,,,,,,,,,,,,,,,,,,,,,,,,,,,,,,,,,,,,,,,,,,,,,,,,,,,,,-162,136,234.5,1
2026-03-14T21:52:32Z,evening,2026-03-14,2026-03-14T19:42:00Z,385c8f2c3153a39f3b1864e324132599,San Antonio Spurs,Charlotte Hornets,,,-14.5,-114,214.5,-112,-118,,,-14.5,-105,214.5,-115,-115,-10000,3300,-14.5,-110,214.5,-115,-110,,,-15.5,-105,,,,,,-15.5,-125,212.5,-118,-118,,,-15.5,115,215.5,100,-125,,,-15.5,-124,212.5,-115,-115,,,-15.5,100,214.5,-125,-105,,,,,,,,,,-15.5,-110,215.0,-125,-105,,,,,,,,,,-14.5,-118,217.5,-118,-118,,,,,,,,,,,,,,,-10000,3300,215.0,10
2026-03-14T21:52:32Z,evening,2026-03-14,2026-03-14T22:10:00Z,99121dd3b759ee039a7172119402defe,Boston Celtics,Washington Wizards,-4000,1500,-20.5,-110,233.5,-110,-110,-2400,1200,-20.5,-110,233.5,-105,-115,-3000,1250,-20.5,-105,233.5,-110,-110,-3500,1350,-20.0,-105,233.5,-115,-105,-2500,1050,-20.0,-114,233.0,-113,-110,-3000,1400,-20.0,-110,233.0,-110,-110,-2500,1050,-20.0,-113,233.0,-112,-109,-5000,1500,-20.5,-105,233.5,-105,-115,,,,,,,,-3500,1100,-20.5,-105,233.0,-110,-110,-2600,1176,-20.0,-114,233.0,-110,-110,-3333,1207,-20.5,-110,233.0,-110,-110,-2553,1223,-20.0,-110,233.0,-107,-107,-2600,1200,-20.5,-110,233.0,-110,-110,-3114,1247,233.2,13
2026-03-14T21:52:32Z,evening,2026-03-14,2026-03-15T00:10:00Z,b356eed95fac84c751e3a07a9b013bdb,Miami Heat,Orlando Magic,-180,152,-4.5,-110,237.5,-106,-114,-180,150,-4.5,-110,237.5,-108,-112,-180,145,-4.5,-110,236.5,-115,-105,-190,158,-4.5,-110,237.0,-115,-105,-186,148,-4.5,-110,237.5,-112,-112,-180,150,-4.5,-110,237.0,-110,-110,-182,150,-4.5,-109,237.5,-110,-110,-175,150,-4.5,-105,237.5,-105,-115,,,,,,,,-175,150,-4.5,-105,237.5,-110,-110,-175,153,-4.5,-105,237.0,-110,-110,-189,152,-4.5,-110,237.0,-110,-110,-175,154,-4.5,-101,237.0,-107,-107,-170,146,-4.5,-110,237.0,-110,-110,-180,151,237.0,13
2026-03-14T21:52:32Z,evening,2026-03-14,2026-03-15T00:40:00Z,5b7467a257447a40f885525e863992a5,Los Angeles Lakers,Denver Nuggets,118,-138,2.5,-110,244.5,-114,-106,120,-142,2.5,-110,244.5,-112,-108,118,-145,2.5,-110,244.5,-115,-105,118,-140,2.5,-110,244.5,-115,-105,118,-148,3.0,-112,244.5,-110,-113,120,-145,3.0,-110,244.5,-110,-110,118,-143,3.0,-110,244.5,-109,-112,125,-145,2.5,-105,244.5,-110,-110,,,,,,,,125,-145,3.0,-115,244.5,-110,-110,117,-137,2.5,-110,244.5,-110,-110,112,-137,2.5,-110,245.0,-110,-110,119,-135,2.5,-106,244.5,-107,-107,115,-135,2.5,-110,244.5,-110,-110,119,-141,244.8,13
2026-03-14T21:52:32Z,evening,2026-03-14,2026-03-15T02:40:00Z,fd3cb91e05ed15d6fa70f51f1d305f3b,Los Angeles Clippers,Sacramento Kings,-850,590,-13.5,-114,231.5,-114,-106,-900,600,-13.5,-108,233.5,-105,-115,-900,600,-13.5,-110,233.5,-110,-110,-1000,650,-13.5,-110,233.0,-110,-110,-910,575,-14.0,-109,232.5,-110,-113,-900,600,-13.5,-110,233.0,-110,-110,-910,575,-14.0,-108,232.5,-109,-112,-1000,600,-13.5,-110,232.5,-115,-105,,,,,,,,-850,550,-13.5,-110,233.0,-110,-110,-850,586,-13.5,-110,232.5,-115,-105,-909,562,-13.5,-110,233.0,-110,-110,-834,603,-13.5,-106,232.5,-113,-102,-850,580,-13.5,-110,233.0,-110,-110,-897,590,232.6,13
2026-03-15T21:53:42Z,evening,2026-03-15,2026-03-15T19:41:00Z,45f9fc1bf871b54d2392e9ec6506097f,Cleveland Cavaliers,Dallas Mavericks,,,9.5,100,256.5,106,-140,,,9.5,130,255.5,-115,-115,,,9.5,250,250.5,185,-250,,,9.5,4500,250.5,4500,-75000,,,9.5,-121,,,,,,9.5,185,,,,,,9.5,-120,,,,,,9.5,110,,,,,,,,,,,,,11.5,-110,,,,,,,,,,,,,9.5,-125,254.5,-111,-125,,,,,,,,,,,,,,,,,254.2,10
2026-03-15T21:53:42Z,evening,2026-03-15,2026-03-15T19:42:00Z,ee20dd8148c700589a380b7f5b5c1010,Toronto Raptors,Detroit Pistons,-1200,630,-5.5,-132,221.5,100,-132,-950,575,-6.5,-120,221.5,-110,-120,-650,425,-6.5,-110,221.5,-115,-110,-1000,600,-6.5,-120,222.5,100,-130,-2000,750,-7.0,-107,221.0,-124,-112,-1100,600,-6.5,-130,221.5,-115,-115,-2000,900,-7.0,-106,221.0,-121,-109,-1200,600,-6.5,-110,223.5,-110,-120,,,,,,,,-1100,600,-7.0,-115,223.0,-115,-115,,,,,,,,-2500,875,-8.5,-133,224.5,-118,-118,,,,,,,,,,,,,,,-1370,656,222.7,10
2026-03-15T21:53:42Z,evening,2026-03-15,2026-03-15T19:42:00Z,4d87f60750a28b81c5a82803e3b412a7,Milwaukee Bucks,Indiana Pacers,,,-12.5,106,257.5,-144,108,,,-10.5,-130,,,,,,-9.5,-10000,257.5,1400,-10000,,,-9.5,105,,,,,,-12.0,-114,,,,,,-9.5,-180,257.5,-115,-115,,,-12.0,-114,,,,,,-10.5,120,,,,,,,,,,,,,-12.0,-125,262.0,105,-135,,,,,,,,,,-13.5,100,260.5,-111,-125,,,,,,,,,,,,,,,,,260.0,10
2026-03-15T21:53:42Z,evening,2026-03-15,2026-03-15T22:10:00Z,6420f72c1e96bb40f11548af8dbb2950,Philadelphia 76ers,Portland Trail Blazers,285,-355,8.5,-110,228.5,-106,-114,270,-340,8.5,-115,228.5,-110,-110,275,-350,8.5,-115,229.5,-105,-115,260,-335,8.5,-115,229.0,-110,-110,270,-360,8.5,-110,228.5,-113,-110,260,-350,8.5,-110,229.0,-110,-110,270,-345,8.5,-109,228.5,-112,-109,280,-360,8.5,-110,228.5,-110,-110,,,,,,,,280,-360,8.5,-110,229.0,-110,-110,270,-335,8.5,-112,229.0,-110,-110,272,-357,8.5,-110,228.5,-110,-110,274,-331,8.5,-108,229.0,-107,-107,272,-335,8.5,-110,229.0,-110,-110,272,-347,229.0,13
2026-03-15T21:53:42Z,evening,2026-03-15,2026-03-16T00:10:00Z,f9869f17c6d1080f1c2d99d55725ce16,New York Knicks,Golden State Warriors,-950,640,-14.5,-114,219.5,-106,-114,-1000,650,-14.5,-108,219.5,-110,-110,-1100,675,-14.5,-110,219.5,-110,-110,-1000,650,-14.5,-115,219.5,-110,-110,-910,550,-14.0,-114,219.0,-110,-112,-1000,650,-14.5,-110,219.5,-110,-110,-910,575,-14.0,-113,219.0,-109,-112,-1200,700,-14.5,-110,219.5,-110,-110,,,,,,,,-950,600,-14.5,-105,219.5,-110,-110,-950,637,-14.5,-107,219.5,-112,-108,-1000,595,-14.5,-110,219.5,-110,-110,-931,657,-14.5,-103,219.5,-109,-105,-950,630,-14.5,-110,219.5,-110,-110,-989,631,219.2,13
2026-03-15T21:53:42Z,evening,2026-03-15,2026-03-16T02:10:00Z,ae243acf61e3bbc8a0fef18df12adf30,Sacramento Kings,Utah Jazz,-148,126,-3.0,-108,231.5,-110,-110,-155,130,-3.5,-105,231.5,-108,-112,-160,135,-3.5,-102,231.5,-110,-110,-160,135,-3.0,-115,231.5,-110,-110,-152,123,-3.0,-113,232.0,-112,-112,-160,130,-3.0,-110,231.5,-110,-110,-150,123,-3.0,-112,232.0,-110,-110,-150,130,-3.5,-105,231.5,-110,-110,,,,,,,,-150,130,-3.0,-115,231.5,-110,-110,-155,135,-3.0,-115,231.5,-108,-112,-156,127,-3.5,-110,231.5,-110,-110,-155,136,-3.0,-111,231.5,-105,-109,-155,134,-3.0,-110,231.0,-110,-110,-154,130,231.5,13
2026-03-16T22:53:29Z,manual,2026-03-16,2026-03-16T23:10:00Z,ffe5b43309eff2a1e0131998ff33abd6,Atlanta Hawks,Orlando Magic,-154,130,-3.5,-106,232.5,-106,-114,-155,130,-3.5,-108,232.5,-105,-115,-160,135,-3.5,-110,232.5,-105,-115,-155,130,-3.0,-110,232.0,-110,-110,-162,130,-3.5,-109,231.5,-112,-112,-160,130,-3.5,-110,232.0,-110,-110,-159,130,-3.5,-108,231.5,-110,-110,-145,125,-3.5,-105,232.5,-105,-115,,,,,,,,-160,135,-3.5,-110,232.0,-110,-110,-152,132,-3.5,-105,232.0,-110,-110,-161,131,-3.5,-110,231.5,-110,-110,-151,133,-3.5,-101,232.0,-107,-107,-150,129,-3.5,-110,232.0,-110,-110,-156,131,232.0,13
2026-03-16T22:53:29Z,manual,2026-03-16,2026-03-16T23:10:00Z,16a4c04f493443107656ff044ca9f8c0,Washington Wizards,Golden State Warriors,250,-310,7.5,-108,233.5,-114,-106,250,-310,7.5,-110,234.5,-102,-118,240,-300,7.5,-110,234.5,-105,-115,250,-320,7.5,-105,234.0,-115,-105,235,-315,7.5,-112,233.5,-113,-110,250,-325,7.5,-110,234.0,-110,-110,235,-305,7.5,-110,233.5,-112,-109,260,-320,7.5,-105,234.5,-105,-115,,,,,,,,255,-310,7.5,-110,234.0,-110,-110,241,-295,7.5,-107,234.0,-110,-110,236,-303,7.5,-110,234.0,-110,-110,245,-292,7.5,-103,234.0,-107,-107,255,-310,7.5,-110,234.0,-110,-110,246,-309,234.0,13
2026-03-16T22:53:29Z,manual,2026-03-16,2026-03-16T23:40:00Z,b0397850f18d2c86059f0f78aefdc405,Boston Celtics,Phoenix Suns,-375,300,-9.0,-110,216.5,-112,-108,-375,295,-8.5,-115,216.5,-110,-110,-400,300,-8.5,-115,216.5,-110,-110,-420,320,-9.0,-110,217.0,-110,-110,-400,300,-9.0,-115,216.5,-112,-112,-400,310,-9.0,-110,216.0,-110,-110,-400,300,-9.0,-114,216.5,-110,-110,-400,300,-8.5,-115,216.5,-110,-110,,,,,,,,-415,310,-9.0,-110,216.5,-110,-110,-390,310,-9.0,-108,216.5,-110,-110,-400,305,-9.0,-110,216.5,-110,-110,-386,315,-9.0,-104,216.5,-107,-107,-390,312,-9.0,-105,216.5,-110,-110,-396,306,216.5,13
2026-03-16T22:53:29Z,manual,2026-03-16,2026-03-16T23:40:00Z,b2cf48e20e7ea3f4ee141bf67f8229d1,Brooklyn Nets,Portland Trail Blazers,400,-520,11.0,-110,221.5,-108,-112,390,-520,11.5,-120,221.5,-108,-112,400,-550,11.5,-115,221.5,-110,-110,360,-480,10.5,-105,221.0,-110,-110,375,-530,11.0,-114,221.0,-113,-109,375,-500,11.0,-110,221.5,-110,-110,380,-530,11.0,-113,221.0,-112,-108,400,-600,10.5,100,221.5,-110,-110,,,,,,,,370,-510,11.0,-110,221.5,-110,-110,393,-515,11.0,-107,221.5,-108,-112,383,-531,11.0,-110,221.5,-110,-110,401,-508,11.0,-103,221.5,-105,-109,395,-510,11.0,-110,221.5,-110,-110,386,-523,221.2,13
2026-03-16T22:53:29Z,manual,2026-03-16,2026-03-17T00:10:00Z,3e7ba7718b4959c6c644a0dfdda73dcd,Chicago Bulls,Memphis Grizzlies,-255,205,-6.5,-108,243.5,-110,-110,-265,215,-6.5,-112,243.5,-110,-110,-275,225,-6.5,-110,243.5,-110,-110,-278,222,-6.5,-110,243.5,-115,-105,-286,220,-7.0,-109,243.5,-110,-113,-275,220,-6.5,-110,243.5,-110,-110,-286,225,-7.0,-108,243.5,-109,-112,-260,215,-6.5,-110,243.5,-105,-115,,,,,,,,-260,215,-6.5,-110,244.0,-105,-115,-260,215,-6.5,-112,243.5,-112,-108,-270,210,-6.5,-110,243.5,-110,-110,-258,218,-6.5,-108,243.5,-109,-105,-260,218,-6.5,-110,243.5,-110,-110,-268,217,243.8,13
2026-03-16T22:53:29Z,manual,2026-03-16,2026-03-17T00:10:00Z,ed74764cb6bf8e55c87066ca2f7592fc,New Orleans Pelicans,Dallas Mavericks,-340,275,-8.5,-114,240.5,-112,-108,-355,280,-8.5,-115,241.5,-105,-115,-350,275,-8.5,-115,240.5,-115,-105,-355,278,-9.0,-110,241.0,-110,-110,-375,275,-8.5,-113,240.5,-112,-112,-350,280,-9.0,-110,241.0,-110,-110,-360,275,-8.5,-113,240.5,-112,-109,-360,280,-8.5,-115,240.5,-115,-105,,,,,,,,-360,280,-9.0,-110,241.0,-105,-115,-360,289,-9.0,-107,241.0,-110,-110,-357,272,-9.0,-110,240.5,-110,-110,-356,293,-9.0,-103,241.0,-107,-107,-355,285,-9.0,-110,241.0,-110,-110,-356,280,241.0,13
2026-03-16T22:53:29Z,manual,2026-03-16,2026-03-17T01:40:00Z,e18bb0c990005d46d98ab6ec89f2cfff,Houston Rockets,Los Angeles Lakers,-116,-102,-1.5,-105,224.5,-110,-110,-115,-105,-1.5,-105,224.5,-112,-108,-120,100,-1.5,100,224.5,-110,-110,-115,-105,-1.0,-110,224.5,-110,-110,-118,-106,-1.0,-112,224.5,-112,-112,-115,-105,-1.0,-110,224.5,-110,-110,-117,-105,-1.0,-110,224.5,-110,-110,-115,-105,-1.5,-105,224.5,-110,-110,,,,,,,,-115,-105,-1.0,-110,224.5,-110,-110,-115,-105,-1.0,-110,225.0,-109,-111,-132,107,-2.0,-110,224.5,-110,-110,-113,-103,-1.0,-106,225.0,-106,-108,-115,-105,-1.0,-110,224.0,-110,-110,-117,-73,224.5,13
2026-03-16T22:53:29Z,manual,2026-03-16,2026-03-17T02:10:00Z,b2e6e94e965db18685d98bd53c840be5,Los Angeles Clippers,San Antonio Spurs,265,-330,8.0,-106,233.5,-108,-112,270,-340,8.5,-118,234.5,-105,-115,260,-325,8.5,-118,233.5,-115,-105,270,-345,8.0,-105,234.0,-110,-110,275,-375,8.5,-114,233.5,-113,-110,250,-325,8.0,-110,234.0,-110,-110,275,-360,8.5,-113,233.5,-112,-109,270,-340,8.5,-115,233.5,-115,-105,,,,,,,,270,-340,8.0,-110,234.0,-110,-110,274,-340,8.0,-107,234.0,-110,-110,255,-333,8.0,-110,233.5,-110,-110,278,-336,8.0,-103,234.0,-107,-107,275,-340,8.0,-110,234.0,-110,-110,268,-341,234.0,13
2026-03-16T22:53:29Z,manual,2026-03-16,2026-03-17T23:10:00Z,97559ed79c99e86d90fc2f9d2059e761,Charlotte Hornets,Miami Heat,-168,142,-4.0,-110,234.5,-105,-115,-162,136,-3.5,-115,233.5,-110,-110,,,,,,,,,,,,,,,,,,,,,,,,,,,,,,,,,,,,,,,,,,,,,,,,,,,,,,,,,,,,,,,,,,,,,,,,,,,,,,,,,,,,,-165,139,234.0,2
2026-03-17T22:54:34Z,manual,2026-03-17,2026-03-17T23:10:00Z,97559ed79c99e86d90fc2f9d2059e761,Charlotte Hornets,Miami Heat,-210,176,-5.5,-110,237.5,-110,-110,-205,170,-5.5,-105,236.5,-115,-105,-210,170,-5.5,100,236.5,-115,-105,-205,170,-5.0,-120,237.0,-110,-110,-210,165,-5.5,-108,236.5,-109,-114,-210,175,-5.5,-110,236.5,-110,-110,-205,165,-5.5,-107,236.5,-108,-113,-200,170,-5.5,-105,237.5,-105,-115,,,,,,,,-220,180,-5.5,-105,236.5,-110,-110,-195,170,-5.0,-110,237.0,-110,-110,-200,160,-5.0,-110,236.5,-110,-110,-195,171,-5.0,-106,237.0,-107,-107,-200,170,-5.0,-115,237.0,-110,-110,-205,170,237.0,13
2026-03-17T22:54:34Z,manual,2026-03-17,2026-03-17T23:10:00Z,ef96df74a063b75de7971612d1c1b18a,Washington Wizards,Detroit Pistons,1300,-3000,19.5,-110,233.5,-106,-114,1100,-2100,19.5,-112,233.5,-105,-115,1100,-2500,19.5,-115,232.5,-110,-110,1150,-2400,19.5,-110,233.0,-115,-105,950,-2500,19.5,-113,232.5,-113,-110,1300,-2500,19.5,-110,233.0,-110,-110,1000,-2000,19.5,-112,232.5,-112,-109,1300,-4000,19.5,-110,233.5,-105,-115,,,,,,,,1100,-2800,19.5,-110,233.5,-110,-110,1041,-2000,19.5,-110,233.0,-113,-107,935,-2000,19.5,-110,232.5,-110,-110,1092,-1950,19.5,-106,233.0,-110,-104,1050,-2000,19.5,-110,233.0,-110,-110,1109,-2442,233.0,13
2026-03-17T22:54:34Z,manual,2026-03-17,2026-03-17T23:10:00Z,1071bc9088322a8c42c7cd80db4c8c6f,Orlando Magic,Oklahoma City Thunder,340,-430,10.0,-112,223.5,-112,-108,350,-455,10.5,-118,224.5,-110,-110,350,-450,10.5,-118,224.5,-110,-110,345,-455,9.5,-105,224.0,-110,-110,340,-480,10.0,-109,223.5,-112,-112,330,-425,10.0,-110,224.5,-110,-110,350,-480,10.0,-108,223.5,-110,-110,340,-450,9.5,100,224.5,-110,-110,,,,,,,,335,-450,10.0,-110,224.5,-110,-110,334,-425,10.0,-109,224.0,-115,-105,340,-459,10.0,-110,223.5,-110,-110,340,-420,10.0,-105,224.0,-113,-102,355,-450,9.5,-105,224.0,-110,-110,342,-448,224.0,13
2026-03-17T22:54:34Z,manual,2026-03-17,2026-03-17T23:40:00Z,9eba01d4cfa06caacc9d62a166b5a632,New York Knicks,Indiana Pacers,-850,590,-14.0,-108,221.5,-110,-110,-800,550,-13.5,-115,222.5,-105,-115,-800,550,-13.5,-110,221.5,-115,-105,-800,550,-13.5,-110,221.5,-110,-110,-835,525,-14.0,-113,221.5,-113,-110,-800,550,-13.5,-110,222.0,-110,-110,-835,540,-14.0,-112,221.5,-112,-109,-800,500,-13.5,-115,221.5,-115,-105,,,,,,,,-800,525,-14.0,-105,221.5,-110,-110,-800,561,-14.0,-105,222.0,-110,-110,-833,530,-14.0,-110,221.0,-110,-110,-786,576,-14.0,-101,222.0,-107,-107,-750,530,-13.5,-110,221.5,-110,-110,-807,544,221.8,13
2026-03-17T22:54:34Z,manual,2026-03-17,2026-03-18T00:10:00Z,8951b3300ad3588888cb2397ea770d5e,Milwaukee Bucks,Cleveland Cavaliers,490,-670,13.0,-114,225.5,-110,-110,455,-625,12.5,-110,225.5,-112,-108,450,-625,12.5,-110,225.5,-115,-105,500,-700,12.5,-110,225.5,-110,-110,480,-770,13.0,-112,225.0,-113,-109,450,-630,12.5,-110,225.5,-110,-110,500,-715,13.0,-110,225.0,-112,-108,475,-750,12.5,-105,225.5,-110,-110,,,,,,,,430,-625,12.5,-110,225.5,-110,-110,446,-600,12.5,-110,226.0,-110,-110,394,-556,12.5,-110,225.5,-110,-110,456,-591,12.5,-106,226.0,-107,-107,450,-600,12.5,-110,226.0,-110,-110,460,-651,225.5,13
2026-03-17T22:54:34Z,manual,2026-03-17,2026-03-18T00:10:00Z,79806ec6c1db4dc28fa93612d8269dc0,Minnesota Timberwolves,Phoenix Suns,-164,138,-3.5,-114,221.5,-110,-110,-170,142,-3.5,-110,221.5,-105,-115,-170,140,-3.5,-110,220.5,-115,-105,-165,140,-3.5,-115,221.0,-110,-110,-175,135,-3.5,-114,221.0,-113,-110,-170,140,-4.0,-110,221.0,-110,-110,-167,138,-3.5,-113,221.0,-112,-109,-155,135,-3.5,-110,221.5,-105,-115,,,,,,,,-160,135,-4.0,-105,221.0,-110,-110,-163,143,-4.0,-105,221.0,-110,-110,-172,140,-4.0,-110,221.5,-110,-110,-163,144,-4.0,-101,221.0,-107,-107,-165,142,-3.5,-110,221.0,-110,-110,-166,139,221.0,13
2026-03-17T22:54:34Z,manual,2026-03-17,2026-03-18T02:10:00Z,259082f7f5b98968cfaa3245ddc3da0b,Denver Nuggets,Philadelphia 76ers,-1350,810,-15.5,-115,236.5,-110,-110,-1200,750,-15.5,-115,236.5,-110,-110,-1200,750,-15.5,-115,236.5,-110,-110,-1100,700,-15.5,-110,236.5,-115,-105,-1250,700,-16.0,-109,236.5,-112,-112,-1300,800,-16.0,-110,236.5,-110,-110,-1115,700,-15.5,-113,236.5,-110,-110,-1800,900,-15.5,-115,236.5,-110,-110,,,,,,,,-1400,750,-16.0,-110,236.5,-110,-110,-1250,776,-16.0,-108,236.5,-110,-110,-1250,723,-16.0,-110,236.5,-110,-110,-1222,804,-16.0,-104,236.5,-107,-107,-1250,800,-16.0,-110,237.0,-110,-110,-1284,766,236.8,13
2026-03-17T22:54:34Z,manual,2026-03-17,2026-03-18T03:10:00Z,352d39711b11d736c88876aa668df022,Sacramento Kings,San Antonio Spurs,640,-950,13.5,-110,235.5,-114,-106,575,-850,13.5,-112,235.5,-112,-108,600,-900,13.5,-110,235.5,-115,-105,600,-900,13.5,-110,236.0,-110,-110,550,-910,13.5,-112,235.5,-113,-110,550,-800,13.5,-110,235.5,-110,-110,550,-835,13.5,-110,235.5,-112,-109,600,-1000,13.5,-110,235.5,-110,-110,,,,,,,,525,-800,13.5,-115,235.5,-110,-110,574,-825,13.5,-111,236.0,-107,-113,544,-850,13.0,-110,235.5,-110,-110,590,-810,13.5,-107,236.0,-104,-110,565,-825,13.5,-110,235.5,-110,-110,574,-866,235.8,13
2026-03-17T22:54:34Z,manual,2026-03-17,2026-03-18T23:10:00Z,559e3b7523e4be26e5788e58c1e6067b,Boston Celtics,Golden State Warriors,-560,420,-11.5,-110,214.5,-110,-110,,,,,,,,,,,,,,,,,,,,,,,,,,,,,,,,,,,,,,,,,,,,,,,,,,,,,,,,,,,,,,,,,,,,,,,,,,,,,,,,,,,,,,,,,,,,-560,420,214.5,1
2026-03-17T22:54:34Z,manual,2026-03-17,2026-03-19T00:10:00Z,a9e7cf9b2e8337be24987faf71d38562,Chicago Bulls,Toronto Raptors,220,-270,7.0,-110,235.5,-110,-110,,,,,,,,,,,,,,,,,,,,,,,,,,,,,,,,,,,,,,,,,,,,,,,,,,,,,,,,,,,,,,,,,,,,,,,,,,,,,,,,,,,,,,,,,,,,220,-270,235.5,1
2026-03-17T22:54:34Z,manual,2026-03-17,2026-03-19T01:40:00Z,3646f994ee580be92e086ca3205cec9c,Houston Rockets,Los Angeles Lakers,-126,108,-2.0,-108,222.5,-106,-114,,,,,,,,,,,,,,,,,,,,,,,,,,,,,,,,,,,,,,,,,,,,,,,,,,,,,,,,,,,,,,,,,,,,,,,,,,,,,,,,,,,,,,,,,,,,-126,108,222.5,1
2026-03-18T22:02:38Z,manual,2026-03-18,2026-03-18T23:10:00Z,559e3b7523e4be26e5788e58c1e6067b,Boston Celtics,Golden State Warriors,-590,440,-11.5,-112,217.5,-112,-108,-625,455,-11.5,-112,216.5,-108,-112,-650,475,-11.5,-110,216.5,-110,-110,-700,500,-11.5,-115,216.5,-115,-105,-625,425,-11.5,-114,216.5,-112,-112,-630,450,-11.5,-110,216.5,-110,-110,-590,430,-11.5,-113,216.5,-110,-110,-700,450,-11.5,-110,216.5,-115,-105,,,,,,,,-625,430,-11.5,-110,217.0,-110,-110,-600,446,-12.0,-105,216.0,-110,-110,-714,469,-12.0,-110,217.0,-110,-110,-591,456,-12.0,-101,216.0,-107,-107,-660,480,-12.0,-110,216.5,-110,-110,-638,454,216.8,13
2026-03-18T22:02:38Z,manual,2026-03-18,2026-03-18T23:40:00Z,b8069101e24852c60cabdc606432eee7,Brooklyn Nets,Oklahoma City Thunder,1100,-2200,18.5,-110,214.5,-108,-112,1100,-2100,18.5,-115,214.5,-105,-115,1100,-2500,18.5,-115,214.5,-105,-115,1150,-2400,18.5,-115,214.5,-110,-110,900,-2000,18.0,-110,214.5,-110,-113,1300,-2500,18.5,-110,214.5,-110,-110,900,-2000,18.0,-109,214.5,-109,-112,1200,-3000,18.5,-110,214.5,-105,-115,,,,,,,,1000,-2500,18.5,-110,214.5,-110,-110,1069,-2100,18.5,-110,214.5,-110,-110,988,-2500,18.0,-110,214.5,-110,-110,1120,-2050,18.5,-106,214.5,-107,-107,1075,-2100,18.0,-110,214.5,-110,-110,1077,-2304,214.5,13
2026-03-18T22:02:38Z,manual,2026-03-18,2026-03-18T23:40:00Z,ad16cbe50231fbc2c6e23cc24db31365,Indiana Pacers,Portland Trail Blazers,560,-800,12.5,-106,231.5,-110,-110,525,-750,13.5,-118,231.5,-108,-112,525,-750,12.5,-102,231.5,-110,-110,550,-800,13.0,-110,231.0,-105,-115,500,-770,12.5,-110,230.5,-113,-110,550,-800,12.5,-110,231.5,-110,-110,500,-715,12.5,-109,230.5,-112,-109,550,-900,12.5,-105,231.5,-110,-110,,,,,,,,525,-800,12.5,-110,231.0,-110,-110,505,-700,13.0,-112,231.0,-110,-110,506,-769,13.0,-110,231.5,-110,-110,517,-689,13.0,-108,231.0,-107,-107,500,-700,13.0,-110,231.5,-110,-110,524,-765,231.0,13
2026-03-18T22:02:38Z,manual,2026-03-18,2026-03-19T00:10:00Z,a9e7cf9b2e8337be24987faf71d38562,Chicago Bulls,Toronto Raptors,235,-290,7.5,-114,235.5,-108,-112,245,-305,7.5,-115,235.5,-110,-110,240,-300,7.5,-115,235.5,-110,-110,240,-305,7.0,-110,235.5,-115,-105,235,-305,7.5,-114,235.0,-113,-110,240,-300,7.5,-110,235.5,-110,-110,235,-295,7.5,-113,235.0,-112,-109,240,-290,7.5,-115,235.5,-110,-110,,,,,,,,250,-300,7.0,-105,236.0,-110,-110,237,-290,7.0,-107,235.5,-110,-110,235,-303,7.0,-110,235.5,-110,-110,241,-287,7.0,-103,235.5,-107,-107,240,-290,7.0,-110,235.5,-110,-110,239,-297,235.5,13
2026-03-18T22:02:38Z,manual,2026-03-18,2026-03-19T00:10:00Z,17096eee549e2159e71d78bb3849db57,New Orleans Pelicans,Los Angeles Clippers,-120,102,-1.5,-108,236.5,-110,-110,-118,-102,-1.5,-108,236.5,-110,-110,-120,100,-1.5,-110,236.5,-110,-110,-120,100,-1.5,-110,236.5,-115,-105,-125,100,-1.5,-113,237.0,-110,-113,-120,100,-1.5,-110,236.5,-110,-110,-124,102,-1.5,-112,237.0,-109,-112,-120,100,-1.5,-110,236.5,-110,-110,,,,,,,,-120,100,-1.5,-115,236.5,-105,-115,-120,100,-1.5,-110,236.5,-112,-108,-122,100,-1.5,-110,236.5,-110,-110,-118,102,-1.5,-106,236.5,-109,-105,,,-1.5,-110,236.5,-110,-110,-121,84,236.8,13
2026-03-18T22:02:38Z,manual,2026-03-18,2026-03-19T00:10:00Z,c159c8836e9475f580cc678470d80c1b,Minnesota Timberwolves,Utah Jazz,-820,570,-13.5,-108,230.5,-110,-110,-800,550,-12.5,-118,229.5,-112,-108,-900,575,-13.5,-105,230.5,-105,-115,-800,550,-13.0,-110,230.0,-110,-110,-910,550,-13.0,-113,230.0,-112,-110,-800,550,-13.0,-110,230.0,-110,-110,-835,550,-13.0,-112,230.0,-110,-110,-900,550,-13.5,-105,230.5,-110,-110,,,,,,,,-800,525,-13.0,-110,230.5,-110,-110,-750,534,-13.0,-110,230.0,-105,-115,-833,525,-13.0,-110,230.5,-110,-110,-737,547,-13.0,-106,230.0,-102,-113,-770,540,-13.0,-110,230.5,-110,-110,-820,547,230.0,13
2026-03-18T22:02:38Z,manual,2026-03-18,2026-03-19T00:40:00Z,d1b7a6b86d3200f31d702d039df933e1,Dallas Mavericks,Atlanta Hawks,265,-330,8.5,-114,238.5,-110,-110,270,-340,8.5,-115,238.5,-110,-110,260,-325,8.5,-115,238.5,-110,-110,270,-345,8.5,-110,238.5,-110,-110,245,-315,8.0,-113,238.0,-114,-109,250,-325,8.5,-110,238.5,-110,-110,245,-315,8.0,-112,238.5,-108,-113,270,-340,8.5,-110,238.5,-110,-110,,,,,,,,275,-350,8.5,-110,238.5,-110,-110,270,-335,8.5,-112,238.5,-110,-110,258,-333,8.0,-110,238.5,-110,-110,274,-331,8.5,-108,238.5,-107,-107,260,-320,8.0,-110,238.5,-110,-110,262,-331,238.2,13
2026-03-18T22:02:38Z,manual,2026-03-18,2026-03-19T00:40:00Z,88b9327dddb11904d24fb9f317b5db4f,Memphis Grizzlies,Denver Nuggets,570,-820,12.5,-105,246.5,-112,-108,550,-800,12.5,-102,246.5,-112,-108,550,-800,12.5,-105,246.5,-115,-105,600,-900,13.0,-110,247.0,-110,-110,475,-715,13.0,-112,247.0,-110,-113,550,-800,13.0,-110,246.5,-110,-110,480,-715,13.0,-110,247.0,-109,-112,550,-900,12.5,100,246.5,-110,-110,,,,,,,,525,-800,13.0,-110,246.5,-110,-110,538,-760,13.0,-113,247.0,-110,-110,540,-833,13.0,-110,247.0,-110,-110,553,-746,13.0,-109,247.0,-107,-107,530,-760,13.0,-110,247.0,-110,-110,539,-796,246.8,13
2026-03-18T22:02:38Z,manual,2026-03-18,2026-03-19T01:40:00Z,3646f994ee580be92e086ca3205cec9c,Houston Rockets,Los Angeles Lakers,-126,108,-2.0,-108,222.5,-108,-112,-125,105,-1.5,-115,222.5,-110,-110,-125,105,-1.5,-115,222.5,-110,-110,-130,110,-2.0,-115,222.0,-110,-110,-132,107,-2.0,-112,222.5,-113,-110,-125,105,-2.0,-110,222.0,-110,-110,-130,108,-2.0,-110,222.5,-112,-109,-125,105,-1.5,-115,222.5,-105,-115,,,,,,,,-125,105,-1.5,-115,222.0,-110,-110,-125,105,-1.5,-115,222.5,-107,-113,-123,100,-1.5,-110,222.5,-110,-110,-123,107,-1.5,-111,222.5,-104,-110,-125,105,-1.5,-110,222.5,-110,-110,-126,106,222.2,13
2026-03-19T21:59:09Z,evening,2026-03-19,2026-03-19T23:10:00Z,570e79a6a678168c3cb3e69098069448,Washington Wizards,Detroit Pistons,700,-1100,14.0,-106,231.5,-112,-108,750,-1200,14.5,-118,232.5,-108,-112,700,-1100,14.5,-120,232.5,-110,-110,700,-1100,14.0,-110,232.0,-115,-105,600,-1000,14.0,-113,232.0,-112,-112,700,-1100,14.0,-110,232.0,-110,-110,600,-910,14.0,-112,232.0,-110,-110,750,-1400,14.5,-115,232.5,-105,-115,,,,,,,,700,-1200,14.0,-105,232.0,-110,-110,754,-1200,14.0,-105,232.5,-110,-110,672,-1111,14.0,-110,232.0,-110,-110,781,-1174,14.0,-101,232.5,-107,-107,750,-1200,14.0,-110,232.0,-110,-110,704,-1138,232.0,13
2026-03-19T21:59:09Z,evening,2026-03-19,2026-03-19T23:15:00Z,ec3ff082cb50037d2f7bb5258b1e2d41,Charlotte Hornets,Orlando Magic,-230,190,-5.5,-114,227.5,-114,-106,-218,180,-5.5,-112,227.5,-110,-110,-220,180,-5.5,-110,227.5,-110,-110,-235,192,-5.5,-115,227.0,-110,-110,-225,175,-5.5,-113,226.5,-113,-110,-225,185,-6.0,-105,227.5,-110,-110,-220,175,-5.5,-112,226.5,-112,-109,-215,180,-5.5,-115,227.5,-110,-110,,,,,,,,-225,185,-6.0,-105,227.5,-110,-110,-210,180,-5.5,-110,227.5,-110,-110,-222,178,-5.5,-110,227.5,-110,-110,-209,182,-5.5,-106,227.5,-107,-107,-210,180,-5.5,-110,227.0,-110,-110,-220,182,227.0,13
2026-03-19T21:59:09Z,evening,2026-03-19,2026-03-20T00:10:00Z,53d402557ce913ced0dbf5fe564b0ebb,Chicago Bulls,Cleveland Cavaliers,420,-560,11.0,-110,237.5,-112,-108,410,-550,10.5,-108,237.5,-112,-108,400,-550,10.5,-105,237.5,-110,-110,400,-550,10.5,-110,237.5,-110,-110,370,-530,11.0,-112,238.5,-109,-114,400,-550,10.5,-110,237.5,-110,-110,375,-530,11.0,-110,238.5,-108,-113,425,-650,10.5,-105,237.5,-105,-115,,,,,,,,400,-575,10.5,-110,237.5,-110,-110,400,-525,10.5,-110,238.0,-105,-115,390,-556,10.5,-110,238.0,-110,-110,408,-518,10.5,-106,238.0,-102,-113,410,-530,10.5,-110,237.5,-110,-110,401,-552,238.0,13
2026-03-19T21:59:09Z,evening,2026-03-19,2026-03-20T00:10:00Z,dea454fe13c4c2e0254013f35efaceaf,New Orleans Pelicans,Los Angeles Clippers,-136,116,-2.5,-105,229.5,-110,-110,-135,114,-2.5,-110,230.5,-110,-110,-135,110,-2.5,-110,230.5,-105,-115,-135,115,-2.5,-110,229.5,-110,-110,-137,110,-2.5,-109,229.5,-110,-113,-130,110,-2.0,-110,230.0,-110,-110,-136,112,-2.5,-108,229.5,-109,-112,-130,110,-2.5,-105,230.5,-105,-115,,,,,,,,-130,110,-2.5,-105,230.0,-110,-110,-130,110,-2.5,-110,229.5,-110,-110,-135,110,-2.5,-110,229.5,-110,-110,-130,114,-2.5,-106,229.5,-107,-107,-130,110,-2.5,-110,229.5,-110,-110,-133,112,230.0,13
2026-03-19T21:59:09Z,evening,2026-03-19,2026-03-20T00:10:00Z,b438071ab82326fa2fa702112ad04536,Miami Heat,Los Angeles Lakers,-230,190,-5.5,-110,240.5,-112,-108,-218,180,-5.5,-108,240.5,-110,-110,-220,180,-5.5,-110,240.5,-110,-110,-225,185,-5.5,-115,240.5,-110,-110,-230,180,-5.5,-112,241.5,-112,-112,-225,185,-6.0,-110,240.5,-110,-110,-225,180,-5.5,-112,241.5,-110,-110,-230,195,-6.5,-105,240.5,-110,-110,,,,,,,,-240,200,-6.0,-110,240.5,-110,-110,-215,183,-5.5,-110,240.5,-110,-110,-226,180,-5.5,-110,240.5,-110,-110,-214,185,-5.5,-106,240.5,-107,-107,-235,200,-5.5,-110,240.5,-110,-110,-226,186,241.0,13
2026-03-19T21:59:09Z,evening,2026-03-19,2026-03-20T00:10:00Z,08972bedbb384ff5c67374d76d71c61b,San Antonio Spurs,Phoenix Suns,-450,350,-9.5,-114,228.5,-106,-114,-470,360,-9.5,-112,228.5,-105,-115,-475,350,-9.5,-115,228.5,-105,-115,-480,360,-9.5,-115,228.0,-110,-110,-455,325,-9.5,-114,228.0,-112,-112,-450,350,-9.5,-110,228.0,-110,-110,-435,330,-9.5,-113,228.0,-110,-110,-500,360,-9.5,-110,228.5,-105,-115,,,,,,,,-470,345,-9.5,-115,228.0,-110,-110,-460,358,-9.5,-110,228.0,-110,-110,-455,337,-10.0,-110,228.0,-110,-110,-455,364,-9.5,-106,228.0,-107,-107,-450,355,-10.0,-110,228.0,-110,-110,-462,350,228.2,13
2026-03-19T21:59:09Z,evening,2026-03-19,2026-03-20T01:10:00Z,c9330059cfdf19891d9b4ecfa62d54c5,Utah Jazz,Milwaukee Bucks,190,-230,6.0,-114,228.5,-110,-110,200,-245,5.5,-102,229.5,-110,-110,200,-250,5.5,100,229.5,-110,-110,210,-260,6.0,-110,229.5,-110,-110,195,-250,6.0,-113,229.5,-112,-112,200,-250,6.0,-110,229.0,-110,-110,195,-245,6.0,-112,229.5,-110,-110,200,-240,5.5,100,229.5,-105,-115,,,,,,,,205,-245,6.0,-110,229.5,-110,-110,207,-250,6.0,-110,229.5,-110,-110,198,-250,6.0,-110,229.5,-110,-110,210,-248,6.0,-106,229.5,-107,-107,206,-243,6.0,-110,229.5,-110,-110,201,-247,229.0,13
2026-03-19T21:59:09Z,evening,2026-03-19,2026-03-20T02:10:00Z,34058ad6afd721c206c16f9d0eb7c77d,Sacramento Kings,Philadelphia 76ers,118,-138,2.5,-112,228.5,-108,-112,124,-148,2.5,-108,228.5,-105,-115,125,-155,2.5,-110,228.5,-105,-115,122,-145,2.5,-110,227.5,-110,-110,115,-143,2.5,-110,228.5,-113,-110,125,-150,3.0,-110,228.0,-110,-110,116,-141,2.5,-109,228.5,-112,-109,125,-145,2.5,-105,228.5,-105,-115,,,,,,,,125,-145,3.0,-110,229.0,-110,-110,125,-145,2.5,-110,227.5,-110,-110,122,-151,2.5,-110,228.0,-110,-110,127,-144,2.5,-106,227.5,-107,-107,125,-145,2.5,-110,228.0,-110,-110,123,-146,228.2,13
2026-03-19T21:59:09Z,evening,2026-03-19,2026-03-20T23:40:00Z,9dec9fb17fd32b89e42c5060a469312a,Brooklyn Nets,New York Knicks,1100,-2200,18.0,-110,214.5,-110,-110,,,,,,,,,,,,,,,,,,,,,,,,,,,,,,,,,,,,,,,,,,,,,,,,,,,,,,,,,,,,,,,,,,,,,,,,,,,,,,,,,,,,,,,,,,,,1100,-2200,214.5,1
2026-03-20T21:56:33Z,evening,2026-03-20,2026-03-20T23:40:00Z,9dec9fb17fd32b89e42c5060a469312a,Brooklyn Nets,New York Knicks,1100,-2200,17.5,-108,213.5,-108,-112,1000,-1800,17.5,-110,213.5,-108,-112,1050,-2500,17.5,-110,212.5,-110,-110,1050,-2000,17.5,-110,213.0,-105,-115,900,-2000,18.0,-114,213.5,-112,-112,1100,-2000,17.5,-110,213.0,-110,-110,900,-1667,18.0,-113,213.5,-110,-110,1100,-2500,17.5,-105,213.5,-105,-115,,,,,,,,950,-2000,17.5,-110,213.0,-110,-110,979,-1800,17.5,-110,213.0,-110,-110,943,-2000,17.5,-110,213.0,-110,-110,1025,-1755,17.5,-106,213.0,-107,-107,1000,-1800,17.5,-110,213.0,-110,-110,1007,-2002,213.0,13
2026-03-20T21:56:33Z,evening,2026-03-20,2026-03-20T23:40:00Z,f381a9f3443b5155e9e74cbdb8c0c849,Detroit Pistons,Golden State Warriors,-205,172,-4.5,-114,216.5,-112,-108,-205,170,-4.5,-118,217.5,-105,-115,-210,170,-4.5,-118,216.5,-115,-105,-210,175,-5.0,-110,217.0,-110,-110,-210,165,-5.0,-110,217.5,-109,-114,-210,175,-5.0,-110,217.0,-110,-110,-205,165,-5.0,-109,217.5,-108,-113,-200,170,-5.5,-105,217.5,-105,-115,,,,,,,,-220,180,-5.5,-105,217.0,-110,-110,-205,177,-5.0,-110,217.0,-110,-110,-208,168,-4.5,-110,217.0,-110,-110,-204,179,-5.0,-106,217.0,-107,-107,-205,175,-5.5,-110,217.0,-110,-110,-207,172,217.0,13
2026-03-20T21:56:33Z,evening,2026-03-20,2026-03-21T00:10:00Z,bf9a522d732a5622666e8bae89203de1,Houston Rockets,Atlanta Hawks,-156,132,-3.5,-110,226.5,-105,-115,-155,130,-3.5,-108,226.5,-110,-110,-150,125,-2.5,-118,226.5,-110,-110,-150,126,-3.5,-105,226.5,-110,-110,-167,133,-3.5,-113,226.5,-110,-113,-160,130,-3.5,-110,227.0,-110,-110,-165,135,-3.5,-112,226.5,-109,-112,-150,130,-3.5,-105,226.5,-110,-110,,,,,,,,-160,135,-3.0,-115,226.0,-110,-110,-150,130,-3.5,-110,226.0,-110,-110,-159,128,-3.5,-110,226.5,-110,-110,-149,132,-3.5,-107,226.0,-107,-107,-145,125,-3.0,-105,226.5,-110,-110,-155,130,226.5,13
2026-03-20T21:56:33Z,evening,2026-03-20,2026-03-21T00:10:00Z,62da7cf8935f70ca97e56996eda2dd1a,Memphis Grizzlies,Boston Celtics,750,-1200,15.0,-106,232.5,-108,-112,750,-1200,14.5,-105,232.5,-105,-115,725,-1200,14.5,-105,231.5,-115,-105,750,-1200,15.0,-105,231.5,-115,-105,700,-1250,15.5,-110,231.5,-110,-113,800,-1300,15.0,-110,232.0,-110,-110,700,-1250,15.5,-109,231.5,-109,-112,800,-1600,15.5,-115,232.5,-105,-115,,,,,,,,700,-1200,15.5,-110,231.5,-115,-105,754,-1200,15.0,-107,231.5,-115,-105,690,-1250,15.0,-110,231.5,-110,-110,781,-1174,15.0,-103,231.5,-113,-102,750,-1200,15.5,-110,231.5,-110,-110,742,-1248,232.0,13
2026-03-20T21:56:33Z,evening,2026-03-20,2026-03-21T00:10:00Z,ad2565936a516016f0e5cde775d11ad0,Minnesota Timberwolves,Portland Trail Blazers,-130,110,-1.5,-114,231.5,-112,-108,-130,110,-1.5,-115,231.5,-108,-112,-130,105,-1.5,-110,231.5,-110,-110,-125,105,-1.5,-115,231.5,-110,-110,-129,104,-2.0,-109,231.5,-110,-112,-125,105,-1.5,-110,231.5,-110,-110,-127,104,-2.0,-108,231.5,-110,-110,-125,105,-1.5,-110,231.5,-110,-110,,,,,,,,-120,100,-1.5,-110,231.5,-110,-110,-127,107,-1.5,-113,231.5,-110,-110,-127,103,-1.5,-110,231.5,-110,-110,-125,109,-1.5,-109,231.5,-107,-107,-127,107,-1.5,-115,231.5,-110,-110,-127,106,231.5,13
2026-03-20T21:56:33Z,evening,2026-03-20,2026-03-21T01:10:00Z,1bcdb9dabad4bb99e11958b30508dc78,Denver Nuggets,Toronto Raptors,-275,225,-7.0,-110,238.5,-110,-110,-298,240,-7.5,-105,239.5,-110,-110,-275,225,-6.5,-118,239.5,-110,-110,-278,222,-7.0,-105,239.5,-110,-110,-286,220,-7.0,-110,239.0,-109,-113,-285,230,-7.0,-110,239.0,-110,-110,-278,220,-7.0,-109,239.0,-108,-113,-275,225,-7.5,100,238.5,-115,-105,,,,,,,,-280,230,-7.0,-110,238.5,-110,-110,-280,230,-7.0,-111,239.0,-110,-110,-278,219,-7.0,-110,239.0,-110,-110,-277,233,-7.0,-107,239.0,-107,-107,-280,235,-7.0,-110,239.0,-110,-110,-280,227,239.0,13
2026-03-20T21:56:33Z,evening,2026-03-20,2026-03-21T23:11:00Z,041a208c3a53186e8bc0983045ab66f7,Orlando Magic,Los Angeles Lakers,136,-162,2.5,-106,230.5,-110,-110,130,-155,2.5,-108,231.5,-105,-115,,,,,,,,,,,,,,,,,,,,,,130,-160,3.0,-110,231.5,-110,-110,,,,,,,,135,-155,2.5,-105,230.5,-110,-110,,,,,,,,,,,,,,,,,,,,,,,,,,,,,,,,,,,,,,,,,,,133,-158,231.0,4
2026-03-21T23:59:14Z,closing,2026-03-21,2026-03-21T23:11:00Z,caa8acf3be841cea790d25a4082d4817,Charlotte Hornets,Memphis Grizzlies,-4000,1200,-16.5,-132,229.5,-112,-118,-3500,1400,-17.5,-110,229.5,-115,-115,-5000,1150,-17.5,-118,225.5,-115,-115,-3000,1100,-16.5,-115,228.5,-115,-115,-5000,1150,-19.0,-120,229.0,-115,-120,-4000,1400,-18.5,100,226.5,-110,-120,-5000,1200,-18.0,-114,228.5,-114,-117,-5000,1800,-17.5,-120,229.5,-110,-120,,,,,,,,-2800,1100,-17.0,-110,227.0,-115,-115,,,,,,,,-2500,875,-16.5,-118,228.5,-111,-118,,,,,,,,,,,,,,,-3980,1238,227.7,10
2026-03-21T23:59:14Z,closing,2026-03-21,2026-03-21T23:11:00Z,87e5b0e532472d1e7a6815746302dd10,New Orleans Pelicans,Cleveland Cavaliers,162,-210,3.5,-106,237.5,-112,-118,154,-200,4.5,-120,236.5,-115,-115,170,-220,4.5,-125,237.5,-110,-115,150,-190,4.5,-120,237.5,-115,-115,170,-230,5.0,-120,237.0,-115,-121,160,-210,4.5,-125,236.5,-120,-120,175,-225,5.0,-118,237.0,-113,-118,150,-190,3.5,-110,236.5,-125,-105,,,,,,,,150,-200,4.0,-115,235.5,-115,-115,,,,,,,,240,-333,6.5,-105,237.5,-125,100,,,,,,,,,,,,,,,168,-221,236.6,10
2026-03-21T23:59:14Z,closing,2026-03-21,2026-03-21T23:11:00Z,041a208c3a53186e8bc0983045ab66f7,Orlando Magic,Los Angeles Lakers,-115,-111,-0.5,-118,236.5,-128,-104,-105,-125,1.5,-120,237.5,-115,-115,105,-135,1.5,-110,238.5,-115,-115,-110,-120,1.5,-125,237.5,-110,-120,114,-150,2.0,-113,238.5,-120,-117,100,-130,-1.5,110,237.5,-115,-135,104,-129,1.5,-114,238.5,-114,-117,-125,-105,-1.5,-105,237.5,-120,-110,,,,,,,,-125,-105,-1.5,-115,236.0,-120,-110,,,,,,,,-111,-118,0.5,-111,235.5,-111,-118,,,,,,,,,,,,,,,-27,-123,236.8,10
2026-03-21T23:59:14Z,closing,2026-03-21,2026-03-22T00:10:00Z,3523e11ab67a699ba097925fb4981746,Atlanta Hawks,Golden State Warriors,-330,265,-7.5,-112,227.5,-115,-105,-310,250,-7.5,-110,227.5,-115,-105,-300,240,-7.5,-110,227.5,-115,-105,-320,250,-8.0,-110,228.0,-110,-110,-315,235,-7.5,-115,228.5,-113,-110,-325,250,-7.5,-110,228.0,-110,-110,-305,235,-7.5,-114,228.5,-112,-109,-320,260,-7.5,-110,228.5,-105,-115,,,,,,,,-330,265,-7.5,-115,228.0,-110,-110,-290,237,-7.5,-109,228.0,-110,-110,-329,250,-7.5,-110,228.0,-110,-110,-287,241,-7.5,-105,228.0,-107,-107,-290,240,-7.5,-110,228.0,-110,-110,-312,248,228.0,13
2026-03-21T23:59:14Z,closing,2026-03-21,2026-03-22T00:10:00Z,1a580864294677520ddb2a2a0fe31268,San Antonio Spurs,Indiana Pacers,-1200,750,-16.0,-112,235.5,-105,-115,-1600,900,-16.5,-115,235.5,-112,-108,-2000,950,-16.5,-115,235.5,-110,-110,-1600,900,-17.0,-110,235.5,-110,-110,-1667,800,-16.5,-113,235.5,-110,-112,-1700,1000,-16.5,-110,235.5,-115,-115,-1667,850,-16.5,-110,235.5,-109,-112,-1800,900,-16.5,-105,234.5,-115,-105,,,,,,,,-1600,800,-16.5,-105,236.0,-110,-110,-1500,874,-17.0,-108,235.5,-110,-110,-2000,914,-17.0,-110,235.5,-110,-110,-1464,910,-17.0,-104,235.5,-107,-107,-1500,850,-17.0,-110,235.5,-110,-110,-1638,877,235.3,13
2026-03-21T23:59:14Z,closing,2026-03-21,2026-03-22T00:11:00Z,3b6c1dd86ba56eddae458728b80c3320,Houston Rockets,Miami Heat,-142,120,-3.0,-108,228.5,-110,-110,-142,120,-2.5,-112,228.5,-110,-110,-145,118,-2.5,-110,228.5,-110,-110,-140,118,-2.5,-115,228.5,-105,-115,-152,123,-3.0,-110,229.0,-109,-114,-140,115,-2.5,-110,228.5,-110,-110,-150,123,-3.0,-109,228.5,-113,-108,-140,120,-2.5,-115,228.5,-110,-110,,,,,,,,-135,115,-2.5,-110,228.5,-110,-110,-137,117,-2.5,-108,228.5,-110,-110,-141,115,-2.5,-110,228.5,-110,-110,-135,119,-2.5,-104,228.5,-107,-107,-135,115,-2.5,-110,228.5,-110,-110,-141,118,228.8,13
2026-03-21T23:59:14Z,closing,2026-03-21,2026-03-22T00:45:00Z,817a30a82900f0db41d5b094f424e33b,Dallas Mavericks,Los Angeles Clippers,240,-295,7.5,-110,234.5,-112,-108,230,-285,7.5,-115,233.5,-115,-105,225,-275,7.5,-110,234.5,-110,-110,228,-285,7.5,-115,234.0,-110,-110,220,-286,7.5,-115,234.5,-114,-109,230,-285,7.5,-110,234.5,-110,-110,225,-286,7.5,-114,235.0,-108,-113,240,-290,7.5,-110,234.5,-110,-110,,,,,,,,230,-280,7.5,-115,234.5,-110,-110,234,-285,7.5,-108,234.5,-106,-114,225,-286,7.5,-110,234.0,-110,-110,237,-282,7.5,-104,234.5,-103,-112,235,-280,7.5,-110,234.0,-110,-110,231,-285,234.2,13
2026-03-21T23:59:14Z,closing,2026-03-21,2026-03-22T01:40:00Z,b9b4d5f3dfbad29e6a0e3e08fff25a95,Utah Jazz,Philadelphia 76ers,188,-225,5.5,-112,231.5,-110,-110,185,-225,5.5,-115,230.5,-112,-108,180,-220,5.5,-110,230.5,-115,-105,185,-225,5.0,-110,230.5,-115,-105,195,-250,6.0,-114,230.5,-113,-110,185,-225,5.5,-110,231.0,-110,-110,195,-245,6.0,-113,230.5,-112,-109,190,-225,5.5,-110,231.5,-110,-110,,,,,,,,190,-230,5.5,-110,230.5,-110,-110,180,-210,5.0,-105,230.5,-110,-110,182,-229,5.5,-110,231.5,-110,-110,182,-209,5.0,-101,230.5,-107,-107,180,-210,5.0,-105,231.0,-110,-110,186,-225,231.0,13
2026-03-21T23:59:14Z,closing,2026-03-21,2026-03-22T02:11:00Z,d6b73b8b266617c9d9eeba4a6c9bf5f9,Phoenix Suns,Milwaukee Bucks,-600,450,-11.5,-106,217.5,-106,-114,-575,425,-11.5,-105,216.5,-115,-105,-600,425,-11.5,-105,217.5,-110,-110,-550,400,-11.0,-110,217.0,-105,-115,-590,420,-11.0,-112,217.0,-109,-113,-575,425,-11.0,-110,217.5,-110,-110,-590,420,-11.0,-110,217.0,-108,-113,-700,450,-11.5,-105,217.5,-105,-115,,,,,,,,-575,400,-11.0,-110,217.5,-110,-110,-550,415,-11.0,-112,217.0,-108,-112,-556,398,-11.0,-110,217.5,-110,-110,-542,423,-11.0,-108,217.0,-105,-109,-550,425,-11.0,-110,217.0,-110,-110,-581,421,217.0,13
2026-03-21T23:59:14Z,closing,2026-03-21,2026-03-22T21:10:00Z,2a8d0098f2f9618a48da74e1db566ffd,Denver Nuggets,Portland Trail Blazers,-340,275,-9.0,-110,240.5,-110,-110,-360,285,-8.5,-115,240.5,-105,-115,,,,,,,,-355,278,-8.5,-115,240.5,-110,-110,,,,,,,,,,,,,,,,,,,,,,,,,,,,,,,,,,,,,,,,,,,,,,,,,,-370,278,-9.0,-110,240.5,-110,-110,,,,,,,,,,,,,,,-356,279,240.5,4
2026-03-21T23:59:14Z,closing,2026-03-21,2026-03-22T23:40:00Z,4dd372ed75728dd87afb1727ae355dc3,New York Knicks,Washington Wizards,-2200,1100,-19.5,-106,227.5,-110,-110,,,,,,,,,,,,,,,,,,,,,,,,,,,,,,,,,,,,,,,,,,,,,,,,,,,,,,,,,,,,,,,,,,,,,,,,,,,,,,,,,,,,,,,,,,,,-2200,1100,227.5,1
2026-03-21T23:59:14Z,closing,2026-03-21,2026-03-23T00:10:00Z,1a05c77c819835b566aa84234d87308b,Boston Celtics,Minnesota Timberwolves,-370,295,-9.5,-110,219.5,-110,-110,-380,300,-9.5,-110,219.5,-110,-110,,,,,,,,-365,285,-9.5,-110,219.5,-110,-110,,,,,,,,,,,,,,,,,,,,,,,,,,,,,,,,,,,,,,,,,,,,,,,,,,,,,,,,,,,,,,,,,,,,,,,-372,293,219.5,3
2026-03-21T23:59:14Z,closing,2026-03-21,2026-03-23T01:10:00Z,cc54e4aec84694c34dba42b139467839,Phoenix Suns,Toronto Raptors,102,-120,1.0,-106,220.5,-110,-110,-102,-118,1.5,-115,220.5,-110,-110,,,,,,,,100,-120,1.5,-115,220.5,-110,-110,,,,,,,,,,,,,,,,,,,,,,,,,,,,,,,,,,,,,,,,,,,,,,,,,,,,,,,,,,,,,,,,,,,,,,,33,-119,220.5,3
2026-03-22T21:52:33Z,evening,2026-03-22,2026-03-22T21:10:00Z,2a8d0098f2f9618a48da74e1db566ffd,Denver Nuggets,Portland Trail Blazers,-720,450,-9.5,-136,258.5,102,-136,-520,350,-10.5,-110,258.5,-120,-110,-500,333,-8.5,-110,260.5,-110,-115,-500,350,-8.5,-120,258.5,-120,-110,-560,360,-9.5,-112,257.0,-117,-120,-550,350,-10.5,-105,256.5,-110,-115,-625,425,-9.5,-120,258.0,-117,-114,-500,340,-8.5,-125,259.5,-115,-115,,,,,,,,-550,350,-9.5,-115,259.0,-115,-115,,,,,,,,-455,310,-8.5,-111,259.5,-154,120,,,,,,,,,,,,,,,-548,362,258.4,10
2026-03-22T21:52:33Z,evening,2026-03-22,2026-03-22T22:10:00Z,d59068d1012b6bf912e2b6824b39bf51,Sacramento Kings,Brooklyn Nets,-250,205,-6.5,-110,218.5,-108,-112,-238,195,-6.5,-112,218.5,-115,-105,-235,195,-6.5,-110,219.5,-105,-115,-250,205,-6.5,-110,218.5,-110,-110,-275,210,-6.5,-110,218.5,-110,-113,-250,200,-6.5,-110,218.5,-110,-110,-265,210,-6.5,-109,218.5,-109,-112,-250,210,-6.5,-110,218.5,-105,-115,,,,,,,,-245,205,-6.5,-115,218.0,-110,-110,-230,192,-6.5,-115,219.0,-108,-112,-244,195,-6.5,-110,219.0,-110,-110,-228,195,-6.5,-111,219.0,-105,-109,-230,195,-6.5,-110,218.0,-110,-110,-245,201,218.8,13
2026-03-22T21:52:33Z,evening,2026-03-22,2026-03-22T23:40:00Z,4dd372ed75728dd87afb1727ae355dc3,New York Knicks,Washington Wizards,-3500,1400,-21.5,-114,228.5,-114,-106,-3200,1400,-21.5,-110,228.5,-110,-110,-5000,1500,-21.5,-110,228.5,-110,-110,-3500,1350,-21.5,-110,228.5,-110,-110,-3335,1200,-21.5,-114,228.5,-109,-113,-4000,1500,-21.5,-110,228.5,-110,-110,-3335,1200,-21.5,-113,228.5,-108,-112,-5000,1500,-21.5,-105,228.5,-110,-110,,,,,,,,-5000,1200,-21.0,-115,228.5,-110,-110,-3500,1356,-21.0,-115,228.5,-110,-110,-5000,1321,-21.5,-110,228.5,-110,-110,-3453,1403,-21.0,-111,228.5,-107,-107,-3500,1500,-21.5,-110,228.5,-110,-110,-3948,1372,228.5,13
2026-03-22T21:52:33Z,evening,2026-03-22,2026-03-23T00:10:00Z,1a05c77c819835b566aa84234d87308b,Boston Celtics,Minnesota Timberwolves,-420,330,-10.0,-110,221.5,-110,-110,-410,320,-9.5,-118,221.5,-112,-108,-425,320,-10.5,-105,222.5,-105,-115,-420,320,-10.0,-110,222.0,-110,-110,-455,325,-9.5,-114,222.0,-109,-113,-425,330,-10.0,-110,222.0,-110,-110,-435,330,-9.5,-113,222.0,-108,-113,-425,320,-9.5,-115,221.5,-115,-105,,,,,,,,-430,320,-10.0,-110,222.0,-110,-110,-400,316,-10.0,-108,222.0,-110,-110,-400,304,-10.0,-110,222.0,-110,-110,-395,321,-10.0,-104,222.0,-107,-107,-425,333,-10.0,-110,222.0,-110,-110,-420,322,222.0,13
2026-03-22T21:52:33Z,evening,2026-03-22,2026-03-23T01:10:00Z,cc54e4aec84694c34dba42b139467839,Phoenix Suns,Toronto Raptors,148,-176,4.0,-106,219.5,-108,-112,145,-175,4.5,-118,219.5,-110,-110,145,-175,4.5,-115,219.5,-110,-110,143,-170,4.0,-110,219.0,-105,-115,150,-190,4.5,-112,218.5,-114,-109,145,-175,4.0,-110,219.0,-110,-110,155,-190,4.5,-110,218.5,-113,-108,150,-175,4.5,-110,219.5,-105,-115,,,,,,,,145,-170,4.0,-110,219.5,-110,-110,151,-172,4.0,-107,219.5,-111,-109,141,-175,4.0,-110,219.5,-110,-110,152,-172,4.0,-103,219.5,-108,-106,146,-170,4.0,-110,219.5,-110,-110,147,-176,219.0,13
2026-03-22T21:52:33Z,evening,2026-03-22,2026-03-23T23:10:00Z,b542245530e737dbd0703796ab0c1257,Detroit Pistons,Los Angeles Lakers,108,-126,2.5,-110,227.5,-110,-110,,,,,,,,,,,,,,,,,,,,,,,,,,,,,,,,,,,,,,,,,,,,,,,,,,,,,,,,,,,,,,,,,,,,,,,,,,,,,,,,,,,,,,,,,,,,108,-126,227.5,1
2026-03-22T21:52:33Z,evening,2026-03-22,2026-03-23T23:10:00Z,ee838160ed85754aa11218f7ec3708b0,Orlando Magic,Indiana Pacers,-850,590,-13.0,-110,233.5,-110,-110,,,,,,,,,,,,,,,,,,,,,,,,,,,,,,,,,,,,,,,,,,,,,,,,,,,,,,,,,,,,,,,,,,,,,,,,,,,,,,,,,,,,,,,,,,,,-850,590,233.5,1
2026-03-22T21:52:33Z,evening,2026-03-22,2026-03-23T23:10:00Z,c61d2594de00eb4d12ba96127dc437e5,Miami Heat,San Antonio Spurs,188,-225,6.0,-110,240.5,-108,-112,,,,,,,,,,,,,,,,,,,,,,,,,,,,,,,,,,,,,,,,,,,,,,,,,,,,,,,,,,,,,,,,,,,,,,,,,,,,,,,,,,,,,,,,,,,,188,-225,240.5,1
2026-03-22T21:52:33Z,evening,2026-03-22,2026-03-23T23:10:00Z,49b50074de17e9d2082babc6b09b0d97,Philadelphia 76ers,Oklahoma City Thunder,730,-1150,15.5,-110,223.5,-110,-110,800,-1350,15.5,-110,222.5,-110,-110,,,,,,,,,,,,,,,,,,,,,,,,,,,,,,,,,,,,,,,,,,,,,,,,,,,,,,,,,,,,,,,,,,,,,,,,,,,,,,,,,,,,,765,-1250,223.0,2
2026-03-23T22:00:32Z,manual,2026-03-23,2026-03-23T23:10:00Z,b542245530e737dbd0703796ab0c1257,Detroit Pistons,Los Angeles Lakers,100,-118,1.5,-112,225.5,-110,-110,-102,-118,1.5,-115,226.5,-105,-115,100,-120,1.5,-115,225.5,-115,-105,100,-120,1.0,-110,226.5,-110,-110,100,-122,1.5,-113,225.5,-113,-110,100,-120,1.0,-110,225.5,-110,-110,100,-121,1.5,-112,225.5,-112,-109,100,-120,1.5,-115,225.5,-110,-110,,,,,,,,-105,-115,1.0,-110,225.5,-115,-105,-105,-115,1.0,-115,226.0,-110,-110,101,-123,1.5,-110,226.5,-110,-110,-103,-113,1.0,-111,226.0,-107,-107,-105,-115,1.0,-110,226.0,-110,-110,22,-118,226.0,13
2026-03-23T22:00:32Z,manual,2026-03-23,2026-03-23T23:10:00Z,ee838160ed85754aa11218f7ec3708b0,Orlando Magic,Indiana Pacers,-800,560,-12.5,-110,232.5,-106,-114,-800,550,-12.5,-105,231.5,-115,-105,-800,550,-12.5,-105,232.5,-105,-115,-800,550,-12.5,-110,232.0,-110,-110,-835,525,-12.5,-113,232.5,-113,-110,-800,550,-12.0,-110,232.0,-110,-110,-770,525,-12.5,-112,232.5,-112,-109,-800,500,-12.5,-105,232.5,-105,-115,,,,,,,,-800,525,-12.5,-115,232.5,-105,-115,-750,534,-12.5,-105,232.0,-113,-107,-769,518,-12.5,-110,232.5,-110,-110,-737,547,-12.5,-101,232.0,-110,-104,-740,520,-12.5,-110,232.5,-110,-110,-785,535,232.0,13
2026-03-23T22:00:32Z,manual,2026-03-23,2026-03-23T23:10:00Z,c61d2594de00eb4d12ba96127dc437e5,Miami Heat,San Antonio Spurs,144,-174,3.5,-106,243.5,-110,-110,140,-166,3.5,-110,244.5,-105,-115,140,-170,3.5,-110,244.5,-110,-110,135,-160,3.5,-115,244.0,-110,-110,140,-177,4.0,-114,243.5,-110,-113,140,-170,3.5,-110,244.5,-110,-110,143,-175,4.0,-113,243.5,-109,-112,140,-165,3.5,-110,243.5,-110,-110,,,,,,,,140,-165,3.5,-110,245.0,-105,-115,140,-160,3.5,-107,244.0,-110,-110,135,-165,3.5,-110,244.0,-110,-110,141,-160,3.5,-103,244.0,-107,-107,142,-165,3.5,-110,244.0,-110,-110,140,-167,244.2,13
2026-03-23T22:00:32Z,manual,2026-03-23,2026-03-23T23:10:00Z,49b50074de17e9d2082babc6b09b0d97,Philadelphia 76ers,Oklahoma City Thunder,750,-1200,16.0,-108,225.5,-115,-105,750,-1200,16.5,-110,226.5,-108,-112,750,-1200,16.5,-115,226.5,-110,-110,700,-1100,16.0,-110,226.5,-110,-110,750,-1430,16.0,-110,226.0,-112,-112,800,-1300,16.5,-110,225.5,-110,-110,750,-1250,16.0,-109,226.0,-110,-110,800,-1600,16.5,-110,225.5,-115,-105,,,,,,,,725,-1300,16.0,-105,226.5,-105,-115,754,-1200,16.0,-107,226.5,-112,-108,706,-1250,16.0,-110,226.0,-110,-110,781,-1174,16.0,-103,226.5,-109,-105,750,-1200,16.0,-110,226.0,-110,-110,751,-1262,226.0,13
2026-03-23T22:00:32Z,manual,2026-03-23,2026-03-23T23:40:00Z,9693d8c4274c9eabbcb9ab22fcf44936,Atlanta Hawks,Memphis Grizzlies,-770,540,-12.5,-114,239.5,-106,-114,-800,550,-12.5,-115,239.5,-115,-105,-900,575,-13.5,-110,239.5,-115,-105,-900,600,-13.0,-110,240.0,-110,-110,-715,475,-12.5,-112,239.0,-110,-113,-800,550,-13.0,-110,240.0,-110,-110,-670,475,-12.5,-110,239.0,-109,-112,-800,500,-12.5,-110,239.5,-110,-110,,,,,,,,-850,550,-12.5,-115,240.0,-110,-110,-750,534,-13.0,-107,240.0,-110,-110,-850,545,-13.0,-110,239.5,-110,-110,-737,547,-13.0,-103,240.0,-107,-107,-750,530,-13.0,-105,240.0,-110,-110,-792,536,239.5,13
2026-03-23T22:00:32Z,manual,2026-03-23,2026-03-24T00:10:00Z,20907151ed2de3c55309ff635a0b4f53,Chicago Bulls,Houston Rockets,290,-360,8.5,-110,232.5,-110,-110,285,-360,8.5,-102,232.5,-115,-105,280,-350,8.5,-110,232.5,-110,-110,285,-365,8.5,-110,232.5,-110,-110,280,-375,8.5,-112,233.0,-110,-113,300,-375,9.0,-110,232.5,-110,-110,280,-375,8.5,-110,233.0,-109,-112,290,-380,8.5,-110,232.5,-115,-105,,,,,,,,295,-390,9.0,-110,232.5,-110,-110,296,-370,9.0,-110,232.5,-115,-105,272,-357,8.5,-110,232.5,-110,-110,301,-366,9.0,-106,232.5,-113,-102,280,-350,8.5,-105,232.5,-110,-110,287,-367,232.8,13
2026-03-23T22:00:32Z,manual,2026-03-23,2026-03-24T01:10:00Z,3791f62ad672c74a9eaaf206188b1696,Utah Jazz,Toronto Raptors,385,-500,10.5,-115,230.5,-114,-106,390,-520,10.5,-115,230.5,-115,-105,375,-500,10.5,-118,231.5,-105,-115,360,-480,10.0,-110,232.0,-110,-110,360,-500,10.0,-112,230.5,-113,-110,400,-550,10.0,-110,231.0,-110,-110,360,-500,10.0,-110,230.5,-112,-109,380,-550,10.5,-115,230.5,-115,-105,,,,,,,,400,-575,10.0,-110,231.0,-110,-110,350,-450,9.5,-110,231.0,-110,-110,392,-556,10.0,-110,231.0,-110,-110,356,-444,9.5,-106,231.0,-107,-107,355,-450,10.0,-110,230.5,-110,-110,374,-506,231.2,13
2026-03-23T22:00:32Z,manual,2026-03-23,2026-03-24T01:40:00Z,d6018addbf422198251c0674270b87f3,Dallas Mavericks,Golden State Warriors,106,-124,2.5,-114,231.5,-110,-110,105,-125,1.5,-105,231.5,-110,-110,105,-125,1.5,-105,231.5,-110,-110,110,-130,1.5,-105,231.5,-110,-110,105,-130,2.0,-110,231.5,-110,-113,105,-125,2.0,-110,231.5,-110,-110,106,-129,2.0,-109,231.5,-109,-112,110,-130,2.5,-115,231.5,-110,-110,,,,,,,,100,-120,1.5,-105,231.5,-115,-105,103,-123,2.0,-113,231.5,-110,-110,103,-127,2.0,-110,231.5,-110,-110,105,-121,2.0,-109,231.5,-107,-107,100,-120,2.0,-110,231.5,-110,-110,105,-125,231.5,13
2026-03-23T22:00:32Z,manual,2026-03-23,2026-03-24T02:10:00Z,3cd97096b11e331414ff5b0b6c515f5c,Portland Trail Blazers,Brooklyn Nets,-1350,810,-15.5,-112,217.5,-110,-110,-1000,650,-15.5,-115,217.5,-108,-112,-1100,675,-15.5,-110,217.5,-110,-110,-1000,650,-15.5,-110,217.5,-110,-110,-1250,700,-16.0,-110,218.0,-109,-114,-1300,800,-16.0,-110,218.0,-110,-110,-1250,700,-16.0,-109,217.5,-113,-108,-1600,800,-15.5,-115,217.5,-110,-110,,,,,,,,-1300,725,-16.0,-110,218.5,-110,-110,-1000,661,-16.0,-110,218.0,-112,-108,-1111,663,-15.5,-110,217.5,-110,-110,-979,683,-16.0,-106,218.0,-109,-105,-1100,700,-16.0,-110,218.0,-110,-110,-1180,709,218.0,13
2026-03-23T22:00:32Z,manual,2026-03-23,2026-03-24T02:40:00Z,9d16ebba2fd9d005cddea05f25e60145,Los Angeles Clippers,Milwaukee Bucks,-750,530,-13.5,-106,220.5,-110,-110,-800,550,-13.5,-105,221.5,-105,-115,-800,550,-13.5,-110,220.5,-115,-105,-800,550,-13.5,-110,221.5,-110,-110,-910,550,-13.0,-114,221.0,-114,-109,-800,550,-13.5,-110,220.5,-110,-110,-835,550,-13.0,-113,221.5,-108,-113,-900,550,-13.5,-105,219.5,-115,-105,,,,,,,,-850,550,-13.5,-110,220.5,-110,-110,-750,534,-13.5,-108,220.5,-110,-110,-909,571,-13.5,-110,220.5,-110,-110,-737,547,-13.5,-104,220.5,-107,-107,-825,565,-13.5,-110,220.5,-110,-110,-820,550,220.6,13
2026-03-23T22:00:32Z,manual,2026-03-23,2026-03-24T23:40:00Z,3ffbb865981907829bb58d7f86351ba0,New York Knicks,New Orleans Pelicans,-360,290,-9.0,-110,230.5,-110,-110,,,,,,,,,,,,,,,,,,,,,,,,,,,,,,,,,,,,,,,,,,,,,,,,,,,,,,,,,,,,,,,,,,,,,,,,,,,,,,,,,,,,,,,,,,,,-360,290,230.5,1
2026-03-24T22:05:21Z,manual,2026-03-24,2026-03-24T23:10:00Z,c4901bf9c9ebf81236d22ca4626b5a31,Charlotte Hornets,Sacramento Kings,-1800,980,-17.5,-114,232.5,-110,-110,-1800,1000,-17.5,-115,232.5,-112,-108,-2000,1000,-17.5,-115,233.5,-105,-115,-2000,1050,-18.0,-110,233.5,-115,-105,-1667,800,-18.0,-110,232.5,-112,-112,-1800,1050,-17.5,-110,233.0,-110,-110,-1667,850,-18.0,-109,232.5,-110,-110,-2500,1100,-17.5,-115,232.5,-110,-110,,,,,,,,-1800,850,-18.0,-105,233.0,-110,-110,-1800,979,-17.5,-115,232.5,-112,-108,-2000,936,-18.0,-110,233.0,-110,-110,-1755,1025,-17.5,-111,232.5,-109,-105,-1800,1000,-17.5,-110,233.0,-110,-110,-1876,971,233.0,13
2026-03-24T22:05:21Z,manual,2026-03-24,2026-03-24T23:40:00Z,3ffbb865981907829bb58d7f86351ba0,New York Knicks,New Orleans Pelicans,-375,300,-8.5,-110,229.5,-110,-110,-375,295,-8.5,-112,229.5,-110,-110,-400,310,-8.5,-115,229.5,-110,-110,-400,310,-8.5,-110,229.5,-110,-110,-400,290,-9.0,-109,230.5,-110,-113,-375,300,-8.5,-110,229.5,-110,-110,-385,295,-9.0,-108,230.5,-109,-112,-380,290,-8.5,-110,229.5,-110,-110,,,,,,,,-380,290,-8.5,-110,229.5,-110,-110,-355,285,-8.5,-110,229.5,-110,-110,-370,285,-8.5,-110,229.5,-110,-110,-351,289,-8.5,-106,229.5,-107,-107,-355,285,-8.5,-110,229.5,-110,-110,-377,294,230.0,13
2026-03-24T22:05:21Z,manual,2026-03-24,2026-03-25T00:10:00Z,6b03ae1305a70007dbaebefa0c8af0b7,Cleveland Cavaliers,Orlando Magic,-460,360,-10.5,-112,230.5,-110,-110,-455,350,-10.5,-115,230.5,-110,-110,-475,360,-10.5,-110,230.5,-110,-110,-480,360,-10.5,-110,230.0,-110,-110,-500,360,-10.5,-113,230.0,-113,-109,-500,375,-10.5,-110,230.0,-110,-110,-500,360,-10.5,-112,230.0,-112,-108,-450,340,-10.5,-110,230.5,-105,-115,,,,,,,,-490,355,-10.5,-115,230.0,-110,-110,-450,350,-10.5,-112,230.0,-110,-110,-455,337,-10.5,-110,230.5,-110,-110,-444,356,-10.5,-108,230.0,-107,-107,-450,355,-10.5,-110,230.0,-110,-110,-470,355,230.2,13
2026-03-24T22:05:21Z,manual,2026-03-24,2026-03-25T03:10:00Z,5cc255e5f9f9fefa4cc7e5316e16a519,Phoenix Suns,Denver Nuggets,190,-230,6.0,-112,232.5,-112,-108,200,-245,6.5,-112,232.5,-110,-110,195,-235,6.5,-115,232.5,-115,-105,180,-220,6.0,-105,232.5,-110,-110,195,-250,6.0,-112,233.0,-109,-114,200,-250,6.0,-110,232.5,-110,-110,200,-250,6.0,-110,232.5,-113,-108,200,-240,6.5,-115,232.5,-110,-110,,,,,,,,200,-240,6.0,-115,232.5,-110,-110,192,-230,6.0,-110,232.5,-110,-110,195,-244,6.0,-110,232.5,-110,-110,195,-228,6.0,-106,232.5,-107,-107,195,-230,6.0,-110,232.5,-110,-110,195,-238,232.8,13
2026-03-24T22:05:21Z,manual,2026-03-24,2026-03-25T23:10:00Z,8aaad66627fe854cc273103047d880e6,Detroit Pistons,Atlanta Hawks,-148,126,-2.5,-115,227.5,-110,-110,-142,120,-2.5,-110,226.5,-115,-105,,,,,,,,,,,,,,,,,,,,,,,,,,,,,,,,,,,,,,,,,,,,,,,,,,,,,,,,,,,,,,,,,,,,,,,,,,,,,,,,,,,,,-145,123,227.0,2
2026-03-24T22:05:21Z,manual,2026-03-24,2026-03-25T23:40:00Z,277fee894c9dc5c623ed6a131bf513c7,Boston Celtics,Oklahoma City Thunder,132,-156,3.0,-112,218.5,-110,-110,136,-162,3.5,-115,217.5,-115,-105,,,,,,,,,,,,,,,,,,,,,,130,-160,3.0,-105,218.0,-110,-110,,,,,,,,135,-155,2.5,100,218.5,-110,-110,,,,,,,,,,,,,,,,,,,,,,,,,,,,,,,,,,,,,,,,,,,133,-158,218.0,4
2026-03-24T22:05:21Z,manual,2026-03-24,2026-03-25T23:40:00Z,bb33d3e33ac233af2a20161310f567f2,Cleveland Cavaliers,Miami Heat,-166,140,-3.5,-112,242.5,-110,-110,-162,136,-3.5,-115,242.5,-110,-110,,,,,,,,-165,140,-3.5,-110,242.5,-110,-110,,,,,,,,,,,,,,,,,,,,,,,,,,,,,,,,,,,,,,,,,,,,,,,,,,,,,,,,,,,,,,,,,,,,,,,-164,139,242.5,3
2026-03-24T22:05:21Z,manual,2026-03-24,2026-03-26T01:40:00Z,cf2665074fd82e7b5f2b4393f20afd32,Minnesota Timberwolves,Houston Rockets,102,-120,1.5,-112,222.5,-108,-112,-102,-118,1.5,-115,221.5,-115,-105,,,,,,,,,,,,,,,,,,,,,,100,-120,1.0,-110,222.0,-110,-110,,,,,,,,105,-125,1.5,-110,222.5,-105,-115,,,,,,,,,,,,,,,,,,,,,,,,,,,,,,,,,,,,,,,,,,,51,-121,222.0,4
2026-03-24T22:05:21Z,manual,2026-03-24,2026-03-26T02:10:00Z,63b3c408cf1e55eb8d34aec686038a87,Denver Nuggets,Dallas Mavericks,-820,570,-14.0,-108,245.5,-110,-110,,,,,,,,,,,,,,,,,,,,,,,,,,,,,,,,,,,,,,,,,,,,,,,,,,,,,,,,,,,,,,,,,,,,,,,,,,,,,,,,,,,,,,,,,,,,-820,570,245.5,1
2026-03-24T22:05:21Z,manual,2026-03-24,2026-03-26T02:40:00Z,24a4d71edcffcb5584a61d2aa89c66d8,Los Angeles Clippers,Toronto Raptors,-156,132,-3.5,-105,224.5,-115,-105,-155,130,-3.5,-105,224.5,-110,-110,,,,,,,,-155,130,-3.5,-105,224.5,-110,-110,,,,,,,,,,,,,,,,,,,,,,,,,,,,,,,,,,,,,,,,,,,,,,,,,,,,,,,,,,,,,,,,,,,,,,,-155,131,224.5,3
2026-03-25T22:59:58Z,manual,2026-03-25,2026-03-25T23:10:00Z,8aaad66627fe854cc273103047d880e6,Detroit Pistons,Atlanta Hawks,-142,120,-2.0,-110,230.5,-106,-114,-148,124,-2.5,-112,229.5,-108,-112,-150,125,-2.5,-110,229.5,-110,-110,-140,118,-2.5,-110,230.0,-110,-110,-132,107,-2.0,-112,229.5,-113,-109,-145,120,-2.5,-110,229.5,-110,-110,-130,108,-2.0,-110,229.5,-113,-108,-145,125,-2.5,-110,230.5,-105,-115,,,,,,,,-135,115,-2.5,-110,229.5,-110,-110,-145,125,-2.5,-115,229.0,-110,-110,-137,112,-2.5,-110,230.0,-110,-110,-144,127,-2.5,-111,229.0,-107,-107,-145,125,-2.5,-110,230.0,-110,-110,-141,119,229.8,13
2026-03-25T22:59:58Z,manual,2026-03-25,2026-03-25T23:10:00Z,eaf07668d23364ac54cbcf69f4808ba9,Philadelphia 76ers,Chicago Bulls,-250,205,-6.5,-110,240.5,-110,-110,-250,205,-6.5,-105,241.5,-112,-108,-275,220,-6.5,-105,241.5,-110,-110,-260,210,-6.5,-105,241.5,-115,-105,-275,215,-6.5,-113,240.5,-113,-110,-250,200,-6.5,-110,241.0,-110,-110,-275,215,-6.5,-112,240.5,-112,-109,-240,200,-6.5,-105,240.5,-110,-110,,,,,,,,-245,205,-6.5,-105,241.0,-110,-110,-240,200,-6.0,-110,241.0,-114,-106,-278,217,-6.5,-110,241.5,-110,-110,-238,202,-6.0,-106,241.0,-112,-103,-255,215,-6.5,-110,241.0,-110,-110,-256,208,241.0,13
2026-03-25T22:59:58Z,manual,2026-03-25,2026-03-25T23:10:00Z,3d71d6b6b1bc85b5ec831ae9dba2c93c,Indiana Pacers,Los Angeles Lakers,350,-450,8.5,-108,241.5,-108,-112,330,-425,8.5,-108,240.5,-115,-105,320,-425,8.5,-110,241.5,-105,-115,335,-440,8.5,-115,241.5,-110,-110,300,-420,9.0,-117,241.5,-110,-113,330,-425,8.5,-110,241.0,-110,-110,310,-400,9.0,-115,241.5,-109,-112,340,-450,8.5,-110,241.5,-110,-110,,,,,,,,325,-435,8.5,-110,241.0,-110,-110,337,-430,8.5,-110,241.0,-110,-110,320,-435,8.5,-110,241.0,-110,-110,343,-425,8.5,-106,241.0,-107,-107,320,-400,8.5,-110,241.0,-110,-110,328,-428,241.0,13
2026-03-25T22:59:58Z,manual,2026-03-25,2026-03-25T23:40:00Z,277fee894c9dc5c623ed6a131bf513c7,Boston Celtics,Oklahoma City Thunder,118,-138,2.0,-108,221.5,-110,-110,114,-135,2.5,-115,222.5,-110,-110,115,-140,2.5,-115,221.5,-110,-110,110,-130,2.0,-110,222.0,-110,-110,106,-130,2.0,-110,222.5,-112,-112,110,-130,2.0,-110,222.0,-110,-110,106,-129,2.0,-110,222.5,-109,-112,115,-135,2.5,-115,222.5,-105,-115,,,,,,,,105,-125,2.0,-110,222.0,-110,-110,115,-135,2.0,-110,222.5,-110,-110,110,-136,2.0,-110,221.5,-110,-110,117,-133,2.0,-106,222.5,-107,-107,115,-135,2.0,-110,222.0,-110,-110,112,-133,222.0,13
2026-03-25T22:59:58Z,manual,2026-03-25,2026-03-25T23:40:00Z,bb33d3e33ac233af2a20161310f567f2,Cleveland Cavaliers,Miami Heat,-142,120,-2.5,-110,242.5,-114,-106,-148,124,-2.5,-115,243.5,-105,-115,-150,125,-2.5,-115,243.5,-105,-115,-145,122,-2.5,-115,243.0,-110,-110,-137,112,-2.5,-113,242.5,-114,-109,-145,120,-3.0,-110,243.0,-110,-110,-136,112,-2.5,-112,243.0,-108,-113,-145,125,-2.5,-110,242.5,-115,-105,,,,,,,,-145,125,-2.5,-115,243.0,-110,-110,-145,125,-2.5,-114,243.0,-110,-110,-152,123,-2.5,-110,243.0,-110,-110,-144,127,-2.5,-110,243.0,-107,-107,-150,129,-2.5,-110,243.0,-110,-110,-145,122,243.0,13
2026-03-25T22:59:58Z,manual,2026-03-25,2026-03-26T00:10:00Z,bcbad64f54906ae96b4be0ef54b453b4,Memphis Grizzlies,San Antonio Spurs,900,-1500,16.5,-106,233.5,-108,-112,950,-1650,16.5,-102,233.5,-105,-115,950,-2000,16.5,-105,232.5,-110,-110,950,-1700,17.0,-105,233.5,-105,-115,850,-1667,17.0,-110,233.0,-113,-110,1000,-1700,17.0,-110,233.5,-110,-110,850,-1667,17.0,-109,233.0,-112,-109,900,-1800,16.5,-105,233.5,-105,-115,,,,,,,,850,-1800,17.0,-110,233.5,-110,-110,995,-1850,17.0,-110,233.5,-110,-110,866,-1667,17.0,-110,233.0,-110,-110,1042,-1804,17.0,-106,233.5,-107,-107,950,-1700,17.0,-110,232.5,-110,-110,927,-1731,233.0,13
2026-03-25T22:59:58Z,manual,2026-03-25,2026-03-26T01:10:00Z,dcd42c163a10db20aa31d9ee311c07bd,Utah Jazz,Washington Wizards,-174,146,-4.0,-112,239.5,-105,-115,-180,150,-3.5,-112,239.5,-110,-110,-180,145,-3.5,-110,239.5,-110,-110,-180,152,-4.0,-105,239.5,-110,-110,-177,140,-4.0,-114,239.5,-113,-110,-175,145,-4.5,-110,239.5,-110,-110,-175,143,-4.0,-113,239.5,-112,-109,-165,140,-3.5,-115,239.5,-105,-115,,,,,,,,-170,145,-4.0,-115,239.0,-110,-110,-170,149,-4.0,-105,239.5,-110,-110,-175,142,-4.0,-110,239.0,-110,-110,-170,150,-4.0,-101,239.5,-107,-107,-170,146,-4.0,-105,239.5,-110,-110,-174,146,239.2,13
2026-03-25T22:59:58Z,manual,2026-03-25,2026-03-26T01:40:00Z,cf2665074fd82e7b5f2b4393f20afd32,Minnesota Timberwolves,Houston Rockets,108,-126,1.5,-105,223.5,-110,-110,114,-135,1.5,-105,222.5,-115,-105,110,-135,1.5,-105,223.5,-110,-110,115,-135,1.5,-105,222.5,-110,-110,106,-132,2.0,-113,223.5,-113,-110,110,-130,2.0,-110,223.0,-110,-110,107,-130,2.0,-112,223.5,-112,-109,110,-130,1.5,-105,223.5,-110,-110,,,,,,,,105,-125,2.0,-110,223.0,-110,-110,110,-130,2.0,-112,223.0,-110,-110,100,-122,1.5,-110,223.5,-110,-110,112,-128,2.0,-108,223.0,-107,-107,105,-125,2.0,-110,223.0,-110,-110,109,-129,223.0,13
2026-03-25T22:59:58Z,manual,2026-03-25,2026-03-26T02:10:00Z,f0853d396988ee8ea615897e136d22cb,Golden State Warriors,Brooklyn Nets,-670,490,-12.5,-106,217.5,-112,-108,-625,455,-12.5,-110,217.5,-110,-110,-625,450,-12.5,-110,216.5,-110,-110,-700,500,-12.5,-110,216.5,-105,-115,-670,450,-12.0,-113,217.0,-112,-112,-630,450,-12.5,-110,217.0,-110,-110,-670,450,-12.0,-113,217.0,-110,-110,-800,500,-12.5,-105,217.5,-110,-110,,,,,,,,-650,450,-12.5,-110,216.5,-110,-110,-650,476,-12.5,-110,217.5,-110,-110,-588,414,-12.5,-110,217.0,-110,-110,-640,487,-12.5,-106,217.5,-107,-107,-650,475,-12.5,-110,217.5,-110,-110,-659,465,217.0,13
2026-03-25T22:59:58Z,manual,2026-03-25,2026-03-26T02:10:00Z,63b3c408cf1e55eb8d34aec686038a87,Denver Nuggets,Dallas Mavericks,-620,460,-11.5,-114,245.5,-108,-112,-650,470,-11.5,-110,244.5,-115,-105,-650,475,-11.5,-110,244.5,-115,-105,-650,460,-11.5,-110,245.0,-115,-105,-670,450,-12.0,-110,245.0,-112,-112,-630,450,-11.5,-110,245.5,-110,-110,-670,460,-12.0,-109,245.0,-110,-110,-750,475,-11.5,-115,245.5,-105,-115,,,,,,,,-650,450,-11.5,-105,245.5,-110,-110,-650,476,-11.5,-107,245.0,-110,-110,-667,451,-11.5,-110,245.0,-110,-110,-640,487,-11.5,-103,245.0,-107,-107,-650,475,-11.5,-110,245.0,-110,-110,-657,465,245.0,13
2026-03-25T22:59:58Z,manual,2026-03-25,2026-03-26T02:10:00Z,d17b632d984be98852b4bc409ae1d056,Portland Trail Blazers,Milwaukee Bucks,-700,500,-13.0,-110,226.5,-108,-112,-750,525,-12.5,-118,226.5,-105,-115,-750,525,-13.5,-105,226.5,-105,-115,-800,550,-13.0,-110,226.5,-115,-105,-715,480,-12.5,-110,226.0,-113,-110,-750,500,-13.0,-110,225.5,-110,-110,-715,480,-12.5,-109,226.0,-112,-109,-800,500,-12.5,-115,226.5,-105,-115,,,,,,,,-800,525,-13.0,-115,225.5,-105,-115,-750,534,-13.0,-110,226.0,-110,-110,-841,542,-13.0,-110,226.0,-110,-110,-737,547,-13.0,-106,226.0,-107,-107,-750,530,-13.0,-110,226.0,-110,-110,-758,518,226.0,13
2026-03-25T22:59:58Z,manual,2026-03-25,2026-03-26T02:40:00Z,24a4d71edcffcb5584a61d2aa89c66d8,Los Angeles Clippers,Toronto Raptors,-158,134,-3.5,-110,226.5,-106,-114,-180,150,-3.5,-115,226.5,-110,-110,-180,145,-3.5,-115,227.5,-105,-115,-180,152,-3.5,-115,226.5,-110,-110,-180,143,-4.0,-114,226.5,-112,-112,-175,145,-4.0,-110,226.5,-110,-110,-177,145,-4.0,-113,226.5,-110,-110,-165,140,-3.5,-110,226.5,-105,-115,,,,,,,,-170,145,-4.0,-110,226.5,-115,-105,-175,153,-4.0,-110,226.5,-113,-107,-169,138,-4.0,-110,226.5,-110,-110,-175,154,-4.0,-106,226.5,-110,-104,-175,150,-4.0,-110,226.5,-110,-110,-174,146,227.0,13
2026-03-26T21:56:29Z,evening,2026-03-26,2026-03-26T23:10:00Z,b5dcac663f902f16c62d91c7552bd07a,Charlotte Hornets,New York Knicks,-134,114,-2.0,-112,224.5,-108,-112,-135,114,-2.5,-105,224.5,-108,-112,-140,115,-2.5,-105,224.5,-110,-110,-140,118,-2.0,-110,223.5,-115,-105,-130,105,-2.0,-110,225.0,-113,-110,-130,110,-2.0,-110,224.5,-110,-110,-129,106,-2.0,-109,225.0,-112,-109,-130,110,-2.5,-105,224.5,-110,-110,,,,,,,,-130,110,-2.0,-115,224.5,-110,-110,-135,115,-2.0,-110,224.5,-110,-110,-130,106,-2.0,-110,224.5,-110,-110,-133,117,-2.0,-106,224.5,-107,-107,-135,115,-2.0,-110,224.5,-110,-110,-133,112,224.3,13
2026-03-26T21:56:29Z,evening,2026-03-26,2026-03-26T23:10:00Z,63f535c5a95e35b7644f7b6655c82b98,Detroit Pistons,New Orleans Pelicans,-180,154,-4.0,-106,226.5,-112,-108,-192,160,-4.5,-108,226.5,-112,-108,-200,165,-4.5,-110,226.5,-110,-110,-190,158,-4.0,-110,227.0,-115,-105,-182,148,-4.5,-110,226.5,-113,-110,-180,150,-4.0,-110,226.5,-110,-110,-182,148,-4.5,-109,226.5,-112,-109,-170,145,-3.5,-115,226.5,-110,-110,,,,,,,,-195,165,-4.5,-105,226.5,-110,-110,-185,161,-4.0,-110,226.5,-110,-110,-190,154,-4.0,-110,226.5,-110,-110,-185,162,-4.0,-111,226.5,-107,-107,-185,159,-4.0,-110,226.5,-110,-110,-186,156,226.8,13
2026-03-26T21:56:29Z,evening,2026-03-26,2026-03-26T23:10:00Z,6c518123941e3d6b5ca85502a16136f5,Orlando Magic,Sacramento Kings,-1200,750,-15.5,-110,230.5,-112,-108,-1200,750,-15.5,-108,230.5,-110,-110,-1200,750,-15.5,-110,230.5,-110,-110,-1600,900,-15.5,-110,230.5,-110,-110,-1250,700,-15.0,-112,230.5,-110,-113,-1300,800,-15.5,-110,231.0,-110,-110,-1250,700,-15.0,-110,230.5,-109,-112,-1600,800,-15.5,-110,230.5,-110,-110,,,,,,,,-1300,725,-15.5,-110,231.0,-110,-110,-1200,754,-15.5,-107,230.5,-110,-110,-1375,734,-15.5,-110,230.5,-110,-110,-1174,781,-15.5,-103,230.5,-107,-107,-1200,750,-15.5,-105,230.5,-110,-110,-1296,761,230.8,13
2026-03-26T21:56:29Z,evening,2026-03-26,2026-03-27T23:30:00Z,5ce07242b2ab7c9c82700854c237a77a,Cleveland Cavaliers,Miami Heat,-220,184,-5.5,-110,241.5,-112,-108,-230,190,-5.5,-110,241.5,-110,-110,-235,190,-5.5,-110,241.5,-110,-110,-220,180,-5.5,-110,241.5,-110,-110,-210,165,-5.5,-110,241.5,-109,-114,,,,,,,,-205,165,-5.5,-109,241.0,-113,-108,-210,175,-4.5,-110,241.5,-110,-110,,,,,,,,-220,180,-5.5,-110,241.5,-110,-110,,,-5.5,-110,241.5,-110,-110,,,,,,,,,,-5.5,-106,241.5,-107,-107,,,,,,,,-219,179,241.2,10
2026-03-26T21:56:29Z,evening,2026-03-26,2026-03-27T23:40:00Z,9443e4a245659d7362366345b5a91b39,Boston Celtics,Atlanta Hawks,-225,188,-5.5,-112,222.5,-108,-112,-230,190,-4.5,-112,223.5,-110,-110,-225,185,-4.5,-115,223.5,-110,-110,-225,185,-4.5,-115,223.5,-110,-110,-235,185,-5.5,-115,224.0,-110,-113,,,,,,,,-235,190,-5.5,-114,224.0,-109,-112,-215,180,-5.5,-105,223.5,-105,-115,,,,,,,,-185,160,-4.5,-110,223.5,-110,-110,,,-4.5,-115,223.5,-110,-110,,,,,,,,,,-4.5,-111,223.5,-107,-107,,,,,,,,-222,183,223.3,10
2026-03-26T21:56:29Z,evening,2026-03-26,2026-03-28T00:10:00Z,e1036e62b7cea2b7bade60f85bc0c1b1,Oklahoma City Thunder,Chicago Bulls,-3500,1400,-20.5,-106,236.5,-108,-112,-2100,1100,-19.5,-110,237.5,-105,-115,-2500,1100,-19.5,-105,236.5,-115,-105,-2400,1150,-19.5,-110,237.0,-110,-110,-2500,1000,-19.5,-113,237.0,-113,-110,,,,,,,,-2500,1050,-19.5,-112,237.0,-112,-109,-6000,1800,-20.5,-105,236.5,-105,-115,,,,,,,,-2500,1050,-19.5,-110,237.0,-110,-110,,,-19.0,-110,237.0,-110,-110,,,,,,,,,,-19.0,-106,237.0,-107,-107,,,,,,,,-3000,1206,237.0,10
2026-03-26T21:56:29Z,evening,2026-03-26,2026-03-28T01:10:00Z,a2b709618069c3dd7c15f6192c11e93c,Denver Nuggets,Utah Jazz,-1800,980,-18.0,-110,248.5,-110,-110,-2400,1200,-18.5,-110,248.5,-110,-110,-3000,1150,-18.5,-105,248.5,-110,-110,-2400,1150,-18.0,-110,248.5,-110,-110,-1667,800,-18.0,-110,248.5,-113,-110,,,,,,,,-1667,800,-18.0,-109,248.5,-112,-109,-3000,1200,-18.5,100,248.5,-110,-110,,,,,,,,-1800,850,-18.0,-110,248.5,-110,-110,,,-18.0,-110,248.5,-110,-110,,,,,,,,,,-18.0,-106,248.5,-107,-107,,,,,,,,-2217,1016,248.5,10
2026-03-26T21:56:29Z,evening,2026-03-26,2026-03-28T02:10:00Z,d4d54362306cefaac74ff35c3b020b78,Portland Trail Blazers,Dallas Mavericks,-405,320,-10.0,-110,235.5,-108,-112,,,,,,,,,,,,,,,,,-10.0,-110,235.5,-115,-105,-480,340,-10.0,-113,235.5,-112,-112,,,,,,,,-480,360,-10.0,-112,235.5,-110,-110,-425,320,-10.5,100,235.5,-105,-115,,,,,,,,-430,320,-10.0,-110,235.5,-110,-110,,,-10.0,-110,235.5,-110,-110,,,,,,,,,,-10.0,-106,235.5,-107,-107,,,,,,,,-444,332,235.5,8
2026-03-27T22:01:07Z,manual,2026-03-27,2026-03-27T23:10:00Z,cfb595cba37696e470059102db23fca9,Indiana Pacers,Los Angeles Clippers,320,-405,9.5,-112,238.5,-110,-110,310,-395,9.5,-112,238.5,-110,-110,310,-400,9.5,-110,238.5,-110,-110,320,-420,9.0,-115,238.0,-110,-110,310,-420,9.5,-113,238.5,-112,-112,310,-400,9.5,-110,238.0,-110,-110,310,-400,9.5,-112,238.5,-110,-110,300,-400,9.5,-110,237.5,-115,-105,,,,,,,,310,-415,9.5,-115,237.5,-110,-110,303,-380,9.0,-104,238.5,-110,-110,309,-417,9.5,-110,238.0,-110,-110,308,-376,9.0,100,238.5,-107,-107,320,-400,9.5,-110,238.0,-110,-110,311,-402,238.0,13
2026-03-27T22:01:07Z,manual,2026-03-27,2026-03-27T23:40:00Z,9443e4a245659d7362366345b5a91b39,Boston Celtics,Atlanta Hawks,-210,176,-5.0,-110,225.5,-105,-115,-218,180,-4.5,-115,224.5,-112,-108,-220,180,-4.5,-115,224.5,-115,-105,-235,192,-5.0,-110,225.0,-110,-110,-215,170,-5.0,-113,225.0,-113,-110,-225,185,-5.0,-110,225.5,-110,-110,-210,170,-5.0,-112,225.0,-112,-109,-210,175,-5.5,-110,225.5,-110,-110,,,,,,,,-225,185,-5.0,-110,225.5,-105,-115,-210,180,-5.0,-108,225.0,-107,-113,-221,178,-5.0,-110,225.0,-110,-110,-209,182,-5.0,-104,225.0,-104,-110,-225,190,-5.0,-110,225.0,-110,-110,-218,180,225.0,13
2026-03-27T22:01:07Z,manual,2026-03-27,2026-03-27T23:40:00Z,5ce07242b2ab7c9c82700854c237a77a,Cleveland Cavaliers,Miami Heat,-215,180,-5.5,-110,242.5,-114,-106,-218,180,-5.5,-115,242.5,-110,-110,-220,180,-5.5,-115,242.5,-110,-110,-240,196,-5.5,-115,242.5,-110,-110,-225,175,-5.5,-110,242.5,-112,-112,-225,185,-5.5,-110,242.0,-110,-110,-220,175,-5.5,-109,242.5,-110,-110,-215,180,-5.5,-110,243.5,-105,-115,,,,,,,,-230,190,-5.5,-115,242.0,-110,-110,-215,183,-5.5,-117,243.0,-110,-110,-217,176,-5.5,-110,243.0,-110,-110,-214,185,-5.5,-113,242.0,-107,-107,-210,180,-5.5,-110,242.0,-110,-110,-220,182,242.8,13
2026-03-27T22:01:07Z,manual,2026-03-27,2026-03-28T00:10:00Z,e1036e62b7cea2b7bade60f85bc0c1b1,Oklahoma City Thunder,Chicago Bulls,-3500,1400,-19.5,-110,239.5,-110,-110,-2100,1100,-19.5,-105,239.5,-110,-110,-2500,1150,-19.5,-105,239.5,-110,-110,-2400,1150,-19.0,-115,239.5,-110,-110,-2500,1000,-19.5,-112,239.0,-112,-112,-2500,1300,-19.5,-110,239.0,-110,-110,-2500,1050,-19.5,-110,239.0,-110,-110,-5000,1500,-19.5,-110,238.5,-115,-105,,,,,,,,-2800,1100,-19.5,-105,239.0,-110,-110,-2200,1096,-19.0,-110,239.0,-113,-107,-2500,1039,-19.0,-110,239.0,-110,-110,-2153,1143,-19.0,-106,239.0,-110,-104,-2200,1100,-19.0,-110,239.0,-110,-110,-2681,1164,239.0,13
2026-03-27T22:01:07Z,manual,2026-03-27,2026-03-28T00:10:00Z,874b67c6be5c213484fdecdf0e37faf6,Memphis Grizzlies,Houston Rockets,700,-1100,13.5,-106,227.5,-110,-110,625,-950,14.5,-118,227.5,-115,-105,650,-1000,13.5,-105,228.5,-105,-115,700,-1100,14.0,-115,228.0,-115,-105,575,-910,13.5,-110,227.5,-112,-112,650,-1000,14.0,-110,228.0,-110,-110,575,-910,13.5,-109,227.5,-110,-110,600,-1200,13.5,-105,227.5,-110,-110,,,,,,,,600,-950,14.0,-105,228.0,-110,-110,613,-900,14.0,-108,228.0,-112,-108,583,-909,14.0,-110,228.0,-110,-110,631,-883,14.0,-104,228.0,-109,-105,600,-900,14.0,-110,227.5,-110,-110,623,-978,228.0,13
2026-03-27T22:01:07Z,manual,2026-03-27,2026-03-28T00:40:00Z,f2ffa80a1e0d1a911096e80676b07a99,Toronto Raptors,New Orleans Pelicans,-355,285,-8.5,-112,227.5,-114,-106,-340,270,-8.5,-105,227.5,-115,-105,-325,260,-8.5,-102,228.5,-110,-110,-345,270,-8.5,-105,227.5,-105,-115,-375,275,-8.5,-114,227.5,-112,-112,-350,280,-8.5,-110,228.5,-110,-110,-360,275,-8.5,-113,227.5,-110,-110,-360,280,-8.5,-110,227.5,-115,-105,,,,,,,,-360,280,-9.0,-105,228.5,-110,-110,-330,267,-8.5,-110,228.0,-110,-110,-345,262,-8.5,-110,228.0,-110,-110,-327,271,-8.5,-106,228.0,-107,-107,-320,260,-8.0,-110,228.0,-110,-110,-346,272,228.0,13
2026-03-27T22:01:07Z,manual,2026-03-27,2026-03-28T01:10:00Z,a2b709618069c3dd7c15f6192c11e93c,Denver Nuggets,Utah Jazz,-2500,1200,-18.5,-114,248.5,-110,-110,-2100,1100,-18.5,-115,249.5,-105,-115,-2500,1050,-18.5,-115,249.5,-105,-115,-2400,1200,-19.0,-115,247.5,-115,-105,-2500,950,-19.0,-112,248.0,-110,-112,-2500,1300,-19.0,-110,249.0,-110,-110,-2000,1000,-19.0,-110,248.0,-110,-110,-5000,1500,-18.5,-115,248.5,-110,-110,,,,,,,,-2500,1000,-19.0,-110,249.0,-110,-110,-2200,1096,-19.0,-110,248.5,-115,-105,-2500,984,-19.0,-110,248.5,-110,-110,-2153,1143,-19.0,-106,248.5,-113,-102,-2200,1100,-19.0,-110,248.5,-110,-110,-2543,1125,248.5,13
2026-03-27T22:01:07Z,manual,2026-03-27,2026-03-28T02:10:00Z,d4d54362306cefaac74ff35c3b020b78,Portland Trail Blazers,Dallas Mavericks,-460,360,-10.5,-110,241.5,-110,-110,-470,360,-10.5,-108,240.5,-115,-105,-475,360,-10.5,-110,241.5,-105,-115,-480,360,-10.5,-110,241.0,-115,-105,-480,350,-10.5,-109,241.5,-112,-112,-500,375,-10.5,-110,241.0,-110,-110,-480,350,-10.5,-108,241.5,-110,-110,-500,360,-10.5,-110,241.5,-110,-110,,,,,,,,-525,375,-10.5,-115,241.5,-110,-110,-455,354,-10.5,-105,241.0,-110,-110,-505,368,-10.5,-110,241.0,-110,-110,-450,360,-10.5,-101,241.0,-107,-107,-455,360,-10.5,-105,240.5,-110,-110,-480,361,241.0,13
2026-03-27T22:01:07Z,manual,2026-03-27,2026-03-28T02:10:00Z,79aaaf1d88e3174addc5d58bd07e024d,Golden State Warriors,Washington Wizards,-900,610,-13.5,-108,230.5,-115,-105,-850,575,-13.5,-105,231.5,-105,-115,-900,600,-13.5,-105,230.5,-115,-105,-900,600,-13.0,-110,231.0,-110,-110,-835,525,-13.5,-110,230.5,-110,-113,-900,600,-13.0,-110,231.0,-110,-110,-835,540,-13.5,-109,230.5,-109,-112,-1000,600,-13.5,-105,230.5,-110,-110,,,,,,,,-900,575,-13.0,-110,230.5,-110,-110,-825,574,-13.0,-114,231.0,-107,-113,-909,573,-13.0,-110,231.0,-110,-110,-810,590,-13.0,-110,231.0,-104,-110,-825,565,-13.0,-110,231.0,-110,-110,-876,579,231.0,13
2026-03-27T22:01:07Z,manual,2026-03-27,2026-03-28T02:40:00Z,b552edb9183af4efd9e7b1b203525ac0,Los Angeles Lakers,Brooklyn Nets,-2200,1100,-17.5,-110,224.5,-110,-110,-1600,900,-17.5,-112,224.5,-105,-115,-2000,950,-17.5,-110,224.5,-110,-110,-1600,900,-18.0,-110,223.5,-115,-105,-2500,950,-17.5,-112,224.5,-110,-113,-2000,1100,-18.0,-110,225.0,-110,-110,-2000,950,-17.5,-110,224.5,-109,-112,-2500,1100,-17.5,-105,224.5,-110,-110,,,,,,,,-2200,1000,-18.0,-105,225.0,-110,-110,-1600,910,-17.5,-110,224.5,-110,-110,-2000,905,-17.5,-110,224.0,-110,-110,-1561,950,-17.5,-106,224.5,-107,-107,-1600,900,-17.5,-110,224.5,-110,-110,-1951,970,224.2,13
2026-03-27T22:01:07Z,manual,2026-03-27,2026-03-28T19:10:00Z,61b1ef0450e08478d708e8ab8a384647,Milwaukee Bucks,San Antonio Spurs,900,-1600,17.5,-110,227.5,-106,-114,,,,,,,,,,,,,,,,,,,,,,,,,,,,,,,,,,,,,,,,,,,,,,,,,,,,,,,,,,,,,,,,,,,,,,,800,-1429,17.5,-110,227.0,-110,-110,,,,,,,,,,,,,,,850,-1514,227.2,2
2026-03-28T21:56:09Z,evening,2026-03-28,2026-03-28T21:40:00Z,2f64bcd6f06f9cb1132a6be530d6848c,Minnesota Timberwolves,Detroit Pistons,152,-196,4.5,-118,223.5,-136,102,135,-175,3.5,-110,222.5,-115,-115,145,-190,4.5,-110,223.5,-115,-115,150,-190,4.5,-115,223.5,-115,-115,145,-195,4.0,-114,223.0,-118,-118,135,-175,3.5,-110,223.5,-130,-115,150,-190,4.0,-113,221.5,-114,-117,135,-170,3.5,-115,224.5,-115,-115,,,,,,,,,,4.0,-120,223.0,-115,-115,114,-134,2.5,-112,222.0,-110,-110,110,-143,2.5,-111,221.5,-105,-118,116,-132,2.5,-108,222.0,-107,-107,,,,,,,,135,-172,222.8,12
2026-03-28T21:56:09Z,evening,2026-03-28,2026-03-28T22:10:00Z,def835f85134dff31d0e29a14591d960,Charlotte Hornets,Philadelphia 76ers,-240,198,-6.0,-112,232.5,-110,-110,-250,205,-6.5,-110,232.5,-110,-110,-250,200,-6.5,-110,232.5,-110,-110,-250,205,-6.0,-110,232.5,-105,-115,-230,180,-6.0,-110,232.5,-109,-114,-240,190,-6.0,-115,232.0,-110,-110,-225,180,-6.0,-109,232.0,-113,-108,-240,200,-6.5,-105,232.5,-110,-110,,,,,,,,-245,205,-6.5,-110,232.0,-110,-110,-255,211,-6.5,-112,232.0,-114,-106,-250,197,-6.0,-110,232.5,-110,-110,-253,214,-6.5,-108,232.0,-112,-103,-255,215,-6.5,-110,232.5,-110,-110,-245,200,232.2,13
2026-03-28T21:56:09Z,evening,2026-03-28,2026-03-28T23:40:00Z,d7a3bd092d17e72cfe007b92fc74dd1f,Atlanta Hawks,Sacramento Kings,-850,590,-14.5,-106,235.5,-112,-108,-1000,650,-14.5,-108,235.5,-110,-110,-1000,650,-14.5,-105,235.5,-110,-110,-1000,650,-13.5,-105,235.5,-105,-115,-910,575,-14.0,-109,235.0,-112,-112,-900,600,-14.5,-110,235.5,-110,-110,-910,575,-14.0,-108,235.0,-110,-110,-1000,600,-14.5,-110,236.5,-105,-115,,,,,,,,-800,525,-13.5,-115,235.5,-110,-110,-1000,661,-14.5,-108,235.5,-108,-112,-1009,618,-14.5,-110,235.5,-110,-110,-979,683,-14.5,-104,235.5,-105,-109,-1000,650,-14.5,-110,235.5,-110,-110,-951,617,235.7,13
2026-03-28T21:56:09Z,evening,2026-03-28,2026-03-29T00:10:00Z,df362c645ce96c954aeec281f1951a22,Memphis Grizzlies,Chicago Bulls,166,-198,4.5,-110,246.5,-108,-112,160,-192,4.5,-110,246.5,-110,-110,154,-190,4.5,-110,246.5,-110,-110,170,-205,4.5,-110,246.0,-110,-110,148,-186,4.5,-113,246.5,-112,-112,160,-190,4.5,-110,246.5,-110,-110,150,-182,4.5,-113,246.5,-110,-110,170,-200,4.5,-105,246.5,-105,-115,,,,,,,,165,-195,4.5,-110,246.5,-110,-110,161,-185,4.5,-110,247.0,-110,-110,156,-194,4.5,-110,246.5,-110,-110,162,-185,4.5,-106,247.0,-107,-107,159,-185,4.5,-110,247.0,-110,-110,160,-191,246.5,13
2026-03-28T21:56:09Z,evening,2026-03-28,2026-03-29T02:10:00Z,6ddf73112fefbe7dcb275c09ebdae6a6,Phoenix Suns,Utah Jazz,-1800,980,-16.5,-115,231.5,-115,-105,-1600,900,-16.5,-112,231.5,-110,-110,-1600,850,-16.5,-110,231.5,-110,-110,-1700,950,-16.5,-115,231.5,-110,-110,-1430,750,-17.5,-109,232.0,-110,-113,-1600,900,-16.5,-110,231.5,-110,-110,-1430,800,-17.0,-113,232.0,-109,-112,-2000,1000,-16.5,-115,232.5,-105,-115,,,,,,,,,,,,231.5,-110,-110,-1500,874,-16.5,-113,231.5,-110,-110,-2019,908,-16.5,-110,231.5,-110,-110,-1464,910,-16.5,-109,231.5,-107,-107,-1500,850,-16.5,-115,231.5,-110,-110,-1637,889,232.0,13
2026-03-28T21:56:09Z,evening,2026-03-28,2026-03-29T19:40:00Z,f31725bf02115b40d00c134f7f730357,Milwaukee Bucks,Los Angeles Clippers,540,-770,13.5,-110,223.5,-110,-110,,,,,,,,,,,,,,,,,,,,,,,,,,,,,500,-750,13.5,-110,223.5,-110,-110,,,,,,,,,,,,,,,,,,,,,,,,,,,,,,,,,,,,,,,,,,,,,,,,,,,,,,,,,520,-760,223.5,2
2026-03-28T21:56:09Z,evening,2026-03-28,2026-03-29T22:10:00Z,8d6b8b25d9790bf08a65761a3d63b611,Charlotte Hornets,Boston Celtics,-136,116,-2.5,-110,215.5,-112,-108,,,,,,,,,,,,,,,,,,,,,,,,,,,,,,,,,,,,,,,,,,,,,,,,,,,,,,,,,,,,,,,,,,,,,,,,,,,,,,,,,,,,,,,,,,,,-136,116,215.5,1
2026-03-28T21:56:09Z,evening,2026-03-28,2026-03-29T22:10:00Z,4d3b276afc5789fb4a6564eee411bfa9,Toronto Raptors,Orlando Magic,-134,114,-2.5,-105,224.5,-110,-110,-135,114,-2.5,-105,225.5,-110,-110,,,,,,,,-135,115,-2.5,-105,225.5,-110,-110,-148,118,-2.5,-115,225.0,-112,-112,-140,115,-2.0,-110,225.5,-110,-110,-143,118,-2.5,-114,225.0,-110,-110,,,,,,,,,,,,,,,,,,,,,,,,,,,,,,,,,,,,,,,,,,,,,,,,,,-139,116,225.0,6
2026-03-28T21:56:09Z,evening,2026-03-28,2026-03-29T23:40:00Z,f1fe04fb5d59dc4d3b310d56b74a9f2a,Oklahoma City Thunder,New York Knicks,-375,300,-8.5,-114,224.5,-106,-114,-340,270,-8.5,-118,223.5,-110,-110,,,,,,,,-350,275,-8.5,-120,223.5,-110,-110,-400,290,-9.0,-112,223.5,-110,-113,-350,260,-9.0,-110,223.5,-110,-110,-385,295,-9.0,-112,223.5,-109,-112,-380,290,-8.5,-115,223.5,-115,-105,,,,,,,,,,,,,,,,,,,,,,,,,,,,,,,,,,,,,,,,,,,-369,283,224.0,7
2026-03-29T22:02:43Z,manual,2026-03-29,2026-03-29T19:41:00Z,f31725bf02115b40d00c134f7f730357,Milwaukee Bucks,Los Angeles Clippers,,,15.5,-118,,,,,,13.5,124,,,,,,14.5,-325,240.5,185,-250,,,14.5,-10000,,,,,,13.5,-122,,,,,,12.5,-130,,,,,,12.5,-125,,,,,,15.5,100,,,,,,,,,,,,,12.0,-110,,,,,,,,,,,,,13.5,-125,237.5,-105,-133,,,,,,,,,,,,,,,,,239.0,10
2026-03-29T22:02:43Z,manual,2026-03-29,2026-03-29T21:11:00Z,4a5c2769cf86051e5ed8bdd8a6633ab4,Indiana Pacers,Miami Heat,132,-170,2.5,-108,263.5,-144,108,124,-160,2.5,-115,263.5,-120,-110,130,-165,3.5,-118,264.5,-115,-110,150,-190,3.5,-125,262.5,-110,-120,140,-186,3.5,-115,263.5,-115,-121,130,-170,2.5,100,263.5,-115,-115,138,-175,3.5,-120,263.5,-113,-118,,,,,256.5,-120,-110,,,,,,,,130,-170,3.0,-110,264.5,-115,-115,,,,,,,,135,-167,3.5,-118,263.5,-111,-118,,,,,,,,,,,,,,,134,-173,261.8,10
2026-03-29T22:02:43Z,manual,2026-03-29,2026-03-29T22:10:00Z,8d6b8b25d9790bf08a65761a3d63b611,Charlotte Hornets,Boston Celtics,-136,116,-2.5,-108,216.5,-114,-106,-135,114,-2.5,-108,216.5,-110,-110,-140,115,-2.5,-105,216.5,-115,-105,-125,105,-2.5,-110,217.0,-110,-110,-139,112,-2.5,-114,217.0,-109,-114,-140,115,-2.0,-110,217.0,-110,-110,-137,112,-2.5,-113,217.0,-108,-113,-130,110,-2.5,-105,216.5,-110,-110,,,,,,,,-135,115,-2.0,-105,217.0,-110,-110,-140,120,-2.5,-110,217.0,-110,-110,-133,109,-2.0,-110,216.5,-110,-110,-138,122,-2.5,-106,217.0,-107,-107,-130,110,-2.0,-110,217.0,-110,-110,-135,113,216.8,13
2026-03-29T22:02:43Z,manual,2026-03-29,2026-03-29T22:10:00Z,ba9f78305e7187a27e22f030883c2c19,Brooklyn Nets,Sacramento Kings,-130,110,-2.0,-106,216.5,-112,-108,-120,100,-1.5,-112,216.5,-112,-108,-125,105,-1.5,-110,217.5,-105,-115,-130,110,-2.0,-115,216.5,-110,-110,-129,104,-1.5,-115,217.5,-110,-113,-125,105,-2.0,-110,217.0,-110,-110,-127,104,-2.0,-107,217.5,-109,-112,-125,105,-1.5,-115,216.5,-115,-105,,,,,,,,-130,110,-2.0,-110,216.5,-110,-110,-120,100,-1.0,-115,216.5,-110,-110,-123,101,-1.5,-110,217.0,-110,-110,-118,102,-1.0,-111,216.5,-107,-107,-120,100,-2.0,-110,217.0,-110,-110,-125,104,217.0,13
2026-03-29T22:02:43Z,manual,2026-03-29,2026-03-29T22:10:00Z,4ec80843b404f3215ab2cad16ced7f41,Portland Trail Blazers,Washington Wizards,-1600,900,-16.5,-110,235.5,-112,-108,-1650,950,-16.5,-112,235.5,-112,-108,-2000,950,-16.5,-110,236.5,-110,-110,-1700,950,-16.5,-110,236.0,-105,-115,-1430,750,-16.5,-110,235.5,-112,-112,-1600,900,-16.5,-110,236.0,-110,-110,-1250,750,-16.5,-109,235.5,-110,-110,-1800,900,-16.5,-110,235.5,-105,-115,,,,,,,,-1800,850,-16.5,-115,235.5,-110,-110,-1800,979,-16.5,-110,236.5,-110,-110,-2019,917,-16.5,-110,236.0,-110,-110,-1755,1025,-16.5,-106,236.5,-107,-107,-1600,900,-16.5,-110,236.0,-110,-110,-1693,902,236.0,13
2026-03-29T22:02:43Z,manual,2026-03-29,2026-03-29T22:11:00Z,4d3b276afc5789fb4a6564eee411bfa9,Toronto Raptors,Orlando Magic,-112,-104,-1.5,-106,225.5,-114,-106,-122,102,-1.5,-110,226.5,-110,-110,-120,100,-1.5,-110,226.5,-110,-110,-115,-105,-1.0,-110,226.0,-110,-110,-124,100,-1.5,-110,225.5,-113,-110,-120,100,-1.5,-110,226.0,-110,-110,-122,100,-1.5,-110,225.5,-112,-109,-115,-105,-1.5,-105,225.5,-110,-110,,,,,,,,-120,100,-1.5,-110,226.0,-110,-110,-125,105,-1.5,-110,226.5,-115,-105,-120,-101,-1.5,-110,226.0,-110,-110,-123,107,-1.5,-106,226.5,-113,-102,-120,100,-1.0,-110,226.0,-110,-110,-120,38,226.0,13
2026-03-29T22:02:43Z,manual,2026-03-29,2026-03-29T23:10:00Z,c05251e56d0bd871f5523e30058c7735,New Orleans Pelicans,Houston Rockets,190,-230,6.0,-114,225.5,-110,-110,195,-238,5.5,-105,225.5,-110,-110,190,-235,5.5,-105,225.5,-110,-110,185,-225,6.0,-110,225.5,-110,-110,188,-240,6.0,-112,225.5,-114,-109,200,-250,6.0,-110,225.5,-110,-110,188,-235,6.0,-110,225.5,-113,-108,195,-230,5.5,-110,225.5,-110,-110,,,,,,,,210,-250,6.0,-110,225.5,-110,-110,189,-225,6.0,-110,225.5,-110,-110,180,-227,6.0,-110,225.5,-110,-110,191,-223,6.0,-106,225.5,-107,-107,190,-225,6.0,-110,225.5,-110,-110,192,-233,225.5,13
2026-03-29T22:02:43Z,manual,2026-03-29,2026-03-29T23:40:00Z,f1fe04fb5d59dc4d3b310d56b74a9f2a,Oklahoma City Thunder,New York Knicks,-355,285,-8.5,-108,223.5,-110,-110,-375,295,-8.5,-108,223.5,-110,-110,-375,300,-8.5,-105,223.5,-110,-110,-365,285,-8.5,-110,223.5,-110,-110,-375,280,-8.5,-113,223.5,-110,-113,-350,280,-8.0,-110,223.0,-110,-110,-375,285,-8.5,-112,223.5,-109,-112,-360,280,-8.5,-105,223.5,-110,-110,,,,,,,,-350,275,-8.0,-110,223.0,-110,-110,-370,296,-8.5,-105,223.5,-110,-110,-370,277,-8.0,-110,223.5,-110,-110,-366,301,-8.5,-101,223.5,-107,-107,-350,280,-8.0,-110,223.5,-110,-110,-364,286,223.2,13
2026-03-29T22:02:43Z,manual,2026-03-29,2026-03-30T02:10:00Z,976eb35602aca3acd738ec2621478695,Denver Nuggets,Golden State Warriors,-670,490,-12.5,-108,237.5,-106,-114,-650,470,-12.5,-108,236.5,-115,-105,-650,475,-12.5,-110,237.5,-105,-115,-700,500,-12.5,-110,237.0,-110,-110,-770,480,-12.5,-109,237.0,-112,-112,-700,475,-12.5,-110,237.0,-110,-110,-715,500,-12.5,-108,237.0,-110,-110,-800,500,-12.5,-110,237.5,-105,-115,,,,,,,,-750,500,-12.5,-110,237.0,-110,-110,-700,505,-12.5,-110,237.0,-110,-110,-714,473,-12.5,-110,237.0,-110,-110,-689,517,-12.5,-106,237.0,-107,-107,-650,475,-12.5,-110,237.0,-110,-110,-704,489,237.0,13
2026-03-30T23:01:50Z,closing,2026-03-30,2026-03-30T23:10:00Z,2ba4ff0cef51aafdf9c5509533b14091,Miami Heat,Philadelphia 76ers,116,-134,2.0,-110,242.5,-115,-105,120,-142,2.5,-110,242.5,-112,-108,118,-145,2.5,-115,243.5,-105,-115,118,-140,2.0,-105,242.5,-110,-110,107,-134,2.0,-109,242.5,-113,-110,115,-140,2.5,-110,243.0,-110,-110,108,-132,2.0,-108,242.5,-112,-109,120,-140,2.5,-115,242.5,-115,-105,,,,,,,,110,-130,2.5,-110,242.5,-110,-110,116,-136,2.0,-105,243.0,-106,-114,110,-134,2.0,-110,243.0,-110,-110,118,-134,2.0,-101,243.0,-103,-112,115,-135,2.0,-105,243.0,-110,-110,115,-137,243.0,13
2026-03-30T23:01:50Z,closing,2026-03-30,2026-03-30T23:40:00Z,6faf1f26b1e369d008c889f78e15732b,Atlanta Hawks,Boston Celtics,-134,114,-2.0,-112,225.5,-114,-106,-142,120,-2.5,-110,224.5,-115,-105,-145,120,-2.5,-105,226.5,-110,-118,-140,118,-2.5,-110,225.5,-115,-105,-143,115,-2.5,-114,225.0,-112,-112,-145,120,-2.5,-110,226.0,-110,-110,-141,116,-2.5,-113,225.0,-110,-110,-135,115,-2.5,-105,225.5,-115,-105,,,,,,,,-140,120,-2.5,-115,225.5,-105,-115,-137,117,-2.5,-112,225.5,-112,-108,-144,118,-2.5,-110,225.5,-110,-110,-135,119,-2.5,-108,225.5,-109,-105,-140,120,-2.5,-110,226.0,-110,-110,-140,118,225.5,13
2026-03-30T23:01:50Z,closing,2026-03-30,2026-03-31T00:10:00Z,99052db19c4b4026e439fcc94cd4f6e8,San Antonio Spurs,Chicago Bulls,-3000,1300,-18.5,-108,245.5,-114,-106,-2100,1100,-18.5,-108,245.5,-110,-110,-2500,1100,-18.5,-110,245.5,-110,-110,-2400,1150,-18.5,-110,246.0,-115,-105,-2000,900,-18.5,-113,245.5,-112,-112,-2200,1200,-18.0,-110,246.0,-110,-110,-1667,850,-18.5,-109,245.5,-112,-109,-4000,1300,-18.5,-105,246.5,-110,-110,,,,,,,,-2200,1000,-18.0,-110,246.0,-110,-110,-2200,1096,-18.5,-106,245.5,-110,-110,-2500,1038,-18.5,-110,245.5,-110,-110,-2153,1143,-18.5,-102,245.5,-107,-107,-2200,1100,-18.5,-110,245.5,-110,-110,-2394,1098,246.0,13
2026-03-30T23:01:50Z,closing,2026-03-30,2026-03-31T00:10:00Z,7d18651bc9124e2b06c6ffbc3af06ee6,Memphis Grizzlies,Phoenix Suns,540,-770,12.5,-106,228.5,-110,-110,525,-750,12.5,-108,228.5,-105,-115,525,-750,12.5,-110,227.5,-115,-105,550,-800,12.5,-110,228.0,-110,-110,500,-770,12.5,-109,228.5,-113,-110,500,-750,12.5,-110,228.0,-110,-110,510,-770,12.5,-108,228.5,-112,-109,500,-800,12.5,-105,228.5,-110,-110,,,,,,,,500,-750,12.5,-110,228.0,-110,-110,505,-700,12.5,-106,228.0,-112,-108,520,-769,12.5,-110,228.0,-110,-110,517,-689,12.5,-102,228.0,-109,-105,500,-700,12.5,-105,228.0,-110,-110,515,-751,228.0,13
2026-03-30T23:01:50Z,closing,2026-03-30,2026-03-31T00:40:00Z,529b588f29593d9353dc633d814bc188,Dallas Mavericks,Minnesota Timberwolves,265,-330,8.5,-112,235.5,-108,-112,280,-355,8.5,-112,235.5,-108,-112,260,-325,8.5,-110,235.5,-110,-110,270,-345,8.0,-110,235.5,-110,-110,280,-375,8.5,-109,236.0,-110,-113,250,-325,8.0,-105,236.0,-110,-110,280,-375,8.5,-108,236.0,-109,-112,270,-340,8.5,-110,235.5,-105,-115,,,,,,,,260,-320,8.0,-110,235.5,-110,-110,267,-330,8.0,-105,235.5,-110,-110,251,-323,8.5,-110,236.0,-110,-110,271,-327,8.0,-101,235.5,-107,-107,255,-310,8.0,-110,235.5,-110,-110,266,-337,235.8,13
2026-03-30T23:01:50Z,closing,2026-03-30,2026-03-31T01:10:00Z,2d048fe85c2360eaad38501d77dd41e4,Utah Jazz,Cleveland Cavaliers,980,-1800,17.5,-114,241.5,-110,-110,900,-1600,16.5,-110,241.5,-108,-112,900,-1600,16.5,-110,241.5,-110,-110,900,-1600,16.5,-110,241.5,-110,-110,750,-1430,17.0,-112,242.0,-110,-113,900,-1600,16.5,-110,241.5,-110,-110,750,-1250,17.0,-110,242.0,-109,-112,1000,-2000,16.5,-110,241.5,-110,-110,,,,,,,,850,-1800,16.5,-105,241.0,-115,-105,910,-1600,16.5,-110,241.5,-110,-110,845,-1667,16.5,-110,241.5,-110,-110,950,-1561,16.5,-106,241.5,-107,-107,900,-1600,16.5,-110,241.5,-110,-110,887,-1624,241.5,13
2026-03-30T23:01:50Z,closing,2026-03-30,2026-03-31T01:40:00Z,e3266348b9f8e04ffa8ca5bbe8e55265,Oklahoma City Thunder,Detroit Pistons,-670,490,-12.0,-110,216.5,-114,-106,-650,470,-12.5,-102,217.5,-110,-110,-650,475,-12.5,-102,216.5,-115,-105,-600,430,-12.0,-110,217.0,-115,-105,-625,420,-11.5,-113,216.5,-112,-110,-630,450,-12.0,-110,217.0,-110,-110,-590,425,-11.5,-112,216.5,-112,-109,-800,500,-12.5,-110,216.5,-115,-105,,,,,,,,-650,450,-12.0,-110,216.5,-115,-105,-630,464,-12.0,-110,217.5,-110,-110,-667,446,-12.0,-110,217.0,-110,-110,-620,475,-12.0,-106,217.5,-107,-107,-600,450,-12.0,-110,217.5,-110,-110,-645,457,217.0,13
2026-03-30T23:01:50Z,closing,2026-03-30,2026-03-31T02:10:00Z,7bab999d0c94806e44c5de1d60333079,Los Angeles Lakers,Washington Wizards,-1500,870,-16.0,-108,235.5,-112,-108,-1600,900,-15.5,-118,236.5,-108,-112,-1600,850,-16.5,100,236.5,-105,-115,-1600,900,-16.0,-110,236.0,-110,-110,-1250,700,-16.0,-112,236.0,-112,-112,-1500,850,-16.0,-110,236.0,-110,-110,-1250,700,-16.0,-110,236.0,-110,-110,-1600,800,-15.5,-110,235.5,-110,-110,,,,,,,,-1500,775,-15.5,-115,235.5,-110,-110,-1500,874,-16.0,-110,236.0,-112,-108,-2549,1023,-16.0,-110,236.0,-110,-110,-1464,910,-16.0,-106,236.0,-109,-105,-1500,850,-16.0,-110,236.0,-110,-110,-1570,846,236.0,13
2026-03-30T23:01:50Z,closing,2026-03-30,2026-03-31T23:10:00Z,8c95b58e16520c12308e0196b0c19198,Orlando Magic,Phoenix Suns,-152,128,-3.0,-108,224.5,-110,-110,-142,120,-2.5,-115,223.5,-110,-110,,,,,,,,,,,,,,,,,,,,,,,,,,,,,,,,,,,,,,,,,,,,,,,,,,,,,,,,,,,,,,,,,,,,,,,,,,,,,,,,,,,,,-147,124,224.0,2
2026-03-30T23:01:50Z,closing,2026-03-30,2026-03-31T23:40:00Z,5821188b8c12a7b49e0f069e3974e502,Brooklyn Nets,Charlotte Hornets,870,-1500,16.5,-112,218.5,-105,-115,800,-1350,15.5,-105,217.5,-110,-110,,,,,,,,,,,,,,,,,,,,,,,,,,,,,,,,,,,,,,,,,,,,,,,,,,,,,,,,,,,,,,,,,,,,,,,,,,,,,,,,,,,,,835,-1425,218.0,2
2026-03-30T23:01:50Z,closing,2026-03-30,2026-04-01T00:10:00Z,0fee871b4f5cc68f4c933d5eb56d25c8,Houston Rockets,New York Knicks,-104,-112,1.0,-112,218.5,-112,-108,-108,-112,1.5,-118,219.5,-110,-110,,,,,,,,,,,,,,,,,,,,,,,,,,,,,,,,,,,,,,,,,,,,,,,,,,,,,,,,,,,,,,,,,,,,,,,,,,,,,,,,,,,,,-106,-112,219.0,2
2026-03-31T22:53:59Z,manual,2026-03-31,2026-03-31T23:10:00Z,8c95b58e16520c12308e0196b0c19198,Orlando Magic,Phoenix Suns,-126,108,-2.0,-108,224.5,-114,-106,-130,110,-2.5,-105,225.5,-110,-110,-130,105,-1.5,-115,224.5,-115,-105,-130,110,-2.0,-110,225.5,-115,-105,-130,106,-2.0,-112,224.5,-113,-110,-130,110,-2.0,-110,225.0,-110,-110,-130,107,-2.0,-110,224.5,-112,-109,-125,105,-2.5,-105,224.5,-115,-105,,,,,,,,-130,110,-2.0,-110,225.0,-110,-110,-130,110,-2.0,-109,225.5,-110,-110,-128,105,-2.0,-110,225.0,-110,-110,-128,112,-2.0,-105,225.5,-107,-107,-125,105,-2.0,-110,225.0,-110,-110,-129,108,225.0,13
2026-03-31T22:53:59Z,manual,2026-03-31,2026-03-31T23:40:00Z,5821188b8c12a7b49e0f069e3974e502,Brooklyn Nets,Charlotte Hornets,1200,-2500,17.5,-106,219.5,-110,-110,1100,-2100,17.5,-108,218.5,-115,-105,1050,-2500,17.5,-105,218.5,-115,-105,1050,-2000,18.0,-110,219.5,-110,-110,850,-2000,17.5,-109,219.5,-113,-110,1100,-2000,18.0,-110,219.0,-110,-110,900,-1667,17.5,-108,219.5,-112,-109,1200,-3000,17.5,-105,219.5,-110,-110,,,,,,,,950,-2000,18.0,-115,219.0,-110,-110,979,-1800,18.0,-113,219.0,-108,-112,961,-2000,18.0,-110,219.5,-110,-110,1025,-1755,18.0,-109,219.0,-105,-109,1025,-1900,18.0,-110,219.0,-110,-110,1030,-2094,219.0,13
2026-03-31T22:53:59Z,manual,2026-03-31,2026-04-01T00:10:00Z,ce4beaf577105bae5d26c3205ccce3b4,Milwaukee Bucks,Dallas Mavericks,112,-132,2.0,-112,229.5,-114,-106,110,-130,1.5,-105,230.5,-108,-112,110,-135,1.5,-105,229.5,-110,-110,105,-125,2.0,-110,230.0,-110,-110,105,-130,2.0,-113,229.5,-110,-112,110,-130,2.0,-110,230.0,-110,-110,106,-129,2.0,-110,229.5,-108,-113,115,-135,1.5,-105,229.5,-115,-105,,,,,,,,110,-130,2.0,-110,230.0,-110,-110,107,-127,2.0,-112,230.0,-113,-107,109,-133,2.0,-110,230.0,-110,-110,109,-125,2.0,-108,230.0,-110,-104,115,-135,2.0,-110,230.0,-115,-105,109,-130,230.0,13
2026-03-31T22:53:59Z,manual,2026-03-31,2026-04-01T00:10:00Z,b6b9e83d82f672bcffebdad2ba67d51d,Detroit Pistons,Toronto Raptors,-164,138,-3.5,-108,220.5,-108,-112,-155,130,-3.5,-110,220.5,-105,-115,-160,135,-3.5,-110,220.5,-105,-115,-165,140,-3.5,-110,220.0,-110,-110,-162,130,-3.5,-108,219.5,-112,-112,-160,130,-3.5,-110,220.5,-110,-110,-159,130,-3.5,-107,219.5,-110,-110,-155,135,-3.5,-110,220.5,-105,-115,,,,,,,,-150,130,-3.5,-105,220.5,-110,-110,-156,136,-3.5,-109,220.0,-110,-110,-156,128,-3.5,-110,220.0,-110,-110,-156,137,-3.5,-105,220.0,-107,-107,-155,134,-3.5,-110,220.0,-110,-110,-158,133,220.0,13
2026-03-31T22:53:59Z,manual,2026-03-31,2026-04-01T00:10:00Z,0fee871b4f5cc68f4c933d5eb56d25c8,Houston Rockets,New York Knicks,-102,-116,1.0,-110,217.5,-110,-110,-105,-115,1.5,-115,217.5,-115,-105,-105,-115,1.5,-115,217.5,-110,-110,-105,-115,1.0,-110,217.0,-105,-115,-106,-118,1.0,-112,217.0,-113,-110,-105,-115,1.0,-110,217.5,-110,-110,-105,-117,1.0,-110,217.0,-112,-109,100,-120,1.5,-120,217.5,-110,-110,,,,,,,,-105,-115,1.0,-110,217.5,-110,-110,-106,-114,1.0,-111,217.5,-113,-107,-106,-115,1.0,-110,217.5,-110,-110,-102,-114,1.0,-103,217.5,-110,-104,-105,-115,1.0,-110,217.0,-110,-110,-89,-116,217.2,13
2026-03-31T22:53:59Z,manual,2026-03-31,2026-04-01T02:40:00Z,87dab37c8c29cf1586f973f3fe0ca38a,Los Angeles Lakers,Cleveland Cavaliers,-120,102,-1.5,-112,234.5,-115,-105,-130,110,-1.5,-115,234.5,-115,-105,-135,110,-1.5,-118,234.5,-115,-105,-135,115,-2.0,-115,234.0,-110,-110,-127,102,-1.5,-114,234.5,-110,-113,-130,110,-2.0,-110,235.0,-110,-110,-125,102,-1.5,-113,234.5,-109,-112,-125,105,-1.5,-115,235.5,-110,-110,,,,,,,,-125,105,-1.5,-110,235.0,-110,-110,-127,107,-2.0,-108,235.0,-112,-108,-130,107,-2.0,-110,234.5,-110,-110,-125,109,-2.0,-104,235.0,-109,-105,-135,115,-2.0,-110,234.5,-110,-110,-128,108,234.8,13
2026-03-31T22:53:59Z,manual,2026-03-31,2026-04-01T03:10:00Z,4ae1016a615b3bc0fcef523ab3c8933b,Los Angeles Clippers,Portland Trail Blazers,-200,168,-4.5,-114,227.5,-110,-110,-205,170,-4.5,-118,227.5,-108,-112,-210,170,-4.5,-115,227.5,-110,-110,-205,170,-4.5,-115,228.0,-110,-110,-200,160,-5.0,-113,227.5,-112,-112,-200,165,-4.5,-110,227.5,-110,-110,-200,165,-5.0,-112,227.5,-110,-110,-195,165,-4.5,-110,227.5,-115,-105,,,,,,,,-200,170,-4.5,-115,228.0,-110,-110,-195,170,-4.5,-115,227.0,-110,-110,-208,167,-5.0,-110,227.0,-110,-110,-195,171,-4.5,-111,227.0,-107,-107,-200,170,-4.5,-115,227.0,-110,-110,-201,168,227.5,13
2026-03-31T22:53:59Z,manual,2026-03-31,2026-04-01T23:40:00Z,5f035331e20684a116344413531bab36,Miami Heat,Boston Celtics,168,-200,5.0,-108,229.5,-105,-115,164,-198,4.5,-105,228.5,-110,-110,,,,,,,,170,-205,4.5,-105,228.5,-110,-110,160,-200,5.0,-112,228.5,-113,-110,165,-200,5.0,-110,228.5,-110,-110,165,-200,5.0,-110,228.5,-112,-109,,,,,,,,,,,,,,,,,,,,,,,,,,,,,,,,,,,,,,,,,,,,,,,,,,165,-200,229.0,6
2026-03-31T22:53:59Z,manual,2026-03-31,2026-04-02T02:10:00Z,54540a1bafcd2e0cff9b5cd8a09e0bfa,Golden State Warriors,San Antonio Spurs,460,-620,11.5,-114,228.5,-105,-115,470,-650,11.5,-105,227.5,-110,-110,,,,,,,,430,-600,11.5,-110,227.5,-110,-110,410,-590,11.5,-115,228.0,-114,-109,475,-700,11.5,-110,227.5,-110,-110,420,-590,11.5,-114,228.0,-113,-108,,,,,,,,,,,,,,,,,,,,,,,,,,,,,,,,,,,,,,,,,,,,,,,,,,444,-625,228.0,6
2026-04-01T23:04:42Z,closing,2026-04-01,2026-04-01T23:11:00Z,4f3f3b8a05f65c9938f8dff1229df5e3,Orlando Magic,Atlanta Hawks,116,-136,2.5,-110,235.5,-110,-110,120,-142,2.5,-110,235.5,-108,-112,118,-145,2.5,-110,235.5,-110,-110,122,-145,2.5,-115,235.5,-110,-110,107,-134,2.0,-110,235.0,-110,-113,120,-145,2.5,-110,235.5,-110,-110,108,-132,2.0,-109,235.0,-109,-112,120,-140,2.5,-110,235.5,-115,-105,,,,,,,,125,-145,2.5,-105,235.5,-110,-110,120,-140,2.5,-110,235.5,-110,-110,113,-139,2.5,-110,235.5,-110,-110,122,-138,2.5,-106,235.5,-107,-107,120,-140,2.5,-105,235.5,-110,-110,118,-140,235.2,13
2026-04-01T23:04:42Z,closing,2026-04-01,2026-04-01T23:12:00Z,ccecac4a3706f43f36fd63ae97cbfc88,Washington Wizards,Philadelphia 76ers,730,-1150,14.5,-114,238.5,-110,-110,750,-1200,14.5,-115,239.5,-105,-115,750,-1200,14.5,-110,238.5,-110,-110,750,-1200,14.5,-105,238.5,-110,-110,600,-1115,14.0,-113,238.5,-113,-110,700,-1100,14.5,-110,238.5,-110,-110,600,-1000,14.0,-112,238.5,-112,-109,750,-1400,14.5,-115,238.5,-110,-110,,,,,,,,650,-1100,14.5,-115,239.0,-110,-110,754,-1200,14.5,-115,239.0,-110,-110,728,-1250,14.5,-110,238.5,-110,-110,781,-1174,14.5,-111,239.0,-107,-107,750,-1200,14.0,-110,239.0,-110,-110,715,-1176,239.0,13
2026-04-01T23:04:42Z,closing,2026-04-01,2026-04-01T23:30:00Z,5f035331e20684a116344413531bab36,Miami Heat,Boston Celtics,162,-194,4.5,-110,229.5,-114,-106,164,-198,4.5,-108,229.5,-110,-110,170,-210,4.5,-105,229.5,-110,-110,178,-215,4.5,-105,230.0,-115,-105,155,-195,4.5,-110,230.5,-110,-113,165,-200,5.0,-110,229.5,-110,-110,155,-190,4.5,-109,230.5,-109,-112,170,-200,4.5,-110,229.5,-105,-115,,,,,,,,165,-195,4.5,-105,229.5,-110,-110,174,-200,4.5,-102,229.5,-110,-110,164,-204,4.5,-110,229.5,-110,-110,175,-200,4.5,102,229.5,-107,-107,167,-195,4.5,-105,229.5,-110,-110,166,-200,230.0,13
2026-04-01T23:04:42Z,closing,2026-04-01,2026-04-02T00:00:00Z,6f4627df908d38c70424ce6896309b37,Houston Rockets,Milwaukee Bucks,-2500,1300,-19.0,-110,215.5,-106,-114,-2400,1200,-18.5,-118,215.5,-112,-108,-3000,1200,-19.5,-105,215.5,-115,-105,-2400,1150,-19.0,-115,215.5,-105,-115,-2500,1000,-19.0,-110,215.5,-113,-110,-2200,1200,-19.0,-110,215.5,-110,-110,-2000,1000,-19.0,-109,215.5,-112,-109,-3000,1200,-18.5,-115,215.5,-105,-115,,,,,,,,-2200,1000,-19.0,-105,215.5,-110,-110,-2400,1136,-19.0,-110,215.5,-110,-110,-2500,1028,-19.0,-110,215.5,-110,-110,-2353,1183,-19.0,-106,215.5,-107,-107,-2250,1150,-19.0,-110,215.5,-110,-110,-2439,1134,215.5,13
2026-04-01T23:04:42Z,closing,2026-04-01,2026-04-02T00:00:00Z,d1686c3ffba608b202d00ecc3756d422,Memphis Grizzlies,New York Knicks,610,-900,13.5,-108,225.5,-106,-114,575,-850,13.5,-108,224.5,-115,-105,575,-900,13.5,-105,224.5,-115,-105,600,-900,13.5,-110,225.0,-110,-110,525,-835,13.5,-112,225.5,-112,-112,600,-900,13.5,-110,225.5,-110,-110,540,-835,13.5,-110,225.5,-110,-110,600,-1000,13.5,-110,225.5,-105,-115,,,,,,,,550,-850,13.5,-105,225.5,-110,-110,561,-800,13.5,-110,225.0,-110,-110,581,-909,14.0,-110,225.0,-110,-110,576,-786,13.5,-106,225.0,-107,-107,600,-900,14.0,-110,225.0,-110,-110,576,-874,225.0,13
2026-04-01T23:04:42Z,closing,2026-04-01,2026-04-02T00:00:00Z,333a6fd05a4f8492b95e9d9426450430,Toronto Raptors,Sacramento Kings,-700,500,-12.5,-112,227.5,-108,-112,-675,490,-12.5,-115,228.5,-110,-110,-700,500,-12.5,-115,228.5,-105,-115,-700,500,-12.5,-115,227.5,-115,-105,-835,540,-13.0,-110,227.5,-110,-113,-700,475,-13.0,-110,228.5,-110,-110,-835,550,-13.0,-109,227.5,-109,-112,-800,500,-12.5,-110,227.5,-110,-110,,,,,,,,-625,430,-12.0,-110,228.0,-110,-110,-700,505,-13.0,-110,228.5,-110,-110,-667,456,-12.0,-110,227.0,-110,-110,-689,517,-13.0,-106,228.5,-107,-107,-640,470,,,,,,-713,495,227.8,13
2026-04-01T23:04:42Z,closing,2026-04-01,2026-04-02T00:10:00Z,1e9f8048801efb165d39e008270e4942,Chicago Bulls,Indiana Pacers,-154,130,-3.0,-110,246.5,-115,-105,-162,136,-3.5,-102,247.5,-105,-115,-150,125,-3.5,-102,246.5,-115,-105,-160,135,-3.0,-110,247.0,-115,-105,-155,123,-3.0,-114,246.5,-112,-112,-160,130,-3.0,-110,247.0,-110,-110,-152,125,-3.0,-113,246.5,-110,-110,-155,135,-3.5,-105,246.5,-115,-105,,,,,,,,-150,130,-3.0,-115,247.0,-110,-110,-150,130,-3.0,-110,247.0,-110,-110,-152,123,-3.0,-110,247.0,-110,-110,-149,132,-3.0,-106,247.0,-107,-107,-150,129,-3.0,-110,247.0,-110,-110,-154,129,247.0,13
2026-04-01T23:04:42Z,closing,2026-04-01,2026-04-02T01:10:00Z,8b86324be55670d1f3c59008ae771dac,Utah Jazz,Denver Nuggets,1040,-2000,17.0,-112,250.5,-108,-112,1000,-1800,16.5,-105,249.5,-110,-110,1000,-2000,16.5,-105,249.5,-110,-110,1150,-2400,16.5,-110,250.0,-110,-110,800,-1667,16.5,-112,249.5,-110,-113,900,-1600,17.0,-110,250.0,-110,-110,800,-1430,16.5,-110,249.5,-109,-112,1100,-2500,16.5,-105,250.5,-105,-115,,,,,,,,800,-1600,16.5,-105,250.0,-110,-110,1000,-2000,17.0,-110,249.5,-110,-110,925,-2000,17.0,-110,249.5,-110,-110,1092,-1950,17.0,-106,249.5,-107,-107,1050,-2000,17.0,-110,249.5,-110,-110,974,-1919,250.0,13
2026-04-01T23:04:42Z,closing,2026-04-01,2026-04-02T02:00:00Z,54540a1bafcd2e0cff9b5cd8a09e0bfa,Golden State Warriors,San Antonio Spurs,640,-950,14.0,-108,227.5,-110,-110,625,-950,14.5,-115,227.5,-108,-112,650,-1000,14.5,-115,227.5,-110,-110,650,-1000,14.0,-105,227.5,-115,-105,575,-910,14.0,-110,228.0,-110,-113,600,-900,14.0,-110,227.5,-110,-110,575,-910,14.0,-109,228.0,-109,-112,700,-1200,14.5,-115,227.5,-110,-110,,,,,,,,575,-900,14.0,-115,227.5,-110,-110,637,-950,14.0,-108,227.5,-110,-110,577,-909,14.0,-110,227.5,-110,-110,657,-931,14.0,-104,227.5,-107,-107,630,-950,14.0,-110,227.5,-110,-110,622,-958,227.8,13
2026-04-01T23:04:42Z,closing,2026-04-01,2026-04-03T01:40:00Z,97f990a7956a23f16f9298270f5b556e,Oklahoma City Thunder,Los Angeles Lakers,-330,265,-8.5,-108,228.5,-112,-108,,,,,,,,,,,,,,,,,,,,,,,,,,,,,,,,,,,,,,,,,,,,,,,,,,,,,,,,,,,,,,,,,,,,,,,,,,,,,,,,,,,,,,,,,,,,-330,265,228.5,1
2026-04-02T22:53:41Z,manual,2026-04-02,2026-04-02T23:10:00Z,289fb44a6171fe5e7365b05dca97889e,Charlotte Hornets,Phoenix Suns,-235,194,-6.0,-110,226.5,-112,-108,-230,190,-6.5,-105,227.5,-110,-110,-220,180,-5.5,-115,227.5,-110,-110,-235,192,-6.0,-115,227.5,-110,-110,-240,188,-6.0,-113,226.5,-113,-110,-225,185,-6.0,-110,227.5,-110,-110,-235,190,-6.0,-112,226.5,-112,-109,-225,190,-6.5,-105,226.5,-115,-105,,,,,,,,-210,175,-6.0,100,227.5,-110,-110,-225,189,-6.0,-105,227.0,-114,-106,-227,183,-6.0,-110,227.0,-110,-110,-223,191,-6.0,-109,227.0,-112,-103,-225,190,-6.0,-110,227.5,-110,-110,-227,187,227.0,13
2026-04-02T22:53:41Z,manual,2026-04-02,2026-04-02T23:10:00Z,b70520c84d1db67fb83d5d3666ef1d46,Detroit Pistons,Minnesota Timberwolves,-205,172,-5.5,-108,221.5,-110,-110,-205,170,-5.5,-110,220.5,-112,-108,-210,170,-5.5,-110,220.5,-110,-110,-210,175,-5.5,-110,220.5,-105,-115,-225,175,-5.5,-109,222.0,-113,-110,-210,175,-5.5,-110,221.0,-110,-110,-220,175,-5.5,-108,222.0,-112,-109,-200,170,-5.5,-105,221.5,-105,-115,,,,,,,,-210,175,-5.5,-110,221.0,-110,-110,-205,177,-5.5,-112,220.5,-110,-110,-217,174,-5.5,-110,222.5,-110,-110,-204,179,-5.5,-108,220.5,-107,-107,-210,180,-5.0,-115,220.5,-110,-110,-210,174,221.5,13
2026-04-02T22:53:41Z,manual,2026-04-02,2026-04-03T01:40:00Z,97f990a7956a23f16f9298270f5b556e,Oklahoma City Thunder,Los Angeles Lakers,-370,295,-9.0,-110,231.5,-114,-106,-360,285,-9.5,-102,232.5,-110,-110,-350,280,-9.5,-105,232.5,-110,-110,-350,275,-9.0,-105,232.5,-110,-110,-360,265,-8.5,-113,232.5,-112,-110,-350,280,-9.0,-110,232.5,-110,-110,-345,270,-8.5,-112,232.5,-110,-110,-400,300,-8.5,-115,231.5,-110,-110,,,,,,,,-360,280,-9.0,-105,232.5,-110,-110,-350,280,-9.0,-113,232.5,-112,-108,-370,277,-9.0,-110,232.5,-110,-110,-345,285,-9.0,-109,232.5,-109,-105,-350,280,-9.0,-105,232.5,-110,-110,-358,281,232.0,13
2026-04-02T22:53:41Z,manual,2026-04-02,2026-04-03T02:10:00Z,67a88265216bd48208f38288dba434ba,Golden State Warriors,Cleveland Cavaliers,350,-450,10.0,-114,229.5,-108,-112,360,-470,9.5,-105,228.5,-110,-110,360,-475,9.5,-102,229.5,-110,-110,345,-455,10.0,-115,229.5,-115,-105,325,-455,10.0,-115,229.0,-112,-110,350,-450,10.0,-110,229.5,-110,-110,330,-435,10.0,-114,229.0,-112,-109,340,-450,9.5,-110,229.5,-110,-110,,,,,,,,345,-470,10.0,-110,229.5,-110,-110,358,-460,10.0,-106,229.5,-110,-110,345,-476,10.0,-110,229.0,-110,-110,364,-455,10.0,-102,229.5,-107,-107,360,-460,10.0,-110,230.0,-110,-110,349,-459,229.2,13
2026-04-02T22:53:41Z,manual,2026-04-02,2026-04-03T02:10:00Z,52a9bdfa0493e80275ae71f49de1146f,Portland Trail Blazers,New Orleans Pelicans,-275,225,-6.5,-112,233.5,-108,-112,-265,215,-6.5,-112,233.5,-112,-108,-275,220,-6.5,-115,233.5,-110,-110,-260,210,-6.5,-105,233.5,-110,-110,-278,215,-7.0,-112,233.0,-112,-112,-260,210,-6.5,-110,233.5,-110,-110,-278,220,-7.0,-110,233.0,-110,-110,-270,220,-6.5,-110,233.5,-110,-110,,,,,,,,-260,215,-6.5,-110,233.5,-110,-110,-255,211,-6.5,-110,234.0,-110,-110,-256,204,-6.5,-110,233.5,-110,-110,-253,214,-6.5,-106,234.0,-107,-107,-250,210,-6.5,-110,234.0,-110,-110,-264,215,233.5,13
2026-04-02T22:53:41Z,manual,2026-04-02,2026-04-03T02:40:00Z,8acdc53c485cd361a907edc8d53091f2,Los Angeles Clippers,San Antonio Spurs,-130,110,-2.5,-105,230.5,-112,-108,-130,110,-2.5,-105,230.5,-112,-108,-135,110,-2.5,-105,230.5,-115,-105,-140,118,-2.0,-115,231.0,-105,-115,-127,102,-2.0,-109,231.0,-112,-112,-130,110,-2.0,-110,231.0,-110,-110,-125,104,-2.0,-108,231.0,-110,-110,-130,110,-2.5,-105,230.5,-110,-110,,,,,,,,-130,110,-2.0,-105,231.0,-110,-110,-130,110,-2.0,-110,231.5,-110,-110,-125,102,-1.5,-110,231.0,-110,-110,-128,112,-2.0,-106,231.5,-107,-107,-130,110,-2.0,-110,231.5,-110,-110,-130,109,231.0,13
2026-04-02T22:53:41Z,manual,2026-04-02,2026-04-03T23:10:00Z,21031d5ee035e890ee79d1afeef2f40c,Philadelphia 76ers,Minnesota Timberwolves,-134,114,-2.0,-110,234.5,-105,-115,,,,,,,,,,,,,,,,,,,,,,,,,,,,,,,,,,,,,,,,,,,,,,,,,,,,,,,,,,,,,,,,,,,,,,,,,,,,,,,,,,,,,,,,,,,,-134,114,234.5,1
2026-04-02T22:53:41Z,manual,2026-04-02,2026-04-03T23:40:00Z,cb55f248d8dbb539ca55edf31d762f6a,Brooklyn Nets,Atlanta Hawks,830,-1400,15.5,-110,225.5,-105,-115,,,,,,,,,,,,,,,,,,,,,,,,,,,,,,,,,,,,,,,,,,,,,,,,,,,,,,,,,,,,,,,,,,,,,,,,,,,,,,,,,,,,,,,,,,,,830,-1400,225.5,1
2026-04-02T22:53:41Z,manual,2026-04-02,2026-04-03T23:40:00Z,d2565f4ec40ef0701e442d56c8d44ff2,New York Knicks,Chicago Bulls,-1500,870,-16.5,-105,238.5,-110,-110,,,,,,,,,,,,,,,,,,,,,,,,,,,,,-1500,850,-16.0,-110,238.0,-110,-110,,,,,,,,,,,,,,,,,,,,,,,,,,,,,,,,,,,,,,,,,,,,,,,,,,,,,,,,,-1500,860,238.2,2
2026-04-03T22:03:02Z,manual,2026-04-03,2026-04-03T23:10:00Z,033717528554996f232e2517ea1ad281,Charlotte Hornets,Indiana Pacers,-1350,810,-15.5,-110,234.5,-110,-110,-1600,900,-15.5,-110,234.5,-110,-110,-1600,850,-15.5,-110,234.5,-110,-110,-1600,900,-15.0,-115,234.5,-105,-115,-1250,700,-16.0,-110,234.5,-112,-110,-1500,850,-16.0,-110,234.5,-110,-110,-1250,700,-16.0,-109,234.5,-112,-109,-1600,800,-15.5,-115,234.5,-110,-110,,,,,,,,-1500,775,-16.0,-110,235.0,-105,-115,-1600,910,-15.5,-112,234.5,-110,-110,-2019,905,-15.5,-110,234.5,-110,-110,-1561,950,-15.5,-108,234.5,-107,-107,-1600,900,-15.5,-110,234.0,-110,-110,-1541,842,234.5,13
2026-04-03T22:03:02Z,manual,2026-04-03,2026-04-03T23:10:00Z,21031d5ee035e890ee79d1afeef2f40c,Philadelphia 76ers,Minnesota Timberwolves,-166,140,-3.5,-114,234.5,-110,-110,-170,142,-3.5,-115,233.5,-115,-105,-170,140,-3.5,-115,233.5,-115,-105,-165,140,-3.5,-105,233.5,-105,-115,-162,130,-3.5,-113,234.0,-113,-110,-170,140,-4.0,-110,234.0,-110,-110,-159,130,-3.5,-112,234.0,-112,-109,-155,135,-3.5,-110,234.5,-105,-115,,,,,,,,-165,140,-4.0,-105,234.0,-110,-110,-160,140,-3.5,-115,234.0,-110,-110,-156,126,-3.5,-110,234.0,-110,-110,-160,141,-3.5,-111,234.0,-107,-107,-165,142,-3.5,-110,234.0,-110,-110,-163,137,234.0,13
2026-04-03T22:03:02Z,manual,2026-04-03,2026-04-03T23:40:00Z,cb55f248d8dbb539ca55edf31d762f6a,Brooklyn Nets,Atlanta Hawks,1040,-2000,17.5,-114,225.5,-106,-114,1000,-1800,16.5,-105,225.5,-105,-115,950,-2000,17.5,-115,224.5,-110,-110,1050,-2000,17.0,-115,225.0,-110,-110,850,-1667,17.0,-110,224.0,-110,-113,1000,-1700,17.0,-110,225.0,-110,-110,850,-1667,17.0,-109,224.0,-109,-112,1100,-2500,17.5,-115,225.5,-105,-115,,,,,,,,775,-1500,17.0,-115,224.5,-110,-110,995,-1850,17.0,-108,225.0,-110,-110,894,-2000,17.0,-110,225.0,-110,-110,1042,-1804,17.0,-104,225.0,-107,-107,1050,-1850,17.0,-110,225.0,-110,-110,969,-1872,224.8,13
2026-04-03T22:03:02Z,manual,2026-04-03,2026-04-03T23:40:00Z,d2565f4ec40ef0701e442d56c8d44ff2,New York Knicks,Chicago Bulls,-1150,730,-14.5,-110,237.5,-108,-112,-1350,800,-14.5,-108,237.5,-110,-110,-1400,775,-14.5,-110,236.5,-115,-105,-1400,800,-14.0,-115,237.0,-115,-105,-1115,650,-14.5,-110,237.5,-110,-113,-1100,700,-14.5,-110,237.0,-110,-110,-1115,650,-14.5,-109,237.5,-109,-112,-1600,800,-14.5,-105,237.5,-105,-115,,,,,,,,-1100,650,-14.5,-105,237.0,-110,-110,-1300,795,-14.0,-115,237.5,-110,-110,-1262,735,-14.0,-110,237.0,-110,-110,-1270,826,-14.0,-111,237.5,-107,-107,-1250,800,-14.0,-110,236.5,-110,-110,-1262,747,237.0,13
2026-04-03T22:03:02Z,manual,2026-04-03,2026-04-04T00:10:00Z,d33be5a00d538b7bd7dee98ed5166593,Milwaukee Bucks,Boston Celtics,1200,-2500,18.5,-112,216.5,-112,-108,1100,-2100,18.5,-108,216.5,-110,-110,1050,-2500,18.5,-115,217.5,-105,-115,1150,-2400,18.5,-110,217.0,-105,-115,950,-2500,18.5,-112,216.5,-113,-110,1050,-1800,18.0,-110,217.0,-110,-110,1000,-2000,18.5,-110,216.5,-112,-109,1200,-3000,18.5,-110,216.5,-110,-110,,,,,,,,950,-2000,18.0,-110,217.0,-115,-105,1041,-2000,18.0,-110,217.0,-110,-110,912,-2000,18.0,-110,217.0,-110,-110,1092,-1950,18.0,-106,217.0,-107,-107,1050,-2000,18.0,-110,217.5,-110,-110,1057,-2212,217.0,13
2026-04-03T22:03:02Z,manual,2026-04-03,2026-04-04T00:10:00Z,e9a2348d7311c62fe296a00ed8c03e29,Houston Rockets,Utah Jazz,-2200,1100,-18.5,-106,233.5,-110,-110,-2100,1100,-18.5,-110,233.5,-110,-110,-2500,1050,-18.5,-110,233.5,-110,-110,-2000,1050,-18.5,-110,234.0,-115,-105,-2000,900,-18.0,-113,234.0,-109,-114,-2000,1100,-18.5,-110,234.0,-110,-110,-2000,900,-18.0,-112,233.5,-113,-108,-2500,1100,-18.5,-110,233.5,-115,-105,,,,,,,,-1900,900,-18.5,-105,234.5,-110,-110,-2300,1116,-18.0,-115,233.5,-110,-110,-2000,937,-18.0,-110,233.5,-110,-110,-2253,1163,-18.0,-111,233.5,-107,-107,-2300,1125,-18.0,-110,233.5,-110,-110,-2158,1042,234.0,13
2026-04-03T22:03:02Z,manual,2026-04-03,2026-04-04T00:10:00Z,3880a34134efe663dcdc776fff7cde38,Memphis Grizzlies,Toronto Raptors,640,-950,14.0,-110,233.5,-112,-108,675,-1050,13.5,-102,232.5,-115,-105,650,-1100,13.5,100,233.5,-110,-110,650,-1000,14.0,-105,233.5,-110,-110,540,-835,13.5,-110,233.5,-112,-112,650,-1000,14.0,-110,233.5,-110,-110,550,-835,13.5,-109,233.5,-110,-110,600,-1000,13.5,-105,234.5,-105,-115,,,,,,,,625,-1000,14.0,-110,233.5,-110,-110,686,-1050,14.0,-110,233.5,-105,-115,611,-1000,14.0,-110,233.5,-110,-110,708,-1028,14.0,-106,233.5,-102,-113,680,-1050,14.0,-110,233.5,-110,-110,636,-992,233.5,13
2026-04-03T22:03:02Z,manual,2026-04-03,2026-04-04T00:40:00Z,905392b9896b3f0d42e43bc4af97d72e,Dallas Mavericks,Orlando Magic,210,-255,6.5,-108,239.5,-105,-115,220,-270,6.5,-108,238.5,-115,-105,220,-275,6.5,-110,239.5,-110,-110,215,-267,6.5,-105,239.0,-110,-110,205,-265,7.0,-114,239.0,-113,-110,210,-260,6.5,-110,239.5,-110,-110,210,-265,7.0,-113,239.0,-112,-109,200,-240,6.5,-115,239.5,-110,-110,,,,,,,,205,-245,6.5,-115,240.0,-110,-110,215,-260,6.5,-104,239.0,-112,-108,207,-263,6.5,-110,239.0,-110,-110,218,-258,6.5,100,239.0,-109,-105,210,-250,6.5,-110,239.5,-110,-110,211,-259,239.2,13
2026-04-03T22:03:02Z,manual,2026-04-03,2026-04-04T02:10:00Z,2c0009c3a722545d107730244928ad22,Sacramento Kings,New Orleans Pelicans,190,-230,5.5,-105,232.5,-110,-110,180,-218,6.5,-118,232.5,-110,-110,180,-220,6.5,-118,232.5,-110,-110,185,-225,6.0,-110,232.5,-105,-115,185,-240,5.5,-108,232.5,-112,-112,185,-225,6.0,-110,232.0,-110,-110,188,-235,5.5,-107,232.5,-110,-110,190,-225,6.5,-120,232.5,-110,-110,,,,,,,,180,-220,6.0,-110,232.0,-110,-110,186,-220,6.0,-110,233.0,-105,-115,178,-222,6.0,-110,232.0,-110,-110,188,-219,6.0,-106,233.0,-102,-113,180,-210,6.0,-110,232.5,-110,-110,184,-224,232.5,13
2026-04-03T22:03:02Z,manual,2026-04-03,2026-04-04T19:10:00Z,53273367f28e360f2e7814dd06e29a24,Denver Nuggets,San Antonio Spurs,114,-134,2.0,-110,242.5,-114,-106,114,-135,2.5,-110,243.5,-110,-110,,,,,,,,115,-135,2.5,-110,243.5,-110,-110,110,-136,2.5,-113,243.0,-110,-113,,,,,,,,110,-134,2.5,-112,243.0,-109,-112,,,,,,,,,,,,,,,,,,,,,,,,1.0,-110,241.5,-110,-110,,,,,,,,,,1.0,-106,241.5,-107,-107,,,,,,,,113,-135,242.6,7
2026-04-03T22:03:02Z,manual,2026-04-03,2026-04-04T19:10:00Z,b146607a8fe26fe467294dfdbaa0ff2b,Miami Heat,Washington Wizards,-2000,1040,-17.5,-108,247.5,-112,-108,,,,,,,,,,,,,,,,,,,,,,,,,,,,,,,,,,,,,,,,,,,,,,,,,,,,,,,,,,,,,,,,,,-16.0,-110,245.5,-110,-110,,,,,,,,,,-16.0,-106,245.5,-107,-107,,,,,,,,-2000,1040,246.5,3
2026-04-04T21:58:00Z,evening,2026-04-04,2026-04-04T19:13:00Z,53273367f28e360f2e7814dd06e29a24,Denver Nuggets,San Antonio Spurs,-265,200,,,,,,-6500,1800,-3.5,-200,,,,-10000,3300,,,,,,-500,350,-2.5,-125,,,,-625,380,,,,,,-9000,2000,,,,,,-1667,700,,,,,,-350,250,,,,,,,,,,,,,280,-410,,,,,,,,,,,,,-400,290,-3.5,-125,269.5,-133,-105,,,,,,,,,,,,,,,-2903,886,269.5,10
2026-04-04T21:58:00Z,evening,2026-04-04,2026-04-04T23:10:00Z,dc7b446ad8c325394b7d604d3e17ad7b,Philadelphia 76ers,Detroit Pistons,142,-168,3.5,-106,225.5,-114,-106,145,-175,3.5,-105,226.5,-108,-112,140,-170,3.5,-105,226.5,-105,-115,140,-165,3.5,-110,226.5,-115,-105,135,-175,4.0,-114,225.0,-114,-109,140,-170,4.0,-110,225.5,-110,-110,138,-167,4.0,-114,225.0,-113,-108,140,-165,3.5,-105,226.5,-110,-110,,,,,,,,140,-165,3.5,-105,226.0,-110,-110,145,-165,3.5,-105,226.0,-110,-110,133,-164,3.5,-110,226.0,-110,-110,146,-165,3.5,-101,226.0,-107,-107,142,-165,3.5,-105,226.0,-110,-110,140,-168,225.8,13
2026-04-04T21:58:00Z,evening,2026-04-04,2026-04-05T19:40:00Z,6f1339b3519de542ab74c59857bfeff1,Boston Celtics,Toronto Raptors,-460,360,-10.5,-110,220.5,-112,-108,-440,340,-9.5,-112,221.5,-108,-112,-450,340,,,221.5,-110,-110,-455,345,-9.5,-110,221.0,-110,-110,-480,340,-10.5,-109,220.5,-113,-110,,,,,,,,-480,360,-10.5,-108,220.5,-112,-109,-500,360,-10.5,-110,221.5,-110,-110,,,,,,,,,,,,,,,,,-9.5,-110,221.5,-110,-110,,,,,,,,,,-9.5,-106,221.5,-107,-107,,,,,,,,-466,349,221.0,9
2026-04-04T21:58:00Z,evening,2026-04-04,2026-04-05T19:40:00Z,c1b3d187f022b0870bfa7128e1d02ae5,Brooklyn Nets,Washington Wizards,-186,156,-4.5,-110,230.5,-110,-110,,,,,,,,,,,,,,,,,,,,,,,,,,,,,,,,,,,,,,,,,,,,,,,,,,,,,,,,,,,,,,,,,,,,,,,,,,,,,,,,,,,,,,,,,,,,-186,156,230.5,1
2026-04-04T21:58:00Z,evening,2026-04-04,2026-04-05T19:40:00Z,8071f80d106d512c88016b240e766d84,Chicago Bulls,Phoenix Suns,400,-520,10.5,-110,236.5,-108,-112,360,-470,9.5,-112,236.5,-115,-105,375,-500,9.5,-105,236.5,-110,-110,360,-480,10.5,-110,237.0,-110,-110,360,-500,10.5,-115,236.0,-109,-114,,,,,,,,375,-500,10.5,-114,235.5,-113,-108,380,-550,10.5,-115,236.5,-105,-115,,,,,,,,,,,,,,,,,9.5,-115,237.0,-110,-110,,,,,,,,,,9.5,-111,237.0,-107,-107,,,,,,,,373,-503,236.2,9
2026-04-04T21:58:00Z,evening,2026-04-04,2026-04-05T22:10:00Z,4f3d29a0317850ac56b0c6db31223705,Cleveland Cavaliers,Indiana Pacers,-2500,1200,-17.5,-114,237.5,-114,-106,-2100,1100,-17.5,-110,237.5,-110,-110,,,,,,,,,,,,,,,,,,,,,,,,,,,,,,,,,,,,,,,,,,,,,,,,,,,,,,,,,,,,,,,,,,,,,,,,,,,,,,,,,,,,,-2300,1150,237.5,2
2026-04-04T21:58:00Z,evening,2026-04-04,2026-04-05T23:10:00Z,8bce3373da945128589ce3cabae25443,Minnesota Timberwolves,Charlotte Hornets,-116,-102,-1.0,-110,227.5,-112,-108,-115,-105,-1.5,-105,226.5,-112,-108,-120,100,-1.5,-110,226.5,-110,-110,-115,-105,-1.5,-110,226.0,-110,-110,-124,100,-1.5,-112,228.0,-110,-113,,,,,,,,-122,102,-1.5,-110,228.0,-109,-112,-120,100,-1.5,100,227.5,-110,-110,,,,,,,,,,,,,,,,,-1.5,-110,226.0,-110,-110,,,,,,,,,,-1.5,-106,226.0,-107,-107,,,,,,,,-119,13,227.0,9
2026-04-04T21:58:00Z,evening,2026-04-04,2026-04-05T23:10:00Z,9f54cd277a7d7a9fe0de35d568dfa4af,New Orleans Pelicans,Orlando Magic,154,-184,4.5,-112,234.5,-110,-110,140,-166,4.5,-112,235.5,-108,-112,140,-170,4.5,-110,235.5,-110,-110,143,-170,4.5,-110,236.0,-110,-110,132,-165,3.5,-110,235.5,-110,-113,,,,,,,,133,-165,3.5,-109,235.5,-109,-112,155,-185,4.5,-105,234.5,-110,-110,,,,,,,,,,,,,,,,,4.0,-105,236.0,-110,-110,,,,,,,,,,4.0,-101,236.0,-107,-107,,,,,,,,142,-172,235.3,9
2026-04-04T21:58:00Z,evening,2026-04-04,2026-04-05T23:10:00Z,5441d9423f924c9a489ca00a7e321466,Oklahoma City Thunder,Utah Jazz,-3000,1300,-21.5,-110,238.5,-112,-108,-4000,1600,-21.5,-110,239.5,-110,-110,-5000,1450,-20.5,-115,239.5,-105,-115,-4500,1550,-21.5,-110,239.5,-110,-110,-3335,1150,-21.5,-110,238.5,-110,-113,,,,,,,,-3335,1150,-21.5,-109,238.5,-109,-112,-6000,1800,-21.5,-110,238.5,-110,-110,,,,,,,,,,,,,,,,,-20.5,-105,239.0,-110,-110,,,,,,,,,,-20.5,-101,239.0,-107,-107,,,,,,,,-4167,1429,239.0,9
2026-04-04T21:58:00Z,evening,2026-04-04,2026-04-05T23:40:00Z,c6dfafffbada89cc908addd3a1f7748b,Dallas Mavericks,Los Angeles Lakers,146,-174,3.5,-110,232.5,-110,-110,145,-175,3.5,-108,233.5,-108,-112,145,-175,,,233.5,-110,-110,,,,,,,,143,-180,4.0,-112,232.5,-110,-113,,,,,,,,145,-180,4.0,-110,232.5,-109,-112,150,-175,3.5,-110,232.5,-110,-110,,,,,,,,,,,,,,,,,,,,,,,,,,,,,,,,,,,,,,,,,,,146,-176,233.0,6
2026-04-04T21:58:00Z,evening,2026-04-04,2026-04-06T01:10:00Z,f01f7ab4597dc0c1a08e837d9b9beae9,Sacramento Kings,Los Angeles Clippers,480,-650,11.5,-108,229.5,-110,-110,440,-600,11.5,-105,229.5,-110,-110,450,-625,11.5,-105,229.5,-110,-110,430,-600,11.5,-105,229.5,-110,-110,440,-670,11.5,-110,230.5,-112,-112,,,,,,,,450,-625,11.5,-109,230.5,-110,-110,475,-750,11.5,-110,228.5,-110,-110,,,,,,,,,,,,,,,,,11.5,-105,229.0,-110,-110,,,,,,,,,,11.5,-101,229.0,-107,-107,,,,,,,,452,-646,229.4,9
2026-04-04T21:58:00Z,evening,2026-04-04,2026-04-06T02:10:00Z,8516988340b00d09278e04abd65885ad,Golden State Warriors,Houston Rockets,132,-156,3.5,-110,224.5,-112,-108,140,-166,4.5,-115,224.5,-112,-108,140,-170,3.5,-102,224.5,-115,-105,140,-165,4.0,-110,224.5,-110,-110,140,-177,4.0,-112,223.5,-112,-112,,,,,,,,143,-175,4.0,-110,223.5,-110,-110,135,-155,3.5,-110,224.5,-110,-110,,,,,,,,,,,,,,,,,4.0,-110,225.0,-110,-110,,,,,,,,,,4.0,-106,225.0,-107,-107,,,,,,,,139,-166,224.3,9
