snapshot_time,snapshot_label,game_date,commence_time,event_id,home_team,away_team,FanDuel_home_ml,FanDuel_away_ml,FanDuel_home_spread,FanDuel_home_spread_odds,FanDuel_total,FanDuel_over_odds,FanDuel_under_odds,DraftKings_home_ml,DraftKings_away_ml,DraftKings_home_spread,DraftKings_home_spread_odds,DraftKings_total,DraftKings_over_odds,DraftKings_under_odds,BetMGM_home_ml,BetMGM_away_ml,BetMGM_home_spread,BetMGM_home_spread_odds,BetMGM_total,BetMGM_over_odds,BetMGM_under_odds,Caesars_home_ml,Caesars_away_ml,Caesars_home_spread,Caesars_home_spread_odds,Caesars_total,Caesars_over_odds,Caesars_under_odds,BetRivers_home_ml,BetRivers_away_ml,BetRivers_home_spread,BetRivers_home_spread_odds,BetRivers_total,BetRivers_over_odds,BetRivers_under_odds,Fanatics_home_ml,Fanatics_away_ml,Fanatics_home_spread,Fanatics_home_spread_odds,Fanatics_total,Fanatics_over_odds,Fanatics_under_odds,betPARX_home_ml,betPARX_away_ml,betPARX_home_spread,betPARX_home_spread_odds,betPARX_total,betPARX_over_odds,betPARX_under_odds,theScore_home_ml,theScore_away_ml,theScore_home_spread,theScore_home_spread_odds,theScore_total,theScore_over_odds,theScore_under_odds,PointsBet_home_ml,PointsBet_away_ml,PointsBet_home_spread,PointsBet_home_spread_odds,PointsBet_total,PointsBet_over_odds,PointsBet_under_odds,Bovada_home_ml,Bovada_away_ml,Bovada_home_spread,Bovada_home_spread_odds,Bovada_total,Bovada_over_odds,Bovada_under_odds,BetOnline_home_ml,BetOnline_away_ml,BetOnline_home_spread,BetOnline_home_spread_odds,BetOnline_total,BetOnline_over_odds,BetOnline_under_odds,MyBookie_home_ml,MyBookie_away_ml,MyBookie_home_spread,MyBookie_home_spread_odds,MyBookie_total,MyBookie_over_odds,MyBookie_under_odds,LowVig_home_ml,LowVig_away_ml,LowVig_home_spread,LowVig_home_spread_odds,LowVig_total,LowVig_over_odds,LowVig_under_odds,BetUS_home_ml,BetUS_away_ml,BetUS_home_spread,BetUS_home_spread_odds,BetUS_total,BetUS_over_odds,BetUS_under_odds,consensus_home_ml,consensus_away_ml,consensus_total,book_count
2026-03-08T23:57:31Z,closing,2026-03-08,2026-03-08T22:08:40Z,59b851ed95389c719d12b7ff5e0a25d8,Dallas Stars,Chicago Blackhawks,-310,230,-1.5,178,6.5,100,-130,-260,195,-1.5,185,6.5,-120,-110,-275,210,-1.5,200,6.5,-102,-130,-260,200,-1.5,230,6.5,115,-145,,,,,,,,-240,175,-1.5,220,6.5,100,-130,-230,185,-1.5,230,6.5,102,-136,-220,170,-1.5,230,6.5,105,-135,,,,,,,,-210,160,-1.5,200,6.5,-115,-115,,,,,,,,-250,180,-1.5,205,6.5,-118,-118,,,,,,,,,,,,,,,-251,189,6.5,9
2026-03-08T23:57:31Z,closing,2026-03-08,2026-03-08T22:08:46Z,5d28a66fa3c65c31a06893d2beca2819,Buffalo Sabres,Tampa Bay Lightning,-295,220,-1.5,108,10.5,102,-132,-270,200,-1.5,130,10.5,110,-140,-225,175,-1.5,145,10.5,105,-140,-300,230,-1.5,100,9.5,-150,120,,,,,,,,-285,210,-1.5,105,10.5,110,-145,-278,220,-1.5,125,10.0,-114,-110,-260,200,-1.5,125,10.5,110,-140,,,,,,,,-700,425,-2.5,-105,9.0,-125,-105,,,,,,,,-714,475,-2.5,-111,9.5,115,-167,,,,,,,,,,,,,,,-370,262,9.8,9
2026-03-08T23:57:31Z,closing,2026-03-08,2026-03-08T23:09:15Z,a76475f4f0361a7b171974069c026e66,New Jersey Devils,Detroit Red Wings,176,-230,1.5,-160,5.5,138,-182,185,-245,1.5,-154,5.5,140,-180,185,-235,1.5,-155,5.5,135,-185,185,-240,1.5,-145,5.5,135,-170,,,,,,,,175,-240,1.5,-170,5.5,140,-180,200,-245,1.5,-148,5.0,-124,-103,190,-250,1.5,-175,5.5,145,-190,,,,,,,,220,-300,1.5,-135,5.0,-135,105,,,,,,,,190,-250,1.5,-167,5.0,-133,-105,,,,,,,,,,,,,,,190,-248,5.2,9
2026-03-08T23:57:31Z,closing,2026-03-08,2026-03-09T01:10:00Z,df9f198484ecb37a60dc5cb18e5a434d,Anaheim Ducks,St Louis Blues,-178,146,-1.5,138,6.5,-106,-114,-175,145,-1.5,140,6.5,-105,-115,-175,145,-1.5,135,6.5,-102,-118,-180,152,-1.5,130,6.5,-105,-115,-186,150,-1.5,135,6.5,-107,-120,-175,145,-1.5,140,6.5,-105,-115,-182,150,-1.5,138,6.5,-106,-118,-175,150,-1.5,140,6.5,-105,-115,,,,,,,,-175,150,-1.5,140,6.5,-105,-115,-169,148,-1.5,145,6.5,-102,-114,-178,144,-1.5,140,6.5,-107,-114,-169,148,-1.5,145,6.5,-102,-114,-170,146,-1.5,148,6.5,-105,-115,-176,148,6.5,13
2026-03-08T23:57:31Z,closing,2026-03-08,2026-03-09T01:40:00Z,a396d2bcc52b4ef3ccba5c801939533f,Vegas Golden Knights,Edmonton Oilers,-110,-110,-1.5,205,6.5,-148,120,-110,-110,-1.5,205,6.5,-148,124,-110,-110,-1.5,190,7.0,100,-120,-115,-105,-1.5,196,6.5,-155,130,-110,-110,1.5,-286,7.0,-105,-122,-110,-110,-1.5,210,6.5,-145,120,-109,-109,1.5,-278,7.0,-104,-121,-110,-110,-1.5,200,6.5,-155,125,,,,,,,,-110,-110,-1.5,215,7.0,107,-128,-106,-108,-1.5,215,7.0,104,-120,-113,-109,-1.5,206,7.0,106,-129,-106,-108,-1.5,215,7.0,104,-120,-110,-110,-1.5,220,7.0,110,-130,-110,-109,6.8,13
2026-03-08T23:57:31Z,closing,2026-03-08,2026-03-09T20:00:00Z,20c64d50a3991fcb83f976f0df24baac,Columbus Blue Jackets,Los Angeles Kings,-134,112,-1.5,176,6.5,110,-134,-130,110,-1.5,205,5.5,-135,114,-135,110,-1.5,170,6.0,-110,-110,-130,110,-1.5,205,6.0,-110,-110,-143,118,-1.5,170,6.0,-120,-107,-130,110,-1.5,185,6.5,110,-130,-141,120,-1.5,175,6.0,-118,-106,-130,110,-1.5,180,5.5,-135,115,,,,,,,,-135,115,-1.5,190,6.0,-112,-108,-132,116,,,6.0,-112,-104,,,,,,,,-132,116,,,6.0,-112,-104,-130,110,,,6.0,-110,-110,-134,113,6.0,12
2026-03-08T23:57:31Z,closing,2026-03-08,2026-03-09T23:00:00Z,d5625652eded2c51bb59d94f334a4440,Washington Capitals,Calgary Flames,-192,158,-1.5,136,5.5,-130,106,-192,160,-1.5,124,5.5,-135,114,-190,155,-1.5,125,6.0,-110,-110,-190,158,-1.5,122,6.0,-110,-110,-205,165,-1.5,123,6.0,100,-125,-190,160,-1.5,115,5.5,-130,110,-200,165,-1.5,125,6.0,100,-124,-195,165,-1.5,130,5.5,-130,110,,,,,,,,-190,163,-1.5,137,6.0,100,-120,-185,162,,,6.0,104,-120,,,,,,,,-185,162,,,6.0,104,-120,-185,159,,,6.0,100,-120,-192,161,5.8,12
2026-03-08T23:57:31Z,closing,2026-03-08,2026-03-09T23:00:00Z,bb64f1f944e476042cdca1472c77481d,Philadelphia Flyers,New York Rangers,-152,126,-1.5,164,5.5,-115,-105,-155,130,-1.5,160,5.5,-120,100,-155,125,-1.5,155,5.5,-115,-105,-155,130,-1.5,158,5.5,-120,100,-162,132,-1.5,155,6.0,100,-127,-150,125,-1.5,165,5.5,-110,-110,-159,133,-1.5,155,6.0,102,-125,-150,130,-1.5,165,5.5,-120,100,,,,,,,,-150,130,-1.5,170,5.5,-117,-103,-148,130,,,5.5,-110,-106,,,,,,,,-148,130,,,5.5,-110,-106,-150,129,,,5.5,-110,-110,-153,129,5.8,12
2026-03-08T23:57:31Z,closing,2026-03-08,2026-03-10T00:30:00Z,24455f75252079e79c055b9546618d6a,Chicago Blackhawks,Utah Mammoth,146,-178,1.5,-176,6.5,104,-128,160,-192,1.5,-148,5.5,-142,120,165,-200,1.5,-145,6.0,-125,105,162,-195,1.5,-145,6.0,-115,-105,143,-177,1.5,-177,6.0,-124,-103,150,-180,1.5,-150,6.5,110,-130,145,-175,1.5,-177,6.0,-122,100,,,,,,,,,,,,,,,163,-190,1.5,-142,5.5,-142,122,171,-195,,,6.0,-108,-108,,,,,,,,171,-195,,,6.0,-108,-108,167,-195,,,6.0,-110,-110,158,-188,6.0,11
2026-03-08T23:57:31Z,closing,2026-03-08,2026-03-10T01:00:00Z,9cbc20fdca591d161155996e06eb991a,Vancouver Canucks,Ottawa Senators,176,-215,1.5,-144,6.5,100,-122,180,-218,1.5,-130,6.5,102,-122,185,-225,1.5,-125,6.0,-125,105,180,-220,1.5,-130,6.5,100,-120,170,-215,1.5,-143,6.5,-107,-118,185,-225,1.5,-140,6.5,100,-120,170,-210,1.5,-143,6.5,-106,-117,180,-215,1.5,-130,6.5,105,-125,,,,,,,,185,-225,1.5,-135,6.0,-122,102,195,-225,,,6.5,104,-120,,,,,,,,195,-225,,,6.5,104,-120,190,-225,,,6.5,100,-120,183,-220,6.2,12
2026-03-09T23:57:59Z,closing,2026-03-09,2026-03-09T23:08:29Z,d5625652eded2c51bb59d94f334a4440,Washington Capitals,Calgary Flames,-5000,1300,-3.5,-114,6.5,-164,125,-3200,1300,-3.5,-120,6.5,-154,120,-3000,1150,-3.5,-120,6.5,-160,120,-4000,1200,-3.5,-115,6.5,-160,125,,,,,,,,-3500,1300,-3.5,-115,6.5,-160,120,-5000,1200,-1.5,-835,7.0,-107,-118,-4000,1300,-3.5,-115,6.5,-170,130,,,,,,,,-2800,1100,-3.5,-125,7.0,100,-130,,,,,,,,-3333,1075,-3.5,-118,7.0,-105,-133,,,,,,,,,,,,,,,-3759,1214,6.8,9
2026-03-09T23:57:59Z,closing,2026-03-09,2026-03-09T23:08:47Z,bb64f1f944e476042cdca1472c77481d,Philadelphia Flyers,New York Rangers,830,-2000,3.5,-188,6.5,-148,114,700,-1300,3.5,-180,6.5,-135,105,650,-1200,2.5,145,6.5,-150,110,640,-1100,2.5,160,6.5,-140,110,,,,,,,,750,-1400,3.5,-175,6.5,-145,110,800,-1667,3.0,-110,7.0,110,-139,800,-1800,2.5,145,6.5,-150,115,,,,,,,,700,-1400,3.0,-105,7.0,115,-150,,,,,,,,750,-1667,2.5,140,6.5,-154,110,,,,,,,,,,,,,,,736,-1504,6.8,9
2026-03-09T23:57:59Z,closing,2026-03-09,2026-03-10T00:40:00Z,24455f75252079e79c055b9546618d6a,Chicago Blackhawks,Utah Mammoth,184,-225,1.5,-140,6.5,104,-128,180,-218,1.5,-130,6.5,110,-130,180,-220,1.5,-135,6.0,-115,-105,192,-235,1.5,-130,6.0,-125,105,190,-240,1.5,-139,6.0,-114,-112,185,-225,1.5,-130,6.5,110,-130,190,-235,1.5,-137,6.0,-113,-110,190,-225,1.5,-130,6.5,110,-130,,,,,,,,195,-235,1.5,-130,6.0,-117,-103,192,-221,1.5,-137,6.0,-115,-101,183,-230,1.5,-130,6.0,-117,-105,192,-221,1.5,-137,6.0,-115,-101,183,-215,1.5,-135,6.0,-115,-105,187,-227,6.2,13
2026-03-09T23:57:59Z,closing,2026-03-09,2026-03-10T01:10:00Z,9cbc20fdca591d161155996e06eb991a,Vancouver Canucks,Ottawa Senators,188,-230,1.5,-132,6.5,-104,-118,190,-230,1.5,-125,6.5,-102,-118,190,-235,1.5,-125,6.5,-102,-118,196,-240,1.5,-115,6.5,-110,-110,188,-235,1.5,-132,6.5,-114,-110,185,-225,1.5,-130,6.5,100,-120,190,-230,1.5,-130,6.5,-113,-109,190,-225,1.5,-125,6.5,-105,-115,,,,,,,,200,-240,1.5,-117,6.5,-110,-110,191,-220,1.5,-125,6.5,100,-116,187,-234,1.5,-125,6.5,-105,-116,191,-220,1.5,-125,6.5,100,-116,185,-220,1.5,-125,6.5,-105,-115,190,-230,6.5,13
2026-03-09T23:57:59Z,closing,2026-03-09,2026-03-10T23:00:00Z,344ea3d659f8a570d2f7a539970633d6,Boston Bruins,Los Angeles Kings,-150,125,-1.5,164,5.5,-138,112,-155,130,-1.5,160,5.5,-135,114,-150,125,-1.5,155,6.0,-110,-110,-155,130,-1.5,158,6.0,-110,-110,-155,128,-1.5,163,6.0,-117,-108,-150,125,-1.5,160,6.5,115,-140,-152,128,-1.5,163,6.0,-115,-107,,,,,,,,,,,,,,,-155,133,-1.5,163,5.5,-135,115,,,,,,,,,,,,,,,,,,,,,,,,,,,,,-153,128,6.0,8
2026-03-09T23:57:59Z,closing,2026-03-09,2026-03-10T23:00:00Z,e2c20ea45a96375034eca6e40b20c50d,Buffalo Sabres,San Jose Sharks,-205,168,-1.5,118,6.5,-124,102,-205,170,-1.5,114,6.5,-120,100,-210,170,-1.5,110,6.5,-120,100,-205,170,-1.5,115,6.5,-120,100,-205,165,-1.5,123,6.5,-122,-105,-210,175,-1.5,110,6.5,-120,100,-200,165,-1.5,125,6.5,-121,-104,-210,175,-1.5,115,6.5,-120,100,,,,,,,,-210,175,-1.5,120,6.5,-120,100,-202,176,,,6.5,-120,104,,,,,,,,-202,176,,,6.5,-120,104,-205,175,-1.5,115,6.5,-120,100,-206,172,6.5,12
2026-03-09T23:57:59Z,closing,2026-03-09,2026-03-10T23:00:00Z,9fd0a6a9a633bce8cfdde33f0492caa6,Carolina Hurricanes,Pittsburgh Penguins,-220,180,-1.5,120,6.5,106,-130,-230,190,-1.5,110,6.5,105,-125,-225,185,-1.5,105,6.0,-120,100,-235,192,-1.5,110,6.5,105,-125,-240,190,-1.5,110,6.5,-103,-124,-225,185,-1.5,110,6.5,105,-125,-235,195,-1.5,112,6.5,100,-122,-225,190,-1.5,110,6.5,105,-125,,,,,,,,-225,185,-1.5,115,6.5,105,-125,-218,190,,,6.5,105,-121,,,,,,,,-218,190,,,6.5,105,-121,-230,195,-1.5,110,6.5,105,-125,-227,189,6.2,12
2026-03-09T23:57:59Z,closing,2026-03-09,2026-03-10T23:00:00Z,1e044bca539b0ab4da0ce5f1fd9665c3,Tampa Bay Lightning,Columbus Blue Jackets,-255,205,-1.5,104,6.5,-110,-110,-250,205,-1.5,-105,6.5,-112,-108,-250,200,-1.5,-102,6.5,-110,-110,-250,205,-1.5,-105,6.5,-110,-110,-250,205,-1.5,106,6.5,-109,-115,-240,190,-1.5,-110,6.5,-110,-110,-250,205,-1.5,107,6.5,-108,-114,-250,210,-1.5,-105,6.5,-110,-110,,,,,,,,-250,210,-1.5,-105,6.5,-112,-108,-235,204,,,6.5,-111,-105,,,,,,,,-235,204,,,6.5,-111,-105,-235,200,-1.5,100,6.5,-110,-110,-246,204,6.5,12
2026-03-09T23:57:59Z,closing,2026-03-09,2026-03-10T23:00:00Z,7d180045123423c1e02bae32045e1415,Florida Panthers,Detroit Red Wings,-137,114,-1.5,172,5.5,-118,-104,-125,105,-1.5,180,5.5,-120,100,-125,105,-1.5,190,5.5,-118,-102,-125,105,-1.5,185,5.5,-120,100,-136,112,-1.5,180,5.5,-127,100,-125,105,-1.5,175,5.5,-120,100,-134,112,-1.5,180,5.5,-125,102,-130,110,-1.5,185,5.5,-120,100,,,,,,,,-133,112,-1.5,195,5.5,-120,100,-121,107,,,5.5,-115,-101,,,,,,,,-121,107,,,5.5,-115,-101,-120,100,-1.5,192,5.5,-115,-105,-128,108,5.5,12
2026-03-09T23:57:59Z,closing,2026-03-09,2026-03-10T23:00:00Z,04e98f257c5fa2eeafc67c5ad5c9fea1,Montréal Canadiens,Toronto Maple Leafs,-176,146,-1.5,142,6.5,-104,-118,-170,142,-1.5,150,6.5,102,-122,-170,140,-1.5,140,6.0,-125,105,-170,143,-1.5,150,6.5,-105,-115,-177,143,-1.5,140,6.5,-108,-117,-180,150,-1.5,145,6.5,100,-120,-175,145,-1.5,143,6.5,-107,-115,-175,150,-1.5,145,6.5,100,-120,,,,,,,,-168,142,-1.5,150,6.5,-103,-117,-180,158,,,6.5,-101,-115,,,,,,,,-180,158,,,6.5,-101,-115,-170,146,-1.5,156,6.5,-105,-115,-174,147,6.2,12
2026-03-09T23:57:59Z,closing,2026-03-09,2026-03-10T23:10:00Z,8fc0620abcbe6afb534142fccec7e7c4,New York Rangers,Calgary Flames,-134,112,-1.5,190,6.5,112,-138,-125,105,-1.5,190,5.5,-125,105,-125,105,-1.5,190,6.0,100,-120,-125,105,-1.5,192,5.5,-125,105,-132,110,-1.5,185,6.0,-105,-122,-130,110,-1.5,185,5.5,-125,105,-130,110,-1.5,185,6.0,-104,-121,,,,,,,,,,,,,,,-125,105,-1.5,190,5.5,-125,105,,,,,,,,,,,,,,,,,,,,,,,,,,,,,-128,108,6.0,8
2026-03-09T23:57:59Z,closing,2026-03-09,2026-03-10T23:30:00Z,da83c1a797b3d055567f7428ec20eb14,St Louis Blues,New York Islanders,-102,-118,1.5,-260,5.5,-110,-110,105,-125,1.5,-258,5.5,-108,-112,105,-125,1.5,-235,5.5,-105,-115,105,-125,1.5,-260,5.5,-110,-110,102,-122,1.5,-265,5.5,-115,-110,105,-125,1.5,-250,5.5,-110,-110,102,-121,1.5,-250,5.5,-114,-109,100,-120,1.5,-275,5.5,-105,-115,,,,,,,,102,-122,1.5,-260,5.5,-108,-112,109,-123,,,5.5,-101,-115,-101,-121,1.5,-260,5.5,-108,-113,109,-123,,,5.5,-101,-115,105,-125,1.5,-250,5.5,-105,-115,73,-123,5.5,13
2026-03-09T23:57:59Z,closing,2026-03-09,2026-03-11T00:00:00Z,0d72e89b9d5550033a1860b3143be68c,Dallas Stars,Vegas Golden Knights,-152,126,-1.5,164,5.5,-122,100,-148,124,-1.5,160,5.5,-125,105,-150,125,-1.5,165,6.0,100,-120,-145,122,-1.5,162,6.0,100,-120,-162,132,-1.5,155,6.0,-110,-114,-150,125,-1.5,160,5.5,-125,105,-159,133,-1.5,155,6.0,-109,-113,-150,130,-1.5,165,5.5,-120,100,,,,,,,,-147,127,-1.5,173,6.0,102,-122,-145,128,,,6.0,104,-120,,,,,,,,-145,128,,,6.0,104,-120,-150,129,-1.5,172,6.0,100,-120,-150,127,5.8,12
2026-03-09T23:57:59Z,closing,2026-03-09,2026-03-11T00:00:00Z,5925b9b1ef7336392486a04887f6f7ab,Minnesota Wild,Utah Mammoth,-178,146,-1.5,142,5.5,-142,116,-170,142,-1.5,142,5.5,-135,114,-170,140,-1.5,140,6.0,-110,-110,-170,143,-1.5,143,6.0,-110,-110,-182,148,-1.5,138,6.0,-113,-113,-170,140,-1.5,140,5.5,-140,115,-180,148,-1.5,138,6.0,-112,-112,,,,,,,,,,,,,,,-167,142,-1.5,145,5.5,-135,115,,,,,,,,,,,,,,,,,,,,,,,,,,,,,-173,144,5.8,8
2026-03-09T23:57:59Z,closing,2026-03-09,2026-03-11T00:30:00Z,4768653b3950b2d3d1520e980cd9b6ec,Winnipeg Jets,Anaheim Ducks,-120,100,-1.5,184,6.5,-104,-118,-125,105,-1.5,195,6.5,-105,-115,-130,105,-1.5,180,6.5,-105,-115,-130,110,-1.5,196,6.5,-105,-115,-130,107,-1.5,190,6.5,-105,-122,-125,105,-1.5,185,6.5,-110,-110,-129,108,-1.5,190,6.5,-104,-121,-125,105,-1.5,185,6.5,-105,-115,,,,,,,,-128,107,-1.5,200,6.5,-105,-115,-125,110,,,6.5,-107,-109,,,,,,,,-125,110,,,6.5,-107,-109,-130,110,-1.5,192,6.5,-110,-110,-127,107,6.5,12
2026-03-09T23:57:59Z,closing,2026-03-09,2026-03-11T02:00:00Z,f763969d57aaf44533efbf0ad0447f03,Colorado Avalanche,Edmonton Oilers,-188,155,-1.5,128,6.5,-150,122,-175,145,-1.5,130,6.5,-148,124,-180,145,-1.5,125,7.0,100,-120,-178,150,-1.5,130,6.5,-150,126,-186,150,-1.5,133,7.0,-113,-113,-180,150,-1.5,130,6.5,-150,125,-182,150,-1.5,135,7.0,-112,-112,-175,150,-1.5,130,6.5,-155,125,,,,,,,,-177,153,-1.5,133,7.0,100,-120,-176,154,,,7.0,107,-123,,,,,,,,-176,154,,,7.0,107,-123,-180,155,-1.5,130,7.0,105,-125,-179,151,6.8,12
2026-03-09T23:57:59Z,closing,2026-03-09,2026-03-11T02:00:00Z,b1d8aad2e3f7396c1d386c294bbe73f8,Seattle Kraken,Nashville Predators,-125,104,-1.5,190,5.5,-132,108,-120,100,-1.5,205,5.5,-135,114,-120,100,-1.5,195,6.0,-105,-115,-120,100,-1.5,205,6.0,-105,-115,-132,110,-1.5,185,6.0,-112,-114,-125,105,-1.5,200,5.5,-130,110,-130,110,-1.5,185,6.0,-110,-113,-125,105,-1.5,190,5.5,-135,115,,,,,,,,-125,105,-1.5,205,6.0,-108,-112,-119,105,,,6.0,-103,-113,,,,,,,,-119,105,,,6.0,-103,-113,-120,100,-1.5,208,6.0,-105,-115,-123,104,5.8,12
2026-03-10T23:58:10Z,closing,2026-03-10,2026-03-10T23:08:00Z,04e98f257c5fa2eeafc67c5ad5c9fea1,Montréal Canadiens,Toronto Maple Leafs,-770,470,-2.5,-148,6.5,-140,108,-920,550,-2.5,-154,6.5,-145,114,-800,525,-2.5,-160,6.5,-135,100,-800,500,-2.5,-140,6.5,-130,100,,,,,,,,-900,500,-2.5,-150,6.5,-150,115,-835,575,-1.5,-275,6.5,-136,108,-900,500,-2.5,-130,6.5,-130,100,,,,,,,,-750,450,-2.5,-135,6.5,-135,105,,,,,,,,-833,475,-2.5,-133,6.5,-125,-111,,,,,,,,,,,,,,,-834,505,6.5,9
2026-03-10T23:58:10Z,closing,2026-03-10,2026-03-10T23:08:25Z,8fc0620abcbe6afb534142fccec7e7c4,New York Rangers,Calgary Flames,-290,215,-1.5,106,5.5,130,-170,-270,200,-1.5,110,5.5,140,-180,-250,195,-1.5,110,5.5,145,-200,-280,215,-1.5,100,5.5,125,-160,,,,,,,,-260,190,-1.5,110,5.5,130,-170,-265,210,-1.5,104,5.0,-148,116,-260,200,-1.5,120,5.5,135,-175,,,,,,,,-285,210,-1.5,105,5.0,-145,110,,,,,,,,-286,205,-1.5,110,5.0,-154,105,,,,,,,,,,,,,,,-272,204,5.2,9
2026-03-10T23:58:10Z,closing,2026-03-10,2026-03-10T23:10:00Z,344ea3d659f8a570d2f7a539970633d6,Boston Bruins,Los Angeles Kings,-162,126,-1.5,175,4.5,108,-140,-160,124,-1.5,190,4.5,105,-135,-170,135,-1.5,170,4.5,100,-135,-160,125,-1.5,185,4.5,-105,-125,,,,,,,,-165,125,-1.5,175,4.5,100,-130,-152,125,-1.5,195,4.0,-127,100,-150,120,-1.5,200,4.5,110,-140,,,,,,,,-155,120,-1.5,190,4.5,-105,-125,,,,,,,,-154,120,-1.5,195,4.0,-125,-111,,,,,,,,,,,,,,,-159,124,4.2,9
2026-03-10T23:58:10Z,closing,2026-03-10,2026-03-10T23:10:00Z,e2c20ea45a96375034eca6e40b20c50d,Buffalo Sabres,San Jose Sharks,-430,300,-2.5,116,7.5,-106,-122,-425,300,-1.5,-140,7.5,-110,-120,-425,310,-1.5,-150,7.5,-110,-120,-400,290,-1.5,-145,7.5,-105,-125,,,,,,,,-425,300,-1.5,-150,7.5,-110,-125,-400,300,-1.5,-137,7.5,-103,-122,-500,320,-1.5,-150,7.5,100,-130,,,,,,,,-425,285,-2.0,-105,7.5,-105,-125,,,,,,,,-455,320,-1.5,-154,7.5,-105,-133,,,,,,,,,,,,,,,-432,303,7.5,9
2026-03-10T23:58:10Z,closing,2026-03-10,2026-03-10T23:10:00Z,9fd0a6a9a633bce8cfdde33f0492caa6,Carolina Hurricanes,Pittsburgh Penguins,-188,146,-1.5,142,6.5,-120,-108,-210,160,-1.5,145,6.5,-120,-110,-190,150,-1.5,150,6.5,-120,-110,-190,150,-1.5,160,6.5,-120,-110,,,,,,,,-200,150,-1.5,140,6.5,-115,-115,-200,165,-1.5,140,6.5,-108,-117,-220,170,-1.5,145,6.5,-110,-120,,,,,,,,-210,160,-1.5,145,6.5,-125,-105,,,,,,,,-200,150,-1.5,155,6.5,-111,-125,,,,,,,,,,,,,,,-201,156,6.5,9
2026-03-10T23:58:10Z,closing,2026-03-10,2026-03-10T23:10:00Z,7d180045123423c1e02bae32045e1415,Florida Panthers,Detroit Red Wings,-235,180,-1.5,110,5.5,134,-176,-238,180,-1.5,120,5.5,140,-180,-250,190,-1.5,110,5.5,125,-165,-220,175,-1.5,115,5.5,145,-180,,,,,,,,-240,175,-1.5,120,5.5,125,-165,-245,195,-1.5,115,5.0,-129,102,-250,190,-1.5,120,5.5,135,-175,,,,,,,,-260,190,-1.5,120,5.0,-125,-105,,,,,,,,-250,195,-1.5,115,5.0,-154,110,,,,,,,,,,,,,,,-243,186,5.2,9
2026-03-10T23:58:10Z,closing,2026-03-10,2026-03-10T23:15:00Z,1e044bca539b0ab4da0ce5f1fd9665c3,Tampa Bay Lightning,Columbus Blue Jackets,-530,360,-2.5,116,5.5,-102,-128,-500,340,-2.5,114,5.5,-105,-125,-400,290,-1.5,-140,5.5,115,-155,-450,320,-1.5,-145,5.5,110,-140,,,,,,,,-500,330,-2.5,115,5.5,100,-130,-455,350,-1.5,-162,5.5,-104,-122,-500,320,-1.5,-140,5.5,-105,-125,,,,,,,,-525,340,-2.0,-125,5.5,100,-130,,,,,,,,-455,315,-1.5,-143,5.5,-105,-125,,,,,,,,,,,,,,,-479,329,5.5,9
2026-03-10T23:58:10Z,closing,2026-03-10,2026-03-10T23:40:00Z,da83c1a797b3d055567f7428ec20eb14,St Louis Blues,New York Islanders,-200,154,-1.5,134,5.5,-108,-120,-215,165,-1.5,124,5.5,100,-130,-210,165,-1.5,120,5.5,-102,-130,-190,150,-1.5,135,5.5,-105,-125,,,,,,,,-240,175,-1.5,105,5.5,-115,-115,-210,170,1.5,-715,5.5,-105,-121,-200,160,-1.5,130,5.5,105,-135,,,,,,,,-205,155,-1.5,135,5.5,-120,-110,,,,,,,,-200,155,-1.5,140,5.5,100,-143,,,,,,,,,,,,,,,-208,161,5.5,9
2026-03-10T23:58:10Z,closing,2026-03-10,2026-03-11T00:10:00Z,0d72e89b9d5550033a1860b3143be68c,Dallas Stars,Vegas Golden Knights,-162,134,-1.5,154,5.5,-128,104,-148,124,-1.5,164,5.5,-130,110,-155,130,-1.5,155,6.0,-110,-110,-155,130,-1.5,170,6.0,-110,-110,-162,132,-1.5,160,6.0,-112,-114,-160,130,-1.5,165,5.5,-130,110,-159,133,-1.5,160,6.0,-110,-113,-155,130,-1.5,165,5.5,-130,110,,,,,,,,-145,125,-1.5,173,6.0,-110,-110,-150,132,-1.5,170,6.0,-104,-112,-160,130,-1.5,164,6.0,-111,-110,-150,132,-1.5,170,6.0,-104,-112,-150,129,-1.5,168,6.0,-105,-115,-155,130,5.8,13
2026-03-10T23:58:10Z,closing,2026-03-10,2026-03-11T00:10:00Z,5925b9b1ef7336392486a04887f6f7ab,Minnesota Wild,Utah Mammoth,-164,136,-1.5,152,6.5,112,-138,-162,136,-1.5,164,5.5,-135,114,-160,135,-1.5,150,6.0,-110,-110,-170,143,-1.5,152,6.0,-110,-110,-165,135,-1.5,148,6.0,-113,-113,-160,130,-1.5,160,5.5,-140,115,-162,135,-1.5,150,6.0,-112,-112,-155,130,-1.5,150,6.5,115,-135,,,,,,,,-163,137,-1.5,163,6.0,-115,-105,-152,134,-1.5,170,6.0,-106,-110,-166,135,-1.5,160,6.0,-115,-106,-152,134,-1.5,170,6.0,-106,-110,-155,134,-1.5,168,6.0,-110,-110,-160,135,6.0,13
2026-03-10T23:58:10Z,closing,2026-03-10,2026-03-11T00:40:00Z,4768653b3950b2d3d1520e980cd9b6ec,Winnipeg Jets,Anaheim Ducks,-137,114,-1.5,172,6.5,112,-138,-130,110,-1.5,190,6.5,102,-122,-135,110,-1.5,180,6.0,-120,100,-135,115,-1.5,185,6.5,100,-120,-143,118,-1.5,170,6.0,-122,-104,-140,115,-1.5,185,6.5,110,-130,-141,120,-1.5,175,6.0,-121,-103,-140,120,-1.5,170,6.5,105,-125,,,,,,,,-138,117,-1.5,180,6.0,-120,100,-136,120,-1.5,186,6.5,108,-124,-142,116,-1.5,183,6.0,-121,-101,-136,120,-1.5,186,6.5,108,-124,-135,115,-1.5,188,6.5,105,-125,-138,116,6.2,13
2026-03-10T23:58:10Z,closing,2026-03-10,2026-03-11T02:10:00Z,f763969d57aaf44533efbf0ad0447f03,Colorado Avalanche,Edmonton Oilers,-184,152,-1.5,126,6.5,-150,122,-175,145,-1.5,130,6.5,-155,130,-180,145,-1.5,125,7.0,100,-120,-180,152,-1.5,126,7.0,-105,-115,-195,155,-1.5,125,7.0,-105,-122,-180,150,-1.5,130,6.5,-150,125,-190,160,-1.5,125,7.0,-104,-121,-170,145,-1.5,135,6.5,-155,125,,,,,,,,-180,155,-1.5,130,7.0,-103,-117,-170,149,-1.5,135,7.0,110,-126,-184,149,-1.5,130,7.0,102,-125,-170,149,-1.5,135,7.0,110,-126,-170,146,-1.5,135,7.0,105,-125,-179,150,6.8,13
2026-03-10T23:58:10Z,closing,2026-03-10,2026-03-11T02:10:00Z,b1d8aad2e3f7396c1d386c294bbe73f8,Seattle Kraken,Nashville Predators,-110,-110,-1.5,210,5.5,-142,116,-110,-110,-1.5,210,6.5,114,-135,-110,-110,-1.5,200,6.0,-118,-102,-115,-105,-1.5,196,6.0,-110,-110,-113,-108,-1.5,210,6.0,-114,-110,-110,-110,-1.5,220,6.5,110,-130,-112,-107,-1.5,215,6.0,-113,-109,-110,-110,-1.5,215,6.5,115,-135,,,,,,,,-108,-112,1.5,-275,6.0,-115,-105,-107,-107,-1.5,222,6.0,-115,-101,-114,-108,-1.5,208,6.0,-115,-106,-107,-107,-1.5,222,6.0,-115,-101,-110,-110,-1.5,228,6.0,-115,-105,-110,-109,6.0,13
2026-03-10T23:58:10Z,closing,2026-03-10,2026-03-11T23:30:00Z,5e443a2ce14df26c2dbb2db8ca06379f,Ottawa Senators,Montréal Canadiens,-162,134,-1.5,152,6.5,-110,-110,-155,130,-1.5,160,6.5,-108,-112,-150,125,-1.5,154,6.5,-110,-110,-155,130,-1.5,158,6.5,-105,-115,-150,123,-1.5,165,6.5,-113,-113,-150,125,-1.5,160,6.5,-110,-110,-148,125,-1.5,165,6.5,-112,-112,,,,,,,,,,,,,,,-150,130,-1.5,163,6.5,-108,-112,,,,,,,,-149,121,-1.5,155,6.5,-112,-109,,,,,,,,,,,,,,,-152,127,6.5,9
2026-03-10T23:58:10Z,closing,2026-03-10,2026-03-11T23:30:00Z,ed179aba53c02071fe3d110de2ce57be,Philadelphia Flyers,Washington Capitals,-106,-113,1.5,-260,5.5,-140,114,-105,-115,1.5,-265,6.5,114,-135,-105,-115,-1.5,225,6.0,-105,-115,-105,-115,1.5,-260,6.0,-115,-105,-108,-113,1.5,-286,6.0,-108,-118,-110,-110,1.5,-260,6.5,115,-140,-107,-112,1.5,-286,6.0,-107,-117,-105,-115,1.5,-275,5.5,-135,115,,,,,,,,-105,-115,1.5,-260,6.5,115,-135,-104,-110,,,5.5,-130,113,-112,-109,-1.5,212,6.0,-109,-112,-104,-110,,,5.5,-130,113,-110,-110,,,5.5,-130,110,-107,-112,6.0,13
2026-03-11T21:58:28Z,evening,2026-03-11,2026-03-11T23:30:00Z,5e443a2ce14df26c2dbb2db8ca06379f,Ottawa Senators,Montréal Canadiens,-196,162,-1.5,126,6.5,-110,-110,-192,160,-1.5,130,6.5,-115,-105,-190,155,-1.5,125,6.5,-115,-105,-190,158,-1.5,126,6.5,-120,100,-190,155,-1.5,138,6.5,-120,-107,-190,160,-1.5,130,6.5,-110,-110,-186,155,-1.5,138,6.5,-118,-106,-190,160,-1.5,125,6.5,-115,-105,,,,,,,,-190,163,-1.5,133,6.5,-115,-105,-186,163,-1.5,137,6.5,-112,-104,-199,160,-1.5,125,6.5,-116,-105,-186,163,-1.5,137,6.5,-112,-104,-180,155,-1.5,135,6.5,-115,-105,-190,159,6.5,13
2026-03-11T21:58:28Z,evening,2026-03-11,2026-03-11T23:30:00Z,ed179aba53c02071fe3d110de2ce57be,Philadelphia Flyers,Washington Capitals,108,-130,1.5,-235,5.5,-140,114,114,-135,1.5,-230,6.5,114,-135,110,-130,1.5,-235,6.0,-110,-110,118,-140,1.5,-235,6.0,-110,-110,110,-136,1.5,-240,6.0,-108,-117,110,-130,1.5,-240,5.5,-140,115,112,-134,1.5,-235,6.0,-107,-115,110,-130,1.5,-225,5.5,-135,115,,,,,,,,112,-133,1.5,-240,6.0,-105,-115,116,-132,1.5,-240,6.0,-104,-112,109,-134,1.5,-240,6.0,-112,-109,116,-132,1.5,-240,6.0,-104,-112,115,-135,1.5,-240,6.0,-110,-110,112,-133,6.0,13
2026-03-11T21:58:28Z,evening,2026-03-11,2026-03-12T23:00:00Z,2c21660ca2bd0d87616a83ced5052a0c,Toronto Maple Leafs,Anaheim Ducks,-105,-115,1.5,-245,6.5,-114,-106,-110,-110,1.5,-258,6.5,-115,-105,-110,-110,-1.5,200,6.5,-115,-105,-105,-115,1.5,-240,6.5,-115,-105,-115,-106,-1.5,210,6.5,-117,-108,-110,-110,1.5,-260,6.5,-115,-105,-114,-105,-1.5,210,6.5,-115,-107,-110,-110,1.5,-275,6.5,-120,100,,,,,,,,-105,-115,1.5,-270,6.5,-120,100,-104,-110,1.5,-265,6.5,-115,-101,,,,,,,,-104,-110,1.5,-265,6.5,-115,-101,,,,,,,,-108,-111,6.5,11
2026-03-11T21:58:28Z,evening,2026-03-11,2026-03-12T23:00:00Z,89a445fd5e713a06a467b9954989408e,Boston Bruins,San Jose Sharks,-176,146,-1.5,152,6.5,-115,-105,-170,142,-1.5,140,6.5,-115,-105,-175,145,-1.5,135,6.5,-118,-102,-170,143,-1.5,140,6.5,-115,-105,-182,150,-1.5,135,6.5,-117,-109,-170,140,-1.5,140,6.5,-115,-105,-180,150,-1.5,135,6.5,-115,-108,-170,145,-1.5,140,6.5,-115,-105,,,,,,,,-172,147,-1.5,142,6.5,-117,-103,-170,149,-1.5,149,6.5,-115,-101,,,,,,,,-170,149,-1.5,149,6.5,-115,-101,,,,,,,,-173,146,6.5,11
2026-03-11T21:58:28Z,evening,2026-03-11,2026-03-12T23:00:00Z,ea8a36a41ed2bca9ce6ccaec9b7ee2a0,Buffalo Sabres,Washington Capitals,-196,162,-1.5,126,6.5,-106,-114,-180,150,-1.5,124,6.5,100,-120,-185,150,-1.5,135,6.0,-130,105,-180,152,-1.5,126,6.5,100,-120,-177,145,-1.5,140,6.5,-108,-118,-180,150,-1.5,130,6.5,100,-120,-175,145,-1.5,143,6.5,-107,-117,,,,,,,,,,,,,,,-175,150,-1.5,133,6.5,100,-120,,,,,,,,,,,,,,,,,,,,,,,,,,,,,-181,150,6.2,8
2026-03-11T21:58:28Z,evening,2026-03-11,2026-03-12T23:00:00Z,7dcf225f5abf3746de85345b5984775e,New Jersey Devils,Calgary Flames,-184,152,-1.5,134,5.5,-115,-105,-175,145,-1.5,145,5.5,-120,100,-175,145,-1.5,140,5.5,-115,-105,-178,150,-1.5,143,5.5,-120,100,-195,155,-1.5,132,5.5,-120,-107,-180,150,-1.5,140,5.5,-110,-110,-190,160,-1.5,132,5.5,-118,-106,-175,150,-1.5,145,5.5,-115,-105,,,,,,,,-175,150,-1.5,150,5.5,-112,-108,-171,150,-1.5,153,5.5,-110,-106,,,,,,,,-171,150,-1.5,153,5.5,-110,-106,,,,,,,,-179,151,5.5,11
2026-03-11T21:58:28Z,evening,2026-03-11,2026-03-12T23:00:00Z,aa476403f92391bc308322a931bcca4b,Carolina Hurricanes,St Louis Blues,-310,245,-1.5,-110,6.5,112,-140,-290,235,-1.5,-110,5.5,-142,120,-300,240,-1.5,-118,6.0,-118,-102,-292,235,-1.5,-110,6.0,-115,-105,-315,245,-1.5,-127,6.0,-108,-118,-285,230,-1.5,-110,5.5,-140,115,-315,250,-1.5,-125,6.0,-107,-117,-290,240,-1.5,-115,5.5,-135,115,,,,,,,,-285,235,-1.5,-110,6.0,-108,-112,-290,248,-1.5,-110,6.0,-105,-111,,,,,,,,-290,248,-1.5,-110,6.0,-105,-111,,,,,,,,-297,241,6.0,11
2026-03-11T21:58:28Z,evening,2026-03-11,2026-03-12T23:00:00Z,448b15f545180b8cc1a6436f787788a3,Florida Panthers,Columbus Blue Jackets,-120,100,-1.5,198,6.5,-104,-118,-115,-105,-1.5,205,6.5,-108,-112,-115,-105,1.5,-275,6.5,-105,-115,-115,-105,-1.5,205,6.5,-105,-115,-120,100,-1.5,200,6.5,-104,-122,-115,-105,-1.5,200,6.5,-105,-115,-120,100,-1.5,200,6.5,-103,-121,-115,-105,-1.5,200,6.5,-105,-115,,,,,,,,-115,-105,-1.5,210,6.5,-103,-117,-114,100,-1.5,211,6.5,-101,-115,,,,,,,,-114,100,-1.5,211,6.5,-101,-115,,,,,,,,-116,-12,6.5,11
2026-03-11T21:58:28Z,evening,2026-03-11,2026-03-12T23:00:00Z,54a8349a42e1d73fdc790c95fe0a7430,Tampa Bay Lightning,Detroit Red Wings,-220,180,-1.5,120,6.5,108,-132,-218,180,-1.5,120,6.5,110,-130,-220,180,-1.5,110,6.0,-120,100,-220,180,-1.5,118,6.0,-120,100,-220,175,-1.5,118,6.0,-115,-110,-210,175,-1.5,120,6.5,110,-130,-215,175,-1.5,120,6.0,-114,-109,-210,175,-1.5,120,6.5,110,-130,,,,,,,,-215,178,-1.5,122,6.0,-108,-112,-204,178,-1.5,125,6.0,-108,-108,,,,,,,,-204,178,-1.5,125,6.0,-108,-108,,,,,,,,-214,178,6.2,11
2026-03-11T21:58:28Z,evening,2026-03-11,2026-03-13T00:00:00Z,19bcc2714864ded3693363080c044260,Dallas Stars,Edmonton Oilers,-134,112,-1.5,184,6.5,-124,102,-135,114,-1.5,180,6.5,-125,105,-135,110,-1.5,170,6.5,-130,105,-135,115,-1.5,180,6.5,-125,105,-143,118,-1.5,165,6.5,-129,100,-130,110,-1.5,175,6.5,-125,105,-141,120,-1.5,165,6.5,-127,102,-135,115,-1.5,175,6.5,-125,105,,,,,,,,-130,110,-1.5,185,6.5,-125,105,-129,114,-1.5,186,6.5,-123,107,,,,,,,,-129,114,-1.5,186,6.5,-123,107,,,,,,,,-134,114,6.5,11
2026-03-11T21:58:28Z,evening,2026-03-11,2026-03-13T00:00:00Z,5ebc7ccc141c27a444faf395a7cd7ab7,Minnesota Wild,Philadelphia Flyers,-250,202,-1.5,110,5.5,-142,116,-250,205,-1.5,110,6.5,110,-130,-250,200,-1.5,100,6.0,-110,-110,-250,205,-1.5,110,6.0,-115,-105,-265,205,-1.5,100,6.0,-112,-114,-250,200,-1.5,110,6.5,110,-130,-250,205,-1.5,102,6.0,-110,-113,,,,,,,,,,,,,,,-240,200,-1.5,105,5.5,-135,115,,,,,,,,,,,,,,,,,,,,,,,,,,,,,-251,203,6.0,8
2026-03-11T21:58:28Z,evening,2026-03-11,2026-03-13T00:00:00Z,3f50b15504e8c39f1d5407a91e47d90c,Winnipeg Jets,New York Rangers,-164,136,-1.5,148,5.5,-115,-105,-162,136,-1.5,160,5.5,-115,-105,-160,135,-1.5,150,5.5,-115,-105,-160,135,-1.5,158,5.5,-115,-105,-182,148,-1.5,135,5.5,-124,-103,-160,130,-1.5,160,5.5,-115,-105,-180,148,-1.5,138,5.5,-122,100,-165,140,-1.5,150,5.5,-120,100,,,,,,,,-163,137,-1.5,160,5.5,-117,-103,-158,139,-1.5,170,5.5,-115,-101,,,,,,,,-158,139,-1.5,170,5.5,-115,-101,,,,,,,,-165,138,5.5,11
2026-03-11T21:58:28Z,evening,2026-03-11,2026-03-13T01:00:00Z,5a0b23210846f4347545bf94eebf0f47,Utah Mammoth,Chicago Blackhawks,-245,198,-1.5,110,6.5,116,-142,-230,190,-1.5,114,6.5,114,-135,-235,195,-1.5,105,6.0,-115,-105,-235,192,-1.5,115,6.0,-115,-105,-235,188,-1.5,110,6.0,-115,-110,-240,190,-1.5,115,6.5,115,-140,-230,188,-1.5,110,6.0,-114,-109,-230,195,-1.5,110,5.5,-135,115,,,,,,,,-235,195,-1.5,115,6.0,-108,-112,-226,196,-1.5,115,6.0,-108,-108,,,,,,,,-226,196,-1.5,115,6.0,-108,-108,,,,,,,,-233,193,6.0,11
2026-03-11T21:58:28Z,evening,2026-03-11,2026-03-13T02:00:00Z,c88083adc3bb8ed678614872e7db2101,Seattle Kraken,Colorado Avalanche,164,-200,1.5,-150,6.5,104,-128,164,-198,1.5,-148,6.5,105,-125,165,-200,1.5,-145,6.0,-118,-102,162,-195,1.5,-145,6.5,105,-125,163,-200,1.5,-159,6.0,-118,-108,165,-200,1.5,-150,6.5,105,-125,163,-200,1.5,-157,6.0,-117,-107,165,-195,1.5,-150,6.5,105,-125,,,,,,,,168,-198,1.5,-150,6.0,-117,-103,170,-194,1.5,-145,6.0,-115,-101,,,,,,,,170,-194,1.5,-145,6.0,-115,-101,,,,,,,,165,-198,6.2,11
2026-03-11T21:58:28Z,evening,2026-03-11,2026-03-13T02:00:00Z,820eaa7b92cbb4d2132f0481b312741c,Vancouver Canucks,Nashville Predators,130,-156,1.5,-200,6.5,106,-130,130,-155,1.5,-192,6.5,110,-130,125,-150,1.5,-190,6.0,-120,100,130,-155,1.5,-190,6.0,-120,100,125,-155,1.5,-210,6.0,-117,-109,130,-160,1.5,-190,6.5,110,-130,128,-152,1.5,-205,6.0,-115,-108,130,-150,1.5,-190,6.5,110,-130,,,,,,,,133,-155,1.5,-195,6.0,-115,-105,134,-152,1.5,-195,6.0,-113,-103,,,,,,,,134,-152,1.5,-195,6.0,-113,-103,,,,,,,,130,-154,6.2,11
2026-03-11T21:58:28Z,evening,2026-03-11,2026-03-13T02:00:00Z,5e2875e2c1b7ebeeac7bef9304fa2ebc,Vegas Golden Knights,Pittsburgh Penguins,-156,130,-1.5,154,6.5,110,-134,-155,130,-1.5,160,6.5,110,-130,-160,135,-1.5,145,6.0,-118,-102,-160,135,-1.5,158,6.0,-120,100,-165,135,-1.5,148,6.0,-120,-107,-160,130,-1.5,165,6.5,110,-130,-162,135,-1.5,150,6.0,-118,-106,-155,135,-1.5,150,6.5,110,-130,,,,,,,,-155,133,-1.5,163,6.0,-120,100,-155,136,-1.5,170,6.0,-118,102,,,,,,,,-155,136,-1.5,170,6.0,-118,102,,,,,,,,-158,134,6.2,11
2026-03-12T21:58:36Z,evening,2026-03-12,2026-03-12T23:00:00Z,2c21660ca2bd0d87616a83ced5052a0c,Toronto Maple Leafs,Anaheim Ducks,-111,-108,-1.5,205,6.5,-122,100,-110,-110,1.5,-270,6.5,-125,105,-110,-110,-1.5,200,6.5,-125,105,-110,-110,1.5,-260,6.5,-125,105,-108,-113,1.5,-278,6.5,-127,100,-110,-110,1.5,-260,6.5,-125,105,-107,-112,1.5,-278,6.5,-125,102,-110,-110,-1.5,200,6.5,-120,100,,,,,,,,-110,-110,-1.5,215,6.5,-128,107,-112,-102,1.5,-250,6.5,-122,106,-111,-111,1.5,-260,6.5,-123,101,-112,-102,1.5,-250,6.5,-122,106,-115,-105,1.5,-250,6.5,-120,100,-110,-109,6.5,13
2026-03-12T21:58:36Z,evening,2026-03-12,2026-03-12T23:00:00Z,89a445fd5e713a06a467b9954989408e,Boston Bruins,San Jose Sharks,-156,130,-1.5,156,6.5,-110,-110,-162,136,-1.5,154,6.5,-115,-105,-160,135,-1.5,154,6.5,-110,-110,-165,140,-1.5,150,6.5,-115,-105,-175,143,-1.5,140,6.5,-122,-104,-160,130,-1.5,150,6.5,-110,-110,-175,145,-1.5,140,6.5,-121,-103,-155,135,-1.5,150,6.5,-115,-105,,,,,,,,-150,130,-1.5,155,6.5,-112,-108,-157,138,-1.5,157,6.5,-108,-108,-159,129,-1.5,147,6.5,-113,-108,-157,138,-1.5,157,6.5,-108,-108,-155,134,-1.5,156,6.5,-110,-110,-160,136,6.5,13
2026-03-12T21:58:36Z,evening,2026-03-12,2026-03-12T23:00:00Z,ea8a36a41ed2bca9ce6ccaec9b7ee2a0,Buffalo Sabres,Washington Capitals,-210,172,-1.5,114,6.5,-140,114,-218,180,-1.5,114,6.5,-135,114,-220,180,-1.5,115,6.5,-135,115,-220,180,-1.5,105,6.5,-140,118,-210,170,-1.5,118,6.5,-127,100,-210,175,-1.5,115,6.5,-140,115,-210,170,-1.5,120,6.5,-125,100,-210,175,-1.5,115,6.5,-145,120,,,,,,,,-220,180,-1.5,112,7.0,117,-138,-205,179,-1.5,120,6.5,-135,117,-212,170,-1.5,113,7.0,110,-135,-205,179,-1.5,120,6.5,-135,117,-200,170,-1.5,115,6.5,-135,115,-212,175,6.8,13
2026-03-12T21:58:36Z,evening,2026-03-12,2026-03-12T23:00:00Z,7dcf225f5abf3746de85345b5984775e,New Jersey Devils,Calgary Flames,-194,160,-1.5,124,5.5,-115,-105,-192,160,-1.5,145,5.5,-118,-102,-190,155,-1.5,135,5.5,-120,100,-190,158,-1.5,143,5.5,-120,100,-200,160,-1.5,128,5.5,-120,-107,-190,160,-1.5,130,5.5,-115,-105,-195,163,-1.5,130,5.5,-118,-106,-190,160,-1.5,130,5.5,-120,100,,,,,,,,-195,165,-1.5,135,5.5,-120,100,-185,162,-1.5,145,5.5,-115,-101,-196,158,-1.5,134,5.5,-118,-103,-185,162,-1.5,145,5.5,-115,-101,-185,159,-1.5,140,5.5,-120,100,-191,160,5.5,13
2026-03-12T21:58:36Z,evening,2026-03-12,2026-03-12T23:00:00Z,aa476403f92391bc308322a931bcca4b,Carolina Hurricanes,St Louis Blues,-285,230,-1.5,-112,5.5,-140,114,-290,235,-1.5,-105,5.5,-142,120,-295,230,-1.5,-110,6.0,-110,-110,-305,240,-1.5,-115,6.0,-110,-110,-305,240,-1.5,-120,6.0,-108,-117,-285,230,-1.5,-110,5.5,-140,115,-295,240,-1.5,-118,6.0,-107,-115,-280,230,-1.5,-105,5.5,-135,115,,,,,,,,-290,240,-1.5,-115,6.0,-112,-108,-275,236,-1.5,-112,6.0,-104,-112,-285,222,-1.5,-108,6.0,-110,-111,-275,236,-1.5,-112,6.0,-104,-112,-270,225,-1.5,-110,6.0,-110,-110,-287,233,5.8,13
2026-03-12T21:58:36Z,evening,2026-03-12,2026-03-12T23:00:00Z,448b15f545180b8cc1a6436f787788a3,Florida Panthers,Columbus Blue Jackets,102,-122,1.5,-240,6.5,-106,-114,102,-122,1.5,-250,6.5,-102,-118,105,-125,1.5,-235,6.5,-105,-115,105,-125,1.5,-240,6.5,-105,-115,-106,-115,1.5,-278,6.5,-107,-118,100,-120,1.5,-250,6.5,-110,-110,-105,-114,1.5,-275,6.5,-106,-118,105,-125,1.5,-235,6.5,-105,-115,,,,,,,,105,-125,1.5,-250,6.5,-108,-112,106,-120,1.5,-255,6.5,-101,-115,101,-124,1.5,-242,6.5,-104,-117,106,-120,1.5,-255,6.5,-101,-115,105,-125,1.5,-255,6.5,-105,-115,72,-122,6.5,13
2026-03-12T21:58:36Z,evening,2026-03-12,2026-03-12T23:00:00Z,54a8349a42e1d73fdc790c95fe0a7430,Tampa Bay Lightning,Detroit Red Wings,-220,180,-1.5,116,6.5,114,-140,-218,180,-1.5,114,6.5,114,-135,-220,180,-1.5,115,6.0,-120,100,-220,180,-1.5,110,6.0,-120,100,-225,180,-1.5,116,6.0,-108,-117,-225,185,-1.5,115,6.5,110,-130,-220,180,-1.5,117,6.0,-107,-117,-215,180,-1.5,115,6.5,115,-135,,,,,,,,-225,185,-1.5,112,6.0,-120,100,-213,186,-1.5,115,6.0,-110,-106,-220,176,-1.5,110,6.0,-119,-103,-213,186,-1.5,115,6.0,-110,-106,-215,183,-1.5,115,6.0,-120,100,-219,182,6.2,13
2026-03-12T21:58:36Z,evening,2026-03-12,2026-03-13T00:00:00Z,19bcc2714864ded3693363080c044260,Dallas Stars,Edmonton Oilers,-128,106,-1.5,186,6.5,-130,106,-125,105,-1.5,180,6.5,-130,110,-125,105,-1.5,185,6.5,-130,105,-125,105,-1.5,175,6.5,-130,110,-136,112,-1.5,175,6.5,-139,110,-125,105,-1.5,185,6.5,-130,110,-134,114,-1.5,175,6.5,-137,110,-130,110,-1.5,180,6.5,-130,110,,,,,,,,-130,110,-1.5,180,6.5,-135,115,-125,110,-1.5,179,6.5,-127,111,-129,106,-1.5,182,6.5,-131,107,-125,110,-1.5,179,6.5,-127,111,-125,105,-1.5,180,6.5,-130,110,-128,108,6.5,13
2026-03-12T21:58:36Z,evening,2026-03-12,2026-03-13T00:00:00Z,5ebc7ccc141c27a444faf395a7cd7ab7,Minnesota Wild,Philadelphia Flyers,-230,188,-1.5,118,5.5,-138,112,-225,185,-1.5,114,5.5,-135,114,-225,185,-1.5,115,6.0,-102,-118,-225,185,-1.5,105,6.0,-105,-115,-230,185,-1.5,107,6.0,-108,-118,-225,185,-1.5,115,5.5,-140,115,-225,185,-1.5,108,6.0,-107,-117,-215,180,-1.5,115,5.5,-145,120,,,,,,,,-225,185,-1.5,110,6.0,-117,-103,-213,186,-1.5,115,6.0,-108,-108,-220,176,-1.5,111,6.0,-105,-116,-213,186,-1.5,115,6.0,-108,-108,-215,183,-1.5,110,6.0,-110,-110,-222,184,5.8,13
2026-03-12T21:58:36Z,evening,2026-03-12,2026-03-13T00:00:00Z,3f50b15504e8c39f1d5407a91e47d90c,Winnipeg Jets,New York Rangers,-156,130,-1.5,154,5.5,-110,-110,-155,130,-1.5,164,5.5,-108,-112,-150,125,-1.5,165,5.5,-110,-110,-155,130,-1.5,158,5.5,-115,-105,-162,132,-1.5,150,5.5,-115,-110,-160,130,-1.5,165,5.5,-110,-110,-159,133,-1.5,150,5.5,-114,-109,-150,130,-1.5,165,5.5,-110,-110,,,,,,,,-150,130,-1.5,168,5.5,-108,-112,-148,130,-1.5,165,5.5,-104,-112,-156,127,-1.5,161,5.5,-109,-112,-148,130,-1.5,165,5.5,-104,-112,-150,129,-1.5,172,5.5,-110,-110,-154,130,5.5,13
2026-03-12T21:58:36Z,evening,2026-03-12,2026-03-13T01:10:00Z,5a0b23210846f4347545bf94eebf0f47,Utah Mammoth,Chicago Blackhawks,-235,190,-1.5,112,5.5,-142,116,-218,180,-1.5,114,5.5,-135,114,-220,180,-1.5,115,6.0,-102,-118,-220,180,-1.5,115,6.0,-105,-115,-235,188,-1.5,110,6.0,-113,-112,-225,185,-1.5,115,5.5,-140,115,-230,188,-1.5,110,6.0,-112,-110,-215,180,-1.5,115,5.5,-135,115,,,,,,,,-235,195,-1.5,110,6.0,100,-120,-214,187,-1.5,115,6.0,-108,-108,-222,177,-1.5,114,6.0,-104,-117,-214,187,-1.5,115,6.0,-108,-108,-220,185,-1.5,115,6.0,-110,-110,-223,185,5.8,13
2026-03-12T21:58:36Z,evening,2026-03-12,2026-03-13T02:00:00Z,c88083adc3bb8ed678614872e7db2101,Seattle Kraken,Colorado Avalanche,172,-210,1.5,-148,6.5,-102,-120,170,-205,1.5,-135,6.5,-105,-115,170,-210,1.5,-135,6.5,-105,-115,175,-210,1.5,-130,6.5,-110,-110,195,-245,1.5,-134,6.0,-125,100,175,-210,1.5,-140,6.5,-105,-115,195,-240,1.5,-132,6.0,-125,100,175,-210,1.5,-130,6.5,-105,-115,,,,,,,,185,-225,1.5,-133,6.5,-105,-115,176,-201,1.5,-135,6.5,-101,-115,172,-214,1.5,-141,6.5,-104,-117,176,-201,1.5,-135,6.5,-101,-115,175,-205,1.5,-135,6.5,-110,-110,178,-214,6.2,13
2026-03-12T21:58:36Z,evening,2026-03-12,2026-03-13T02:00:00Z,820eaa7b92cbb4d2132f0481b312741c,Vancouver Canucks,Nashville Predators,132,-160,1.5,-194,6.5,110,-134,136,-162,1.5,-185,6.5,110,-130,135,-160,1.5,-185,6.0,-115,-105,140,-165,1.5,-178,6.0,-115,-105,138,-167,1.5,-195,6.0,-121,-106,130,-160,1.5,-190,6.5,110,-130,138,-165,1.5,-190,6.0,-120,-105,140,-165,1.5,-175,6.5,110,-130,,,,,,,,145,-170,1.5,-172,6.0,-120,100,139,-158,1.5,-180,6.0,-115,-101,127,-155,1.5,-191,6.0,-119,-103,139,-158,1.5,-180,6.0,-115,-101,134,-155,1.5,-185,6.0,-115,-105,136,-162,6.2,13
2026-03-12T21:58:36Z,evening,2026-03-12,2026-03-13T02:00:00Z,5e2875e2c1b7ebeeac7bef9304fa2ebc,Vegas Golden Knights,Pittsburgh Penguins,-154,128,-1.5,160,6.5,106,-130,-155,130,-1.5,160,6.5,102,-122,-155,130,-1.5,155,6.5,100,-120,-165,140,-1.5,148,6.0,-125,105,-165,135,-1.5,148,6.0,-125,100,-150,125,-1.5,160,6.5,105,-125,-162,135,-1.5,150,6.0,-124,100,-150,130,-1.5,165,6.5,105,-125,,,,,,,,-155,133,-1.5,163,6.5,102,-122,-148,130,-1.5,157,6.0,-120,104,-152,124,-1.5,155,6.0,-125,102,-148,130,-1.5,157,6.0,-120,104,-150,129,-1.5,164,6.0,-120,100,-155,131,6.2,13
2026-03-12T21:58:36Z,evening,2026-03-12,2026-03-13T23:00:00Z,90b2b1e3281e09247576fe849a683e75,New York Islanders,Los Angeles Kings,-142,118,-1.5,172,5.5,-110,-110,-142,120,-1.5,185,5.5,-110,-110,-140,118,-1.5,170,5.5,-110,-110,-140,118,-1.5,185,5.5,-110,-110,-141,117,-1.5,175,5.5,-114,-112,-145,120,-1.5,175,5.5,-110,-110,-139,118,-1.5,175,5.5,-113,-110,-140,120,-1.5,175,5.5,-110,-110,,,,,,,,-135,115,-1.5,185,5.5,-110,-110,-138,122,,,5.5,-108,-108,,,,,,,,-138,122,,,5.5,-108,-108,,,,,,,,-140,119,5.5,11
2026-03-12T21:58:36Z,evening,2026-03-12,2026-03-14T00:00:00Z,5dbc5539eae23ae6f735c084b9f28cc8,St Louis Blues,Edmonton Oilers,136,-164,1.5,-188,6.5,-120,-102,136,-162,1.5,-175,6.5,-115,-105,135,-160,1.5,-175,6.5,-115,-105,135,-160,1.5,-178,6.5,-115,-105,132,-159,1.5,-195,6.5,-120,-106,130,-160,1.5,-180,6.5,-115,-105,133,-159,1.5,-195,6.5,-118,-105,,,,,,,,,,,,,,,133,-155,1.5,-185,6.5,-115,-105,,,,,,,,,,,,,,,,,,,,,,,,,,,,,134,-160,6.5,8
2026-03-13T22:00:07Z,manual,2026-03-13,2026-03-13T23:10:00Z,90b2b1e3281e09247576fe849a683e75,New York Islanders,Los Angeles Kings,-142,118,-1.5,184,5.5,-104,-118,-142,120,-1.5,185,5.5,-110,-110,-140,118,-1.5,185,5.5,-110,-110,-135,115,-1.5,185,5.5,-105,-115,-148,120,-1.5,165,5.5,-110,-115,-145,120,-1.5,185,5.5,-110,-110,-143,123,-1.5,170,5.5,-109,-114,-140,120,-1.5,180,5.5,-105,-115,,,,,,,,-147,127,-1.5,185,5.5,-108,-112,-140,123,-1.5,183,5.5,-107,-109,-145,118,-1.5,183,5.5,-110,-111,-140,123,-1.5,183,5.5,-107,-109,-140,120,-1.5,184,5.5,-110,-110,-142,120,5.5,13
2026-03-13T22:00:07Z,manual,2026-03-13,2026-03-14T00:10:00Z,5dbc5539eae23ae6f735c084b9f28cc8,St Louis Blues,Edmonton Oilers,128,-154,1.5,-194,6.5,-115,-105,124,-148,1.5,-192,6.5,-115,-105,125,-150,1.5,-190,6.5,-115,-105,122,-145,1.5,-190,6.5,-115,-105,135,-165,1.5,-190,6.5,-121,-106,125,-150,1.5,-190,6.5,-110,-110,135,-162,1.5,-190,6.5,-120,-105,125,-150,1.5,-190,6.5,-115,-105,,,,,,,,127,-147,1.5,-190,6.5,-117,-103,128,-145,1.5,-187,6.5,-111,-105,120,-147,1.5,-194,6.5,-111,-110,128,-145,1.5,-187,6.5,-111,-105,125,-145,1.5,-185,6.5,-110,-110,127,-150,6.5,13
2026-03-13T22:00:07Z,manual,2026-03-13,2026-03-14T17:00:00Z,a9fb7e50c2e1be30a12f6048e3813816,Ottawa Senators,Anaheim Ducks,-162,134,-1.5,142,6.5,-110,-110,-162,136,-1.5,160,6.5,-105,-115,-160,135,-1.5,150,6.5,-105,-115,-160,135,-1.5,158,6.5,-105,-115,-152,125,-1.5,163,6.5,-113,-113,-160,130,-1.5,150,6.5,-110,-110,-150,125,-1.5,163,6.5,-112,-112,-160,135,-1.5,145,6.5,-105,-115,,,,,,,,-160,135,-1.5,163,6.5,-105,-115,-158,139,,,6.5,-102,-114,,,,,,,,-158,139,,,6.5,-102,-114,,,,,,,,-158,133,6.5,11
2026-03-13T22:00:07Z,manual,2026-03-13,2026-03-14T19:00:00Z,f68267b5f4d2945c871d821c1be262f2,Washington Capitals,Boston Bruins,-137,114,-1.5,184,6.5,104,-128,-135,114,-1.5,180,6.5,105,-125,-135,110,-1.5,180,6.0,-118,-102,-135,115,-1.5,175,6.5,105,-125,-132,110,-1.5,185,6.0,-124,-103,-140,115,-1.5,185,6.5,105,-125,-130,110,-1.5,188,6.0,-124,100,-135,115,-1.5,170,6.5,105,-125,,,,,,,,-135,115,-1.5,180,6.5,105,-125,-130,115,,,6.0,-115,-101,,,,,,,,-130,115,,,6.0,-115,-101,,,,,,,,-134,113,6.2,11
2026-03-13T22:00:07Z,manual,2026-03-13,2026-03-14T20:00:00Z,82e7149305143f19d8ba61d99f8bc389,Winnipeg Jets,Colorado Avalanche,146,-178,1.5,-170,6.5,102,-124,154,-185,1.5,-166,6.5,110,-130,150,-185,1.5,-160,6.0,-118,-102,152,-180,1.5,-165,6.5,110,-130,150,-186,1.5,-177,6.5,100,-127,150,-180,1.5,-170,6.5,105,-125,150,-182,1.5,-175,6.5,102,-125,150,-175,1.5,-160,6.5,110,-130,,,,,,,,160,-185,1.5,-165,6.5,110,-130,154,-176,,,6.5,109,-125,,,,,,,,154,-176,,,6.5,109,-125,,,,,,,,152,-181,6.2,11
2026-03-13T22:00:07Z,manual,2026-03-13,2026-03-14T22:00:00Z,1fee958390166dc50c6902e968f2dc0c,Minnesota Wild,New York Rangers,-240,195,-1.5,106,6.5,110,-134,-245,200,-1.5,100,6.5,110,-130,-250,200,-1.5,100,6.0,-115,-105,-250,205,-1.5,100,6.5,110,-130,-250,200,-1.5,100,6.0,-121,-106,-240,190,-1.5,100,6.5,110,-130,-250,205,-1.5,100,6.0,-120,-105,-230,195,-1.5,105,6.5,110,-130,,,,,,,,-240,200,-1.5,100,6.5,110,-130,-230,200,,,6.0,-115,-101,,,,,,,,-230,200,,,6.0,-115,-101,,,,,,,,-241,199,6.2,11
2026-03-13T22:00:07Z,manual,2026-03-13,2026-03-14T23:00:00Z,2077a7a7423aa57225a6fa2283322bed,Buffalo Sabres,Toronto Maple Leafs,-235,190,-1.5,114,6.5,-106,-114,-230,190,-1.5,102,6.5,-110,-110,-225,185,-1.5,105,6.5,-110,-110,-235,192,-1.5,100,6.5,-110,-110,-250,200,-1.5,106,6.5,-108,-118,-225,185,-1.5,105,6.5,-110,-110,-250,205,-1.5,108,6.5,-107,-117,-230,195,-1.5,110,6.5,-110,-110,,,,,,,,-225,185,-1.5,102,6.5,-110,-110,-218,190,,,6.5,-108,-108,,,,,,,,-218,190,,,6.5,-108,-108,,,,,,,,-231,192,6.5,11
2026-03-13T22:00:07Z,manual,2026-03-13,2026-03-14T23:00:00Z,76ee9a295b1b046a49fb344e592b9b7c,New York Islanders,Calgary Flames,-164,136,-1.5,148,5.5,-115,-105,-166,140,-1.5,145,5.5,-115,-105,-170,140,-1.5,145,5.5,-115,-105,-165,140,-1.5,150,5.5,-115,-105,-182,148,-1.5,135,5.5,-117,-109,-170,140,-1.5,145,5.5,-115,-105,-180,148,-1.5,138,5.5,-115,-108,,,,,,,,,,,,,,,-165,140,-1.5,163,5.5,-115,-105,,,,,,,,,,,,,,,,,,,,,,,,,,,,,-170,142,5.5,8
2026-03-13T22:00:07Z,manual,2026-03-13,2026-03-14T23:00:00Z,68ce016f127b0e8f3eb3aa2c67526118,Tampa Bay Lightning,Carolina Hurricanes,-140,116,-1.5,176,6.5,-104,-118,-135,114,-1.5,170,6.5,100,-120,-135,110,-1.5,170,6.0,-130,105,-135,115,-1.5,175,6.5,100,-120,-130,107,-1.5,190,6.5,-107,-120,-140,115,-1.5,175,6.5,100,-120,-129,108,-1.5,190,6.5,-106,-118,-135,115,-1.5,175,6.5,100,-120,,,,,,,,-135,115,-1.5,170,6.5,100,-120,-130,115,,,6.5,104,-120,,,,,,,,-130,115,,,6.5,104,-120,,,,,,,,-134,113,6.2,11
2026-03-13T22:00:07Z,manual,2026-03-13,2026-03-14T23:00:00Z,95a632998d5d7025e31824cb237c992f,New Jersey Devils,Los Angeles Kings,-150,125,-1.5,164,5.5,-115,-105,-148,124,-1.5,164,5.5,-110,-110,-150,125,-1.5,165,5.5,-110,-110,-145,122,-1.5,162,5.5,-110,-110,-137,114,-1.5,185,5.5,-118,-108,-150,125,-1.5,165,5.5,-110,-110,-136,114,-1.5,185,5.5,-117,-107,,,,,,,,,,,,,,,-145,125,-1.5,163,5.5,-115,-105,,,,,,,,,,,,,,,,,,,,,,,,,,,,,-145,122,5.5,8
2026-03-13T22:00:07Z,manual,2026-03-13,2026-03-14T23:00:00Z,9a3af7aea7a36d27560ecd2a641e2943,Montréal Canadiens,San Jose Sharks,-184,152,-1.5,130,6.5,-128,104,-185,154,-1.5,124,6.5,-122,102,-185,150,-1.5,125,6.5,-130,105,-190,158,-1.5,122,6.5,-120,100,-180,148,-1.5,135,6.5,-129,100,-180,150,-1.5,125,6.5,-125,105,-177,148,-1.5,138,6.5,-127,102,-185,155,-1.5,125,6.5,-125,105,,,,,,,,-180,155,-1.5,125,6.5,-122,102,-176,154,,,6.5,-130,113,,,,,,,,-176,154,,,6.5,-130,113,,,,,,,,-182,153,6.5,11
2026-03-13T22:00:07Z,manual,2026-03-13,2026-03-14T23:30:00Z,d53b53862a9714a36122e0371d4f594c,Philadelphia Flyers,Columbus Blue Jackets,102,-122,1.5,-245,6.5,104,-128,105,-125,1.5,-245,6.5,100,-120,105,-125,1.5,-225,6.0,-125,105,105,-125,1.5,-250,6.5,100,-120,104,-127,1.5,-250,6.0,-127,100,105,-125,1.5,-250,6.5,100,-120,105,-125,1.5,-250,6.0,-125,102,105,-125,1.5,-250,6.5,105,-125,,,,,,,,105,-125,1.5,-240,6.5,100,-120,110,-125,,,6.5,104,-120,,,,,,,,110,-125,,,6.5,104,-120,,,,,,,,106,-125,6.2,11
2026-03-13T22:00:07Z,manual,2026-03-13,2026-03-15T00:00:00Z,f32c93fecae58dc645384924c8baf7c3,Dallas Stars,Detroit Red Wings,-170,140,-1.5,146,5.5,-115,-105,-170,142,-1.5,154,5.5,-115,-105,-170,140,-1.5,145,5.5,-115,-105,-165,140,-1.5,150,5.5,-115,-105,-177,145,-1.5,143,5.5,-115,-110,-170,140,-1.5,150,5.5,-115,-105,-175,145,-1.5,143,5.5,-114,-109,-165,140,-1.5,150,5.5,-115,-105,,,,,,,,-170,145,-1.5,160,5.5,-115,-105,-162,142,,,5.5,-115,-101,,,,,,,,-162,142,,,5.5,-115,-101,,,,,,,,-169,142,5.5,11
2026-03-13T22:00:07Z,manual,2026-03-13,2026-03-15T01:00:00Z,1783a9758edc08a032ead5945c265c09,Utah Mammoth,Pittsburgh Penguins,-154,128,-1.5,154,6.5,116,-142,-148,124,-1.5,160,5.5,-135,114,-150,125,-1.5,155,6.0,-110,-110,-145,122,-1.5,158,6.0,-110,-110,-165,135,-1.5,150,6.0,-114,-112,-150,125,-1.5,160,5.5,-140,115,-162,135,-1.5,150,6.0,-113,-110,-145,125,-1.5,165,5.5,-135,115,,,,,,,,-145,125,-1.5,163,5.5,-135,115,-142,125,,,6.0,-108,-108,,,,,,,,-142,125,,,6.0,-108,-108,,,,,,,,-150,127,6.0,11
2026-03-13T22:00:07Z,manual,2026-03-13,2026-03-15T02:00:00Z,3f24fac6ebd64df7d4212f47e1ca348f,Vegas Golden Knights,Chicago Blackhawks,-240,195,-1.5,112,6.5,114,-140,-238,195,-1.5,114,6.5,114,-135,-235,190,-1.5,105,6.0,-110,-110,-235,192,-1.5,115,6.0,-110,-110,-250,205,-1.5,100,6.0,-113,-113,-240,190,-1.5,115,6.5,115,-140,-250,205,-1.5,102,6.0,-112,-112,-230,195,-1.5,105,6.5,115,-135,,,,,,,,-235,195,-1.5,115,6.5,115,-135,-225,195,,,6.0,-109,-107,,,,,,,,-225,195,,,6.0,-109,-107,,,,,,,,-237,196,6.2,11
2026-03-13T22:00:07Z,manual,2026-03-13,2026-03-15T02:00:00Z,a30d764f88e80e48ab6a6701f612d4b7,Vancouver Canucks,Seattle Kraken,106,-128,1.5,-250,6.5,114,-140,110,-130,1.5,-225,6.5,114,-135,105,-130,1.5,-225,6.0,-110,-110,110,-130,1.5,-225,6.5,115,-135,114,-139,1.5,-230,6.0,-115,-110,110,-130,1.5,-225,5.5,-140,115,115,-137,1.5,-225,6.0,-114,-109,110,-130,1.5,-235,6.5,115,-135,,,,,,,,110,-130,1.5,-225,6.5,115,-135,110,-125,,,6.0,-108,-108,,,,,,,,110,-125,,,6.0,-108,-108,,,,,,,,110,-130,6.0,11
2026-03-14T21:52:22Z,evening,2026-03-14,2026-03-14T19:20:00Z,f68267b5f4d2945c871d821c1be262f2,Washington Capitals,Boston Bruins,-146,114,-1.5,980,,,,-125,-105,,,,,,-135,105,-1.5,1000,5.5,625,-1400,-130,100,,,,,,,,,,,,,-160,120,,,,,,-134,110,-1.0,650,,,,-140,110,,,,,,,,,,,,,-125,-105,,,,,,,,,,,,,-167,125,-1.5,475,5.5,250,-400,,,,,,,,,,,,,,,-140,64,5.5,9
2026-03-14T21:52:22Z,evening,2026-03-14,2026-03-14T20:08:00Z,82e7149305143f19d8ba61d99f8bc389,Winnipeg Jets,Colorado Avalanche,-770,470,-2.5,130,4.5,-120,-106,-720,450,-1.5,-175,4.5,-110,-120,-750,500,-2.5,125,4.5,-118,-110,-550,380,-1.5,-160,4.5,-120,-110,,,,,,,,-900,500,-2.5,110,4.5,-115,-115,-715,510,-2.0,-110,4.5,-113,-117,-800,475,-2.5,125,4.5,-120,-110,,,,,,,,-650,400,-2.0,-125,4.5,-125,-105,,,,,,,,-833,500,-2.5,125,4.5,-125,-111,,,,,,,,,,,,,,,-743,465,4.5,9
2026-03-14T21:52:22Z,evening,2026-03-14,2026-03-14T22:00:00Z,1fee958390166dc50c6902e968f2dc0c,Minnesota Wild,New York Rangers,-196,162,-1.5,130,6.5,108,-132,-198,164,-1.5,130,6.5,105,-125,-200,165,-1.5,118,6.0,-120,100,-190,158,-1.5,130,6.0,-120,100,-210,170,-1.5,114,6.0,-121,-106,-200,165,-1.5,125,6.5,105,-125,-210,170,-1.5,115,6.0,-120,-105,-195,165,-1.5,125,6.5,105,-125,,,,,,,,-195,165,-1.5,125,6.0,-120,100,-187,164,-1.5,125,6.0,-120,104,-196,158,-1.5,123,6.0,-119,-103,-187,164,-1.5,125,6.0,-120,104,-185,159,-1.5,125,6.0,-120,100,-196,164,6.2,13
2026-03-14T21:52:22Z,evening,2026-03-14,2026-03-14T23:00:00Z,2077a7a7423aa57225a6fa2283322bed,Buffalo Sabres,Toronto Maple Leafs,-230,188,-1.5,110,6.5,-120,-102,-230,190,-1.5,105,6.5,-115,-105,-225,185,-1.5,105,6.5,-120,100,-240,196,-1.5,-105,6.5,-120,100,-250,200,-1.5,104,6.5,-127,100,-225,185,-1.5,105,6.5,-120,100,-245,200,-1.5,105,6.5,-125,100,-230,195,-1.5,100,6.5,-120,100,,,,,,,,-235,195,-1.5,102,6.5,-122,102,-220,191,-1.5,102,6.5,-122,106,-238,189,-1.5,105,6.5,-120,-102,-220,191,-1.5,102,6.5,-122,106,-220,185,-1.5,105,6.5,-120,100,-231,192,6.5,13
2026-03-14T21:52:22Z,evening,2026-03-14,2026-03-14T23:00:00Z,76ee9a295b1b046a49fb344e592b9b7c,New York Islanders,Calgary Flames,-144,120,-1.5,158,5.5,-142,116,-148,124,-1.5,164,5.5,-130,110,-150,125,-1.5,155,6.0,-110,-110,-150,126,-1.5,158,6.0,-105,-115,-150,123,-1.5,155,6.0,-106,-120,-145,120,-1.5,165,5.5,-130,110,-150,125,-1.5,160,6.0,-105,-120,-145,125,-1.5,165,5.5,-130,110,,,,,,,,-147,127,-1.5,165,6.0,-103,-117,-143,126,-1.5,170,6.0,-108,-108,-146,119,-1.5,164,6.0,-107,-114,-143,126,-1.5,170,6.0,-108,-108,-145,125,-1.5,168,6.0,-105,-115,-147,124,5.8,13
2026-03-14T21:52:22Z,evening,2026-03-14,2026-03-14T23:00:00Z,68ce016f127b0e8f3eb3aa2c67526118,Tampa Bay Lightning,Carolina Hurricanes,-125,104,-1.5,205,6.5,106,-130,-125,105,-1.5,190,6.5,100,-120,-130,105,-1.5,185,6.0,-118,-102,-125,105,-1.5,175,6.5,100,-120,-132,110,-1.5,185,6.5,-104,-124,-125,105,-1.5,190,6.5,105,-125,-130,110,-1.5,188,6.5,-103,-122,-125,105,-1.5,190,6.5,100,-120,,,,,,,,-130,110,-1.5,195,6.0,-122,102,-123,109,-1.5,189,6.5,104,-120,-129,105,-1.5,182,6.5,-103,-118,-123,109,-1.5,189,6.5,104,-120,-120,100,-1.5,192,6.5,100,-120,-126,106,6.2,13
2026-03-14T21:52:22Z,evening,2026-03-14,2026-03-14T23:00:00Z,95a632998d5d7025e31824cb237c992f,New Jersey Devils,Los Angeles Kings,-154,128,-1.5,164,5.5,-118,-104,-148,124,-1.5,170,5.5,-118,-102,-150,125,-1.5,165,5.5,-118,-102,-145,122,-1.5,175,5.5,-120,100,-157,128,-1.5,163,5.5,-118,-108,-150,125,-1.5,175,5.5,-115,-105,-155,130,-1.5,165,5.5,-117,-107,-145,125,-1.5,170,5.5,-115,-105,,,,,,,,-147,127,-1.5,173,5.5,-115,-105,-141,124,-1.5,177,5.5,-113,-103,-153,125,-1.5,160,5.5,-117,-104,-141,124,-1.5,177,5.5,-113,-103,-145,125,-1.5,176,5.5,-120,100,-149,126,5.5,13
2026-03-14T21:52:22Z,evening,2026-03-14,2026-03-14T23:00:00Z,9a3af7aea7a36d27560ecd2a641e2943,Montréal Canadiens,San Jose Sharks,-160,132,-1.5,152,6.5,-132,108,-155,130,-1.5,142,6.5,-135,114,-155,125,-1.5,150,6.5,-135,110,-160,135,-1.5,140,6.5,-140,118,-167,138,-1.5,143,6.5,-134,105,-160,130,-1.5,145,6.5,-130,110,-165,138,-1.5,145,6.5,-132,106,-155,135,-1.5,145,6.5,-130,110,,,,,,,,-163,137,-1.5,145,6.5,-133,112,-155,136,-1.5,145,6.5,-131,114,-162,132,-1.5,140,6.5,-131,107,-155,136,-1.5,145,6.5,-131,114,-155,134,-1.5,152,6.5,-130,110,-159,134,6.5,13
2026-03-14T21:52:22Z,evening,2026-03-14,2026-03-14T23:30:00Z,d53b53862a9714a36122e0371d4f594c,Philadelphia Flyers,Columbus Blue Jackets,116,-140,1.5,-225,5.5,-130,106,120,-142,1.5,-218,5.5,-125,105,118,-145,1.5,-200,6.0,-102,-118,122,-145,1.5,-205,6.0,100,-120,110,-136,1.5,-240,6.0,-112,-114,115,-140,1.5,-225,5.5,-125,105,112,-132,1.5,-235,6.0,-110,-113,120,-140,1.5,-215,5.5,-125,105,,,,,,,,115,-135,1.5,-230,6.0,-103,-117,121,-137,1.5,-212,6.0,104,-120,114,-140,1.5,-216,6.0,-102,-120,121,-137,1.5,-212,6.0,104,-120,120,-140,1.5,-220,6.0,100,-120,117,-139,5.8,13
2026-03-14T21:52:22Z,evening,2026-03-14,2026-03-15T00:00:00Z,f32c93fecae58dc645384924c8baf7c3,Dallas Stars,Detroit Red Wings,-192,158,-1.5,134,5.5,-118,-104,-192,160,-1.5,136,5.5,-115,-105,-190,154,-1.5,135,5.5,-115,-105,-195,162,-1.5,135,5.5,-120,100,-190,155,-1.5,135,5.5,-115,-110,-190,160,-1.5,140,5.5,-115,-105,-190,155,-1.5,135,5.5,-114,-109,-195,165,-1.5,130,5.5,-115,-105,,,,,,,,-185,160,-1.5,137,5.5,-120,100,-190,166,-1.5,140,5.5,-115,-101,-194,156,-1.5,128,5.5,-118,-104,-190,166,-1.5,140,5.5,-115,-101,-190,163,-1.5,140,5.5,-115,-105,-191,160,5.5,13
2026-03-14T21:52:22Z,evening,2026-03-14,2026-03-15T01:00:00Z,1783a9758edc08a032ead5945c265c09,Utah Mammoth,Pittsburgh Penguins,-146,122,-1.5,172,6.5,108,-132,-148,124,-1.5,164,6.5,110,-130,-145,118,-1.5,165,6.0,-118,-102,-145,122,-1.5,158,6.0,-115,-105,-155,128,-1.5,160,6.0,-114,-112,-150,125,-1.5,165,6.5,110,-130,-152,128,-1.5,160,6.0,-113,-110,-145,125,-1.5,165,6.5,110,-130,,,,,,,,-150,130,-1.5,165,6.0,-117,-103,-145,128,-1.5,174,6.0,-108,-108,-149,122,-1.5,162,6.0,-115,-106,-145,128,-1.5,174,6.0,-108,-108,-145,125,-1.5,172,6.0,-110,-110,-148,125,6.2,13
2026-03-14T21:52:22Z,evening,2026-03-14,2026-03-15T02:00:00Z,3f24fac6ebd64df7d4212f47e1ca348f,Vegas Golden Knights,Chicago Blackhawks,-235,190,-1.5,116,6.5,114,-140,-225,185,-1.5,110,6.5,110,-130,-225,185,-1.5,105,6.0,-118,-102,-240,196,-1.5,110,6.0,-120,100,-235,190,-1.5,106,6.0,-113,-113,-225,185,-1.5,110,6.5,110,-130,-235,190,-1.5,108,6.0,-112,-112,-225,190,-1.5,110,6.5,110,-130,,,,,,,,-235,195,-1.5,110,6.0,-117,-103,-223,194,-1.5,110,6.0,-115,-101,-240,191,-1.5,100,6.0,-116,-105,-223,194,-1.5,110,6.0,-115,-101,-220,185,-1.5,110,6.0,-115,-105,-230,190,6.2,13
2026-03-14T21:52:22Z,evening,2026-03-14,2026-03-15T02:00:00Z,a30d764f88e80e48ab6a6701f612d4b7,Vancouver Canucks,Seattle Kraken,114,-137,1.5,-220,6.5,110,-134,120,-142,1.5,-205,6.5,110,-130,118,-145,1.5,-210,6.0,-115,-105,118,-140,1.5,-195,6.0,-115,-105,114,-139,1.5,-230,6.0,-115,-110,115,-140,1.5,-210,6.5,110,-130,115,-137,1.5,-225,6.0,-114,-109,120,-140,1.5,-215,6.5,110,-130,,,,,,,,125,-145,1.5,-210,6.0,-117,-103,119,-135,1.5,-205,6.0,-120,104,116,-142,1.5,-208,6.0,-112,-109,119,-135,1.5,-205,6.0,-120,104,115,-135,1.5,-205,6.0,-120,100,118,-139,6.2,13
2026-03-14T21:52:22Z,evening,2026-03-14,2026-03-15T19:10:00Z,a75f0e1a856bd60f28f5b0c57fc99270,Winnipeg Jets,St Louis Blues,-137,114,-1.5,176,5.5,-128,104,-125,105,-1.5,200,5.5,-120,100,-125,105,-1.5,190,5.5,-120,100,-125,105,-1.5,196,5.5,-120,100,-141,116,-1.5,175,6.0,100,-127,-130,110,-1.5,185,5.5,-120,100,-139,117,-1.5,175,6.0,102,-125,,,,,,,,,,,,,,,-125,105,-1.5,205,5.5,-120,100,,,,,,,,,,,,,,,,,,,,,,,,,,,,,-131,110,5.8,8
2026-03-14T21:52:22Z,evening,2026-03-14,2026-03-15T21:10:00Z,86375ff5a0a406f1f278039808088533,Ottawa Senators,San Jose Sharks,-215,176,-1.5,104,6.5,-128,104,-205,170,-1.5,110,6.5,-115,-105,-210,170,-1.5,115,6.5,-115,-105,-210,175,-1.5,110,6.5,-115,-105,-210,170,-1.5,120,6.5,-115,-110,-210,175,-1.5,110,6.5,-115,-105,-210,170,-1.5,123,6.5,-114,-109,,,,,,,,,,,,,,,-205,173,-1.5,110,6.5,-115,-105,,,,,,,,-226,181,-1.5,104,6.5,-119,-102,,,,,,,,,,,,,,,-211,173,6.5,9
2026-03-14T21:52:22Z,evening,2026-03-14,2026-03-15T23:10:00Z,7031b580a7cc254a4070f290e0cb2e4a,Montréal Canadiens,Anaheim Ducks,-144,120,-1.5,164,6.5,-120,-102,-148,124,-1.5,170,6.5,-125,105,-150,125,-1.5,150,6.5,-130,105,-145,122,-1.5,170,6.5,-125,105,-157,130,-1.5,155,6.5,-122,-104,-145,120,-1.5,165,6.5,-120,100,-155,130,-1.5,155,6.5,-121,-103,,,,,,,,,,,,,,,-145,125,-1.5,173,6.5,-125,105,,,,,,,,,,,,,,,,,,,,,,,,,,,,,-149,124,6.5,8
2026-03-14T21:52:22Z,evening,2026-03-14,2026-03-15T23:40:00Z,a4e162193979f1f5f466d64f91fb59f4,Minnesota Wild,Toronto Maple Leafs,-280,225,-1.5,-112,6.5,112,-140,-250,205,-1.5,105,6.5,100,-120,-250,200,-1.5,-102,6.0,-130,105,-250,205,-1.5,105,6.5,100,-120,-235,188,-1.5,110,6.0,-120,-107,-260,210,-1.5,100,6.5,105,-125,-230,190,-1.5,112,6.0,-118,-106,,,,,,,,,,,,,,,-245,205,-1.5,105,6.5,100,-120,,,,,,,,,,,,,,,,,,,,,,,,,,,,,-250,204,6.2,8
2026-03-14T21:52:22Z,evening,2026-03-14,2026-03-16T00:10:00Z,5f08ff7521f7518d54f7690fbcec1d38,Edmonton Oilers,Nashville Predators,-184,152,-1.5,134,6.5,-118,-104,-185,154,-1.5,130,6.5,-115,-105,-190,154,-1.5,125,6.5,-115,-105,-178,150,-1.5,135,6.5,-115,-105,-180,148,-1.5,138,6.5,-118,-108,-180,150,-1.5,130,6.5,-115,-105,-180,148,-1.5,140,6.5,-117,-107,,,,,,,,,,,,,,,-183,158,-1.5,133,6.5,-115,-105,,,,,,,,,,,,,,,,,,,,,,,,,,,,,-182,152,6.5,8
2026-03-14T21:52:22Z,evening,2026-03-14,2026-03-16T00:10:00Z,3e60bb8c3aaf40bb02f8ec3fe3db9abd,Seattle Kraken,Florida Panthers,114,-137,1.5,-215,6.5,112,-138,110,-130,1.5,-218,6.5,110,-130,110,-135,1.5,-220,6.0,-110,-110,105,-125,1.5,-220,6.5,110,-130,102,-124,1.5,-250,6.0,-118,-108,110,-130,1.5,-210,6.5,115,-140,104,-122,1.5,-250,6.0,-117,-107,,,,,,,,,,,,,,,110,-130,1.5,-220,6.5,110,-130,,,,,,,,,,,,,,,,,,,,,,,,,,,,,108,-129,6.2,8
2026-03-15T21:53:38Z,evening,2026-03-15,2026-03-15T21:08:32Z,86375ff5a0a406f1f278039808088533,Ottawa Senators,San Jose Sharks,106,-136,1.5,-240,7.5,-113,-115,100,-130,1.5,-280,7.5,-105,-125,110,-140,1.5,-250,7.5,105,-140,-105,-125,1.5,-250,7.5,-110,-120,,,,,,,,105,-140,1.5,-275,7.5,100,-130,107,-129,-1.5,295,7.5,100,-127,100,-130,1.5,-325,7.5,100,-130,,,,,,,,-105,-125,1.5,-285,7.5,-110,-120,,,,,,,,100,-125,1.5,-333,7.5,-105,-133,,,,,,,,,,,,,,,58,-131,7.5,9
2026-03-15T21:53:38Z,evening,2026-03-15,2026-03-15T23:10:00Z,7031b580a7cc254a4070f290e0cb2e4a,Montréal Canadiens,Anaheim Ducks,-154,128,-1.5,156,6.5,-130,106,-148,124,-1.5,164,6.5,-135,114,-145,120,-1.5,155,6.5,-135,115,-145,122,-1.5,162,6.5,-135,115,-157,130,-1.5,155,6.5,-141,112,-150,125,-1.5,160,6.5,-130,110,-155,130,-1.5,155,6.5,-141,112,-145,125,-1.5,150,6.5,-135,115,,,,,,,,-155,133,-1.5,160,6.5,-138,117,-145,128,-1.5,162,6.5,-128,112,-148,121,-1.5,158,6.5,-132,108,-145,128,-1.5,162,6.5,-128,112,-150,129,-1.5,160,6.5,-130,110,-149,126,6.5,13
2026-03-15T21:53:38Z,evening,2026-03-15,2026-03-15T23:40:00Z,a4e162193979f1f5f466d64f91fb59f4,Minnesota Wild,Toronto Maple Leafs,-255,205,-1.5,100,6.5,100,-122,-265,215,-1.5,100,6.5,100,-120,-250,200,-1.5,-102,6.5,-102,-118,-278,222,-1.5,-105,6.5,-105,-115,-265,205,-1.5,-108,6.5,-106,-121,-260,210,-1.5,-110,6.5,100,-120,-250,210,-1.5,-107,6.5,-105,-120,-260,215,-1.5,-105,6.5,100,-120,,,,,,,,-260,215,-1.5,-110,6.5,100,-120,-244,211,-1.5,-104,6.5,102,-118,-255,202,-1.5,-102,6.0,-123,100,-244,211,-1.5,-104,6.5,102,-118,-250,210,-1.5,100,6.5,100,-120,-257,210,6.2,13
2026-03-15T21:53:38Z,evening,2026-03-15,2026-03-16T00:10:00Z,5f08ff7521f7518d54f7690fbcec1d38,Edmonton Oilers,Nashville Predators,-178,146,-1.5,136,6.5,-142,116,-185,154,-1.5,140,6.5,-142,120,-180,150,-1.5,135,7.0,105,-125,-190,158,-1.5,130,6.5,-155,130,-177,143,-1.5,130,7.0,110,-139,-180,150,-1.5,140,6.5,-140,115,-175,145,-1.5,132,7.0,112,-137,-175,150,-1.5,130,6.5,-145,120,,,,,,,,-175,150,-1.5,137,7.0,115,-135,-173,152,-1.5,138,6.5,-138,120,-181,146,-1.5,132,7.0,109,-133,-173,152,-1.5,138,6.5,-138,120,-175,150,-1.5,135,7.0,110,-130,-178,150,6.8,13
2026-03-15T21:53:38Z,evening,2026-03-15,2026-03-16T00:10:00Z,3e60bb8c3aaf40bb02f8ec3fe3db9abd,Seattle Kraken,Florida Panthers,108,-130,1.5,-245,5.5,-130,106,114,-135,1.5,-230,5.5,-135,114,110,-130,1.5,-235,6.0,-110,-110,110,-130,1.5,-225,6.0,-110,-110,105,-127,1.5,-240,6.0,-109,-117,110,-130,1.5,-240,5.5,-130,110,106,-125,1.5,-235,6.0,-108,-115,110,-130,1.5,-225,5.5,-135,115,,,,,,,,110,-130,1.5,-235,6.0,-105,-115,113,-128,1.5,-235,6.0,-101,-115,108,-132,1.5,-238,6.0,-105,-116,113,-128,1.5,-235,6.0,-101,-115,115,-135,1.5,-235,6.0,-105,-115,110,-130,5.8,13
2026-03-15T21:53:38Z,evening,2026-03-15,2026-03-16T23:00:00Z,a5511fee3fcd590001e5e72ee1a4606b,New Jersey Devils,Boston Bruins,-118,-102,-1.5,205,6.5,116,-142,-120,100,-1.5,205,5.5,-125,105,-120,100,-1.5,200,6.0,100,-120,-120,100,-1.5,205,5.5,-125,105,-113,-108,-1.5,215,6.0,-105,-122,-120,100,-1.5,200,5.5,-125,105,-112,-107,-1.5,215,6.0,-104,-121,-120,100,-1.5,200,5.5,-130,110,,,,,,,,-120,100,-1.5,210,5.5,-125,105,-115,101,,,6.0,100,-116,,,,,,,,-115,101,,,6.0,100,-116,-115,-105,-1.5,212,6.0,-105,-115,-117,32,6.0,12
2026-03-15T21:53:38Z,evening,2026-03-15,2026-03-16T23:00:00Z,4210d1bdce81a6c73f692336bb97d42a,Detroit Red Wings,Calgary Flames,-184,152,-1.5,134,5.5,-128,104,-180,150,-1.5,136,5.5,-125,105,-185,150,-1.5,135,6.0,100,-120,-178,150,-1.5,135,5.5,-125,105,-195,160,-1.5,128,6.0,-106,-121,-180,150,-1.5,130,5.5,-125,105,-190,160,-1.5,130,6.0,-105,-120,-185,155,-1.5,135,5.5,-125,105,,,,,,,,-177,153,-1.5,135,5.5,-125,105,-176,154,,,5.5,-120,104,,,,,,,,-176,154,,,5.5,-120,104,-175,150,-1.5,140,5.5,-120,100,-182,153,5.8,12
2026-03-15T21:53:38Z,evening,2026-03-15,2026-03-16T23:00:00Z,0e274047f6a166b5b3aa6fb05edffe30,New York Rangers,Los Angeles Kings,105,-126,1.5,-240,5.5,-128,104,105,-125,1.5,-250,5.5,-118,-102,105,-125,1.5,-235,5.5,-120,100,105,-125,1.5,-260,5.5,-120,100,-103,-120,1.5,-265,5.5,-125,100,105,-125,1.5,-240,5.5,-125,105,100,-118,1.5,-265,5.5,-124,100,105,-125,1.5,-265,5.5,-125,105,,,,,,,,105,-125,1.5,-235,5.5,-120,100,106,-120,,,5.5,-125,109,,,,,,,,106,-120,,,5.5,-125,109,100,-120,1.5,-260,5.5,-125,105,87,-123,5.5,12
2026-03-15T21:53:38Z,evening,2026-03-15,2026-03-17T00:00:00Z,095f4a82a3fef717e6d0e5e66f81fdd5,Dallas Stars,Utah Mammoth,-156,130,-1.5,154,5.5,-122,100,-162,136,-1.5,150,5.5,-125,105,-165,135,-1.5,145,6.0,100,-120,-160,135,-1.5,152,5.5,-125,105,-175,140,-1.5,143,6.0,-104,-124,-160,130,-1.5,150,5.5,-125,105,-167,143,-1.5,145,6.0,-103,-122,-165,140,-1.5,150,5.5,-125,105,,,,,,,,-160,135,-1.5,163,5.5,-125,105,-160,141,,,6.0,101,-117,,,,,,,,-160,141,,,6.0,101,-117,-160,138,-1.5,164,6.0,-105,-115,-162,137,5.8,12
2026-03-15T21:53:38Z,evening,2026-03-15,2026-03-17T01:30:00Z,87e2100553dcf91e4333415ec629a8a8,Colorado Avalanche,Pittsburgh Penguins,-230,188,-1.5,112,6.5,-118,-104,-230,190,-1.5,105,6.5,-120,100,-225,185,-1.5,105,6.5,-120,100,-235,192,-1.5,105,6.5,-125,105,-265,210,-1.5,-103,6.5,-118,-107,-225,185,-1.5,105,6.5,-120,100,-265,210,-1.5,100,6.5,-118,-106,-230,195,-1.5,100,6.5,-120,100,,,,,,,,-230,190,-1.5,110,6.5,-120,100,-220,191,,,6.5,-120,104,,,,,,,,-220,191,,,6.5,-120,104,-220,185,-1.5,110,6.5,-120,100,-233,193,6.5,12
2026-03-16T22:53:24Z,manual,2026-03-16,2026-03-16T23:00:00Z,a5511fee3fcd590001e5e72ee1a4606b,New Jersey Devils,Boston Bruins,-126,105,-1.5,194,6.5,108,-132,-125,105,-1.5,195,6.5,105,-125,-125,105,-1.5,195,6.0,-120,100,-125,105,-1.5,185,6.0,-120,100,-125,104,-1.5,190,6.0,-118,-108,-125,105,-1.5,190,6.5,105,-125,-124,105,-1.5,190,6.0,-117,-107,-130,110,-1.5,180,6.5,105,-125,,,,,,,,-130,110,-1.5,200,6.5,102,-122,-121,107,-1.5,195,6.0,-121,105,-123,101,-1.5,192,6.0,-120,-102,-121,107,-1.5,195,6.0,-121,105,-125,105,-1.5,200,6.0,-125,105,-125,106,6.2,13
2026-03-16T22:53:24Z,manual,2026-03-16,2026-03-16T23:00:00Z,4210d1bdce81a6c73f692336bb97d42a,Detroit Red Wings,Calgary Flames,-184,152,-1.5,138,5.5,-122,100,-180,150,-1.5,142,5.5,-125,105,-185,154,-1.5,140,6.0,100,-120,-190,158,-1.5,135,5.5,-125,105,-190,155,-1.5,132,6.0,100,-127,-180,150,-1.5,140,5.5,-125,105,-186,155,-1.5,132,6.0,102,-125,-185,155,-1.5,135,5.5,-125,105,,,,,,,,-185,160,-1.5,140,6.0,102,-122,-180,158,-1.5,142,5.5,-121,105,-180,145,-1.5,140,5.5,-125,102,-180,158,-1.5,142,5.5,-121,105,-175,150,-1.5,144,5.5,-125,105,-183,154,5.8,13
2026-03-16T22:53:24Z,manual,2026-03-16,2026-03-16T23:00:00Z,0e274047f6a166b5b3aa6fb05edffe30,New York Rangers,Los Angeles Kings,-108,-111,1.5,-280,5.5,-120,-102,-105,-115,1.5,-265,5.5,-115,-105,-105,-115,-1.5,210,5.5,-115,-105,-110,-110,1.5,-250,5.5,-115,-105,-104,-118,1.5,-275,5.5,-127,100,-110,-110,1.5,-275,5.5,-120,100,-103,-117,1.5,-265,5.5,-125,102,-105,-115,1.5,-290,5.5,-120,100,,,,,,,,-110,-110,-1.5,230,5.5,-117,-103,-106,-108,1.5,-265,5.5,-120,104,-108,-113,1.5,-275,5.5,-118,-104,-106,-108,1.5,-265,5.5,-120,104,-105,-115,1.5,-265,5.5,-120,100,-107,-113,5.5,13
2026-03-16T22:53:24Z,manual,2026-03-16,2026-03-17T00:00:00Z,095f4a82a3fef717e6d0e5e66f81fdd5,Dallas Stars,Utah Mammoth,-160,132,-1.5,156,5.5,-122,100,-162,136,-1.5,160,5.5,-125,105,-160,135,-1.5,154,6.0,100,-120,-170,143,-1.5,150,5.5,-130,110,-165,135,-1.5,148,6.0,-104,-122,-160,130,-1.5,160,5.5,-125,105,-162,135,-1.5,150,6.0,-103,-122,-155,135,-1.5,160,5.5,-125,105,,,,,,,,-163,137,-1.5,163,6.0,107,-128,-158,139,-1.5,161,5.5,-121,105,-158,128,-1.5,154,5.5,-120,-102,-158,139,-1.5,161,5.5,-121,105,-165,142,-1.5,164,5.5,-125,105,-161,136,5.8,13
2026-03-16T22:53:24Z,manual,2026-03-16,2026-03-17T01:30:00Z,87e2100553dcf91e4333415ec629a8a8,Colorado Avalanche,Pittsburgh Penguins,-235,190,-1.5,106,6.5,-122,100,-218,180,-1.5,105,6.5,-120,100,-225,185,-1.5,105,6.5,-120,100,-225,185,-1.5,100,6.5,-125,105,-240,190,-1.5,105,6.5,-125,100,-225,185,-1.5,110,6.5,-125,105,-235,195,-1.5,106,6.5,-124,100,-225,190,-1.5,105,6.5,-125,105,,,,,,,,-220,180,-1.5,107,6.5,-125,105,-210,183,-1.5,108,6.5,-123,107,-226,180,-1.5,108,6.5,-122,100,-210,183,-1.5,108,6.5,-123,107,-210,180,-1.5,110,6.5,-120,100,-223,185,6.5,13
2026-03-16T22:53:24Z,manual,2026-03-16,2026-03-17T23:00:00Z,31ff36b939589e06055491f1d8aec95a,Montréal Canadiens,Boston Bruins,-176,146,-1.5,136,6.5,-104,-118,-170,142,-1.5,142,6.5,100,-120,-170,140,-1.5,140,6.0,-125,105,-170,143,-1.5,143,6.5,100,-120,-165,135,-1.5,150,6.0,-122,-105,-170,140,-1.5,140,6.5,100,-120,-162,135,-1.5,155,6.0,-121,-104,,,,,,,,,,,,,,,-170,145,-1.5,145,6.5,100,-120,,,,,,,,,,,,,,,,,,,,,,,,,,,,,-169,141,6.2,8
2026-03-16T22:53:24Z,manual,2026-03-16,2026-03-17T23:00:00Z,67ba228ae7a60bbab128fd6274fe262c,Columbus Blue Jackets,Carolina Hurricanes,116,-140,1.5,-215,6.5,-102,-120,114,-135,1.5,-218,6.5,-105,-115,115,-140,1.5,-200,6.5,-105,-115,115,-135,1.5,-220,6.5,-105,-115,108,-132,1.5,-240,6.5,-109,-117,115,-140,1.5,-210,6.5,-105,-115,110,-130,1.5,-235,6.5,-108,-115,115,-135,1.5,-225,6.5,-105,-115,,,,,,,,115,-135,1.5,-220,6.5,-105,-115,116,-131,1.5,-215,6.5,-106,-110,,,,,,,,116,-131,1.5,-215,6.5,-106,-110,110,-130,1.5,-215,6.5,-110,-110,114,-134,6.5,12
2026-03-16T22:53:24Z,manual,2026-03-16,2026-03-17T23:00:00Z,ac2572c449fcdbfd787a79d60b69e7ee,Toronto Maple Leafs,New York Islanders,114,-137,1.5,-225,5.5,-134,110,110,-130,1.5,-218,5.5,-135,114,110,-135,1.5,-220,6.0,-105,-115,110,-130,1.5,-225,5.5,-135,115,112,-136,1.5,-235,6.0,-127,100,115,-140,1.5,-225,5.5,-140,115,112,-134,1.5,-235,6.0,-125,102,115,-135,1.5,-225,6.5,120,-145,,,,,,,,120,-140,1.5,-220,6.0,-112,-108,115,-130,1.5,-225,5.5,-135,117,,,,,,,,115,-130,1.5,-225,5.5,-135,117,110,-130,1.5,-220,5.5,-135,115,113,-134,6.0,12
2026-03-16T22:53:24Z,manual,2026-03-16,2026-03-17T23:30:00Z,c0056bb3deb856d36e5c16024094563a,Chicago Blackhawks,Minnesota Wild,158,-192,1.5,-170,5.5,-134,110,145,-175,1.5,-170,6.5,114,-135,145,-180,1.5,-165,6.0,-110,-110,150,-178,1.5,-165,6.0,-115,-105,163,-200,1.5,-162,6.0,-124,-103,150,-180,1.5,-170,6.5,115,-140,163,-200,1.5,-159,6.0,-122,-103,150,-175,1.5,-160,6.5,120,-145,,,,,,,,153,-177,1.5,-165,6.0,-115,-105,153,-175,1.5,-160,6.0,-110,-106,,,,,,,,153,-175,1.5,-160,6.0,-110,-106,150,-175,1.5,-160,6.0,-110,-110,153,-182,6.0,12
2026-03-16T22:53:24Z,manual,2026-03-16,2026-03-18T00:00:00Z,95d3df5719f8cf3e75b7ac785e4833f8,Winnipeg Jets,Nashville Predators,-138,115,-1.5,176,5.5,-130,106,-135,114,-1.5,180,5.5,-125,105,-135,110,-1.5,180,6.0,100,-120,-135,115,-1.5,180,5.5,-125,105,-132,110,-1.5,185,6.0,-104,-122,-140,115,-1.5,185,5.5,-125,105,-130,110,-1.5,185,6.0,-103,-122,-135,115,-1.5,175,5.5,-130,110,,,,,,,,-135,115,-1.5,190,6.0,100,-120,-133,117,-1.5,186,5.5,-125,109,,,,,,,,-133,117,-1.5,186,5.5,-125,109,-135,115,-1.5,188,5.5,-125,105,-135,114,5.8,12
2026-03-16T22:53:24Z,manual,2026-03-16,2026-03-18T01:00:00Z,4b661c344ab22cd5a70faff8982191a2,Edmonton Oilers,San Jose Sharks,-176,146,-1.5,136,6.5,-138,112,-175,145,-1.5,130,6.5,-135,114,-175,145,-1.5,125,6.5,-140,115,-178,150,-1.5,130,6.5,-135,115,-190,155,-1.5,128,6.5,-141,110,-175,145,-1.5,130,6.5,-140,115,-186,155,-1.5,130,6.5,-139,112,-175,150,-1.5,130,6.5,-135,115,,,,,,,,-177,153,-1.5,135,6.5,-135,115,,,,,,,,,,,,,,,,,,,,,,,,,,,,,-179,149,6.5,9
2026-03-16T22:53:24Z,manual,2026-03-16,2026-03-18T02:00:00Z,86347cbc349f3048f144432388c72927,Vegas Golden Knights,Buffalo Sabres,-128,106,-1.5,194,6.5,-110,-110,-130,110,-1.5,180,6.5,-110,-110,-130,105,-1.5,180,6.5,-110,-110,-130,110,-1.5,180,6.5,-110,-110,-127,104,-1.5,190,6.5,-113,-113,-130,110,-1.5,185,6.5,-110,-110,-125,105,-1.5,190,6.5,-112,-112,-130,110,-1.5,175,6.5,-110,-110,,,,,,,,-133,112,-1.5,185,6.5,-110,-110,-125,110,-1.5,186,6.5,-106,-110,,,,,,,,-125,110,-1.5,186,6.5,-106,-110,-125,105,-1.5,188,6.5,-110,-110,-128,108,6.5,12
2026-03-16T22:53:24Z,manual,2026-03-16,2026-03-18T02:00:00Z,99a0d9c87d9951439455d009358c21f6,Vancouver Canucks,Florida Panthers,122,-146,1.5,-196,5.5,-128,104,120,-142,1.5,-198,5.5,-125,105,120,-145,1.5,-200,6.0,-102,-118,118,-140,1.5,-205,5.5,-125,105,112,-136,1.5,-240,6.0,-108,-117,120,-145,1.5,-200,5.5,-125,105,112,-134,1.5,-235,6.0,-107,-117,120,-140,1.5,-215,5.5,-130,110,,,,,,,,125,-145,1.5,-210,6.0,-103,-117,123,-140,1.5,-200,5.5,-127,111,,,,,,,,123,-140,1.5,-200,5.5,-127,111,120,-140,1.5,-200,5.5,-125,105,120,-141,5.8,12
2026-03-16T22:53:24Z,manual,2026-03-16,2026-03-18T02:00:00Z,b04ac08fd99757e46ef19fd418ef1127,Seattle Kraken,Tampa Bay Lightning,158,-192,1.5,-170,6.5,108,-132,164,-198,1.5,-155,6.5,110,-130,155,-190,1.5,-155,6.0,-115,-105,162,-195,1.5,-155,6.5,105,-125,148,-180,1.5,-177,6.0,-115,-109,160,-190,1.5,-160,6.5,110,-130,148,-180,1.5,-175,6.0,-114,-108,160,-190,1.5,-155,6.5,110,-130,,,,,,,,163,-190,1.5,-150,6.0,-120,100,160,-183,1.5,-150,6.0,-110,-106,,,,,,,,160,-183,1.5,-150,6.0,-110,-106,159,-185,1.5,-150,6.0,-110,-110,158,-188,6.2,12
2026-03-17T22:54:29Z,manual,2026-03-17,2026-03-17T23:10:00Z,31ff36b939589e06055491f1d8aec95a,Montréal Canadiens,Boston Bruins,-164,136,-1.5,152,6.5,100,-122,-155,130,-1.5,154,6.5,-105,-115,-160,135,-1.5,154,6.5,-105,-115,-160,135,-1.5,150,6.5,-105,-115,-167,138,-1.5,150,6.5,-103,-124,-160,130,-1.5,150,6.5,-105,-115,-167,140,-1.5,150,6.5,100,-122,-155,135,-1.5,150,6.5,100,-120,,,,,,,,-163,137,-1.5,158,6.5,-103,-117,-153,135,-1.5,155,6.5,-104,-112,-159,129,-1.5,155,6.5,-104,-117,-153,135,-1.5,155,6.5,-104,-112,-155,134,-1.5,160,6.5,100,-120,-159,135,6.5,13
2026-03-17T22:54:29Z,manual,2026-03-17,2026-03-17T23:10:00Z,67ba228ae7a60bbab128fd6274fe262c,Columbus Blue Jackets,Carolina Hurricanes,104,-125,1.5,-245,6.5,100,-122,100,-120,1.5,-230,6.5,-105,-115,100,-120,1.5,-235,6.5,-105,-115,100,-120,1.5,-220,6.5,-105,-115,107,-130,1.5,-245,6.5,-105,-122,100,-120,1.5,-240,6.5,-105,-115,108,-129,1.5,-240,6.5,-104,-121,105,-125,1.5,-235,6.5,-105,-115,,,,,,,,102,-122,1.5,-230,6.5,-105,-115,102,-116,1.5,-230,6.5,-103,-113,101,-123,1.5,-246,6.5,-106,-115,102,-116,1.5,-230,6.5,-103,-113,100,-120,1.5,-235,6.5,-105,-115,102,-122,6.5,13
2026-03-17T22:54:29Z,manual,2026-03-17,2026-03-17T23:10:00Z,ac2572c449fcdbfd787a79d60b69e7ee,Toronto Maple Leafs,New York Islanders,132,-160,1.5,-196,5.5,-138,112,136,-162,1.5,-198,6.5,110,-130,125,-150,1.5,-200,6.0,-110,-110,135,-160,1.5,-195,6.0,-115,-105,118,-143,1.5,-225,6.0,-117,-109,130,-160,1.5,-200,6.5,110,-130,120,-141,1.5,-220,6.0,-115,-108,135,-155,1.5,-190,5.5,-135,115,,,,,,,,135,-160,1.5,-200,6.0,-112,-108,136,-155,1.5,-193,6.0,-118,102,128,-157,1.5,-199,6.0,-114,-107,136,-155,1.5,-193,6.0,-118,102,134,-155,1.5,-200,6.0,-110,-110,131,-155,6.0,13
2026-03-17T22:54:29Z,manual,2026-03-17,2026-03-17T23:40:00Z,c0056bb3deb856d36e5c16024094563a,Chicago Blackhawks,Minnesota Wild,146,-178,1.5,-180,5.5,-130,106,150,-180,1.5,-170,5.5,-130,110,145,-175,1.5,-170,6.0,-105,-115,158,-190,1.5,-155,6.0,-105,-115,150,-186,1.5,-167,6.0,-105,-122,145,-175,1.5,-170,5.5,-130,110,150,-182,1.5,-167,6.0,-104,-121,160,-185,1.5,-160,5.5,-130,110,,,,,,,,155,-180,1.5,-165,6.0,-103,-117,150,-171,1.5,-163,6.0,100,-116,145,-179,1.5,-173,6.0,-104,-117,150,-171,1.5,-163,6.0,100,-116,150,-175,1.5,-165,6.0,-105,-115,150,-179,5.8,13
2026-03-17T22:54:29Z,manual,2026-03-17,2026-03-18T00:10:00Z,95d3df5719f8cf3e75b7ac785e4833f8,Winnipeg Jets,Nashville Predators,-130,108,-1.5,180,5.5,-122,100,-130,110,-1.5,190,5.5,-125,105,-130,110,-1.5,190,6.0,100,-120,-130,110,-1.5,180,5.5,-125,105,-137,114,-1.5,180,5.5,-127,100,-130,110,-1.5,185,5.5,-125,105,-136,114,-1.5,180,5.5,-125,100,-130,110,-1.5,180,5.5,-125,105,,,,,,,,-130,110,-1.5,185,5.5,-122,102,-128,113,-1.5,185,5.5,-125,109,-132,108,-1.5,182,6.0,101,-123,-128,113,-1.5,185,5.5,-125,109,-130,110,-1.5,188,5.5,-125,105,-131,111,5.8,13
2026-03-17T22:54:29Z,manual,2026-03-17,2026-03-18T01:10:00Z,4b661c344ab22cd5a70faff8982191a2,Edmonton Oilers,San Jose Sharks,-164,136,-1.5,142,6.5,-154,126,-166,140,-1.5,136,6.5,-148,124,-165,140,-1.5,135,7.0,100,-120,-160,135,-1.5,143,7.0,100,-120,-177,145,-1.5,138,7.0,104,-132,-170,140,-1.5,130,6.5,-145,120,-175,145,-1.5,138,7.0,105,-130,-165,140,-1.5,135,6.5,-155,125,,,,,,,,-168,142,-1.5,140,7.0,107,-128,-164,144,-1.5,140,7.0,112,-128,-169,137,-1.5,137,7.0,106,-130,-164,144,-1.5,140,7.0,112,-128,-165,142,-1.5,144,7.0,110,-130,-167,141,6.8,13
2026-03-17T22:54:29Z,manual,2026-03-17,2026-03-18T02:10:00Z,86347cbc349f3048f144432388c72927,Vegas Golden Knights,Buffalo Sabres,-132,110,-1.5,180,6.5,-110,-110,-135,114,-1.5,180,6.5,-110,-110,-130,110,-1.5,185,6.5,-110,-110,-135,115,-1.5,180,6.5,-115,-105,-127,104,-1.5,190,6.5,-113,-113,-130,110,-1.5,185,6.5,-110,-110,-125,105,-1.5,190,6.5,-112,-112,-135,115,-1.5,170,6.5,-115,-105,,,,,,,,-133,112,-1.5,180,6.5,-117,-103,-130,115,-1.5,182,6.5,-109,-107,-135,110,-1.5,180,6.5,-107,-114,-130,115,-1.5,182,6.5,-109,-107,-130,110,-1.5,184,6.5,-110,-110,-131,111,6.5,13
2026-03-17T22:54:29Z,manual,2026-03-17,2026-03-18T02:10:00Z,99a0d9c87d9951439455d009358c21f6,Vancouver Canucks,Florida Panthers,130,-156,1.5,-188,6.5,106,-130,130,-155,1.5,-198,6.5,110,-130,130,-155,1.5,-190,6.0,-110,-110,135,-160,1.5,-178,6.0,-120,100,138,-167,1.5,-195,6.0,-125,100,125,-150,1.5,-190,6.5,110,-130,138,-165,1.5,-190,6.0,-124,100,130,-150,1.5,-190,6.5,115,-135,,,,,,,,137,-163,1.5,-190,6.0,-117,-103,130,-148,1.5,-195,6.0,-110,-106,130,-160,1.5,-199,6.0,-113,-108,130,-148,1.5,-195,6.0,-110,-106,134,-155,1.5,-190,6.0,-115,-105,132,-156,6.2,13
2026-03-17T22:54:29Z,manual,2026-03-17,2026-03-18T02:10:00Z,b04ac08fd99757e46ef19fd418ef1127,Seattle Kraken,Tampa Bay Lightning,158,-192,1.5,-164,6.5,104,-128,154,-185,1.5,-155,6.5,105,-125,150,-185,1.5,-155,6.0,-120,100,162,-195,1.5,-150,6.0,-120,100,165,-205,1.5,-159,6.0,-115,-109,160,-190,1.5,-160,6.5,105,-125,165,-200,1.5,-157,6.0,-114,-108,160,-190,1.5,-155,6.5,110,-130,,,,,,,,160,-185,1.5,-160,6.0,-120,100,158,-180,1.5,-155,6.0,-123,107,155,-192,1.5,-157,6.0,-121,-101,158,-180,1.5,-155,6.0,-123,107,155,-180,1.5,-155,6.0,-120,100,158,-189,6.2,13
2026-03-17T22:54:29Z,manual,2026-03-17,2026-03-18T23:00:00Z,ec0dcf609ea452b05d902d76b892c658,Carolina Hurricanes,Pittsburgh Penguins,-170,140,-1.5,148,6.5,100,-122,-170,142,-1.5,142,6.5,105,-125,-170,140,-1.5,140,6.0,-120,100,-170,143,-1.5,143,6.5,105,-125,-195,160,-1.5,130,6.0,-122,-105,-170,140,-1.5,145,6.5,105,-125,-195,160,-1.5,130,6.0,-121,-104,-165,140,-1.5,145,6.5,100,-120,,,,,,,,-170,145,-1.5,145,6.5,105,-125,,,,,,,,,,,,,,,,,,,,,,,,,,,,,-175,146,6.2,9
2026-03-17T22:54:29Z,manual,2026-03-17,2026-03-18T23:00:00Z,c781e17c9b7e43ff86ca0cdcda2fd20c,New York Rangers,New Jersey Devils,-104,-115,1.5,-250,6.5,112,-140,-105,-115,1.5,-278,5.5,-135,114,-105,-115,-1.5,220,6.0,-110,-110,-105,-115,1.5,-278,5.5,-135,115,-104,-118,1.5,-275,6.0,-105,-122,-110,-110,1.5,-260,5.5,-140,115,-103,-117,1.5,-265,6.0,-104,-121,-105,-115,1.5,-275,5.5,-135,115,,,,,,,,-103,-117,1.5,-275,6.0,-105,-115,-103,-111,1.5,-275,6.0,-103,-113,,,,,,,,-103,-111,1.5,-275,6.0,-103,-113,,,,,,,,-105,-114,6.0,11
2026-03-17T22:54:29Z,manual,2026-03-17,2026-03-18T23:30:00Z,069a610fbb90adb38785efe8ea88a213,Washington Capitals,Ottawa Senators,100,-118,1.5,-260,6.5,-102,-120,-105,-115,1.5,-265,6.5,-105,-115,-105,-115,-1.5,220,6.0,-130,105,-105,-115,1.5,-267,6.5,-105,-115,-108,-113,1.5,-278,6.5,-106,-121,-110,-110,1.5,-260,6.5,-105,-115,-107,-112,1.5,-278,6.5,-105,-120,-105,-115,1.5,-275,6.5,100,-120,,,,,,,,-105,-115,1.5,-270,6.5,100,-120,-102,-112,1.5,-265,6.5,104,-120,,,,,,,,-102,-112,1.5,-265,6.5,104,-120,,,,,,,,-87,-114,6.2,11
2026-03-17T22:54:29Z,manual,2026-03-17,2026-03-19T01:30:00Z,3823357462fd967d18f73586a4703358,Calgary Flames,St Louis Blues,104,-125,1.5,-245,5.5,-112,-108,-105,-115,1.5,-265,5.5,-115,-105,100,-120,1.5,-250,5.5,-115,-105,-105,-115,1.5,-267,5.5,-115,-105,-104,-117,1.5,-275,5.5,-120,-107,100,-120,1.5,-260,5.5,-115,-105,-103,-115,1.5,-265,5.5,-118,-106,100,-120,1.5,-265,5.5,-115,-105,,,,,,,,105,-125,1.5,-260,5.5,-115,-105,106,-120,1.5,-260,5.5,-115,-101,,,,,,,,106,-120,1.5,-260,5.5,-115,-101,,,,,,,,28,-119,5.5,11
2026-03-17T22:54:29Z,manual,2026-03-17,2026-03-19T01:30:00Z,cc0a178e1b67dd05da493c110f6a086a,Colorado Avalanche,Dallas Stars,-154,128,-1.5,154,5.5,-142,116,-155,130,-1.5,170,6.5,114,-135,-150,125,-1.5,155,6.0,-110,-110,-155,130,-1.5,170,6.5,115,-135,-167,138,-1.5,145,6.0,-125,100,-150,125,-1.5,165,6.5,105,-125,-165,138,-1.5,148,6.0,-124,100,-145,125,-1.5,165,6.5,110,-130,,,,,,,,-150,130,-1.5,165,6.0,-120,100,-145,128,-1.5,174,6.0,-120,104,,,,,,,,-145,128,-1.5,174,6.0,-120,104,,,,,,,,-153,130,6.0,11
2026-03-17T22:54:29Z,manual,2026-03-17,2026-03-19T02:00:00Z,aa034f3d5a318a5142817618dc54cbfa,Anaheim Ducks,Philadelphia Flyers,-156,130,-1.5,158,6.5,104,-128,-155,130,-1.5,170,6.5,100,-120,-155,125,-1.5,154,6.0,-125,105,-155,130,-1.5,170,6.5,100,-120,-155,128,-1.5,160,6.5,100,-127,-150,125,-1.5,165,6.5,100,-120,-152,128,-1.5,163,6.5,100,-125,-145,125,-1.5,160,6.5,105,-125,,,,,,,,-155,133,-1.5,160,6.5,100,-120,-148,130,-1.5,170,6.5,102,-118,,,,,,,,-148,130,-1.5,170,6.5,102,-118,,,,,,,,-152,129,6.2,11
2026-03-18T22:02:29Z,manual,2026-03-18,2026-03-18T23:09:00Z,c781e17c9b7e43ff86ca0cdcda2fd20c,New York Rangers,New Jersey Devils,102,-122,1.5,-250,6.5,102,-124,102,-122,1.5,-245,6.5,110,-130,100,-120,1.5,-235,6.0,-120,100,110,-130,1.5,-235,6.0,-120,100,-103,-120,1.5,-265,6.0,-118,-108,100,-120,1.5,-250,6.5,105,-125,100,-118,1.5,-265,6.0,-117,-107,100,-120,1.5,-250,6.5,105,-125,,,,,,,,102,-122,1.5,-260,6.0,-122,102,105,-119,1.5,-250,6.0,-120,104,100,-122,1.5,-246,6.0,-117,-105,105,-119,1.5,-250,6.0,-120,104,100,-120,1.5,-250,6.0,-120,100,86,-121,6.2,13
2026-03-18T22:02:29Z,manual,2026-03-18,2026-03-18T23:10:00Z,ec0dcf609ea452b05d902d76b892c658,Carolina Hurricanes,Pittsburgh Penguins,-142,118,-1.5,154,6.5,-110,-110,-142,120,-1.5,160,6.5,-108,-112,-145,120,-1.5,165,6.5,-110,-110,-140,118,-1.5,158,6.5,-115,-105,-152,125,-1.5,160,6.5,-107,-120,-145,120,-1.5,160,6.5,-110,-110,-150,125,-1.5,160,6.5,-106,-118,-140,120,-1.5,165,6.5,-110,-110,,,,,,,,-142,122,-1.5,168,6.5,-112,-108,-140,123,-1.5,165,6.5,-108,-108,-146,119,-1.5,160,6.5,-109,-112,-140,123,-1.5,165,6.5,-108,-108,-145,125,-1.5,164,6.5,-110,-110,-144,121,6.5,13
2026-03-18T22:02:29Z,manual,2026-03-18,2026-03-18T23:40:00Z,069a610fbb90adb38785efe8ea88a213,Washington Capitals,Ottawa Senators,112,-134,1.5,-235,5.5,-140,112,114,-135,1.5,-225,6.5,114,-135,115,-135,1.5,-235,6.0,-110,-110,118,-140,1.5,-210,6.0,-110,-110,116,-141,1.5,-230,6.0,-113,-113,110,-130,1.5,-225,6.5,110,-130,117,-139,1.5,-225,6.0,-112,-112,115,-135,1.5,-215,6.5,115,-135,,,,,,,,115,-135,1.5,-235,6.0,-115,-105,114,-129,1.5,-225,6.0,-115,-101,110,-134,1.5,-229,6.0,-113,-108,114,-129,1.5,-225,6.0,-115,-101,106,-126,1.5,-225,6.0,-115,-105,114,-134,6.0,13
2026-03-18T22:02:29Z,manual,2026-03-18,2026-03-19T01:40:00Z,3823357462fd967d18f73586a4703358,Calgary Flames,St Louis Blues,108,-130,1.5,-245,5.5,-118,-104,110,-130,1.5,-238,5.5,-115,-105,105,-125,1.5,-235,5.5,-115,-105,110,-130,1.5,-235,5.5,-120,100,104,-125,1.5,-250,5.5,-122,-104,105,-125,1.5,-240,5.5,-115,-105,104,-124,1.5,-250,5.5,-121,-103,110,-130,1.5,-235,5.5,-115,-105,,,,,,,,107,-128,1.5,-250,5.5,-117,-103,108,-122,1.5,-240,5.5,-115,-101,103,-126,1.5,-236,5.5,-115,-106,108,-122,1.5,-240,5.5,-115,-101,100,-120,1.5,-240,5.5,-120,100,106,-126,5.5,13
2026-03-18T22:02:29Z,manual,2026-03-18,2026-03-19T01:40:00Z,cc0a178e1b67dd05da493c110f6a086a,Colorado Avalanche,Dallas Stars,-146,122,-1.5,168,6.5,104,-128,-148,124,-1.5,164,6.5,105,-125,-145,120,-1.5,165,6.0,-120,100,-145,122,-1.5,158,6.0,-130,110,-157,130,-1.5,155,6.5,-105,-122,-145,120,-1.5,165,6.5,105,-125,-155,130,-1.5,155,6.5,-104,-121,-145,125,-1.5,165,6.5,105,-125,,,,,,,,-145,125,-1.5,170,6.5,100,-120,-141,124,-1.5,170,6.0,-120,104,-146,119,-1.5,170,6.0,-121,-101,-141,124,-1.5,170,6.0,-120,104,-145,125,-1.5,168,6.0,-125,105,-146,124,6.2,13
2026-03-18T22:02:29Z,manual,2026-03-18,2026-03-19T02:10:00Z,aa034f3d5a318a5142817618dc54cbfa,Anaheim Ducks,Philadelphia Flyers,-154,128,-1.5,154,6.5,-105,-115,-155,130,-1.5,164,6.5,-105,-115,-150,125,-1.5,165,6.5,-105,-115,-160,135,-1.5,152,6.5,-105,-115,-167,138,-1.5,150,6.0,-127,100,-150,125,-1.5,160,6.5,-105,-115,-167,140,-1.5,150,6.0,-125,100,-150,130,-1.5,160,6.5,100,-120,,,,,,,,-160,135,-1.5,163,6.5,102,-122,-148,130,-1.5,165,6.5,-101,-115,-148,121,-1.5,159,6.5,100,-122,-148,130,-1.5,165,6.5,-101,-115,-150,129,-1.5,172,6.5,100,-120,-154,130,6.2,13
2026-03-18T22:02:29Z,manual,2026-03-18,2026-03-19T23:10:00Z,0373028254e45b674f987e50a4bbb233,Boston Bruins,Winnipeg Jets,-142,118,-1.5,172,5.5,-132,108,-148,124,-1.5,160,5.5,-135,114,-145,120,-1.5,170,6.0,-110,-110,-145,122,-1.5,162,5.5,-135,115,-157,130,-1.5,155,6.0,-105,-122,-145,120,-1.5,175,5.5,-130,110,-155,130,-1.5,155,6.0,-104,-121,-140,120,-1.5,175,5.5,-135,115,,,,,,,,-140,120,-1.5,178,6.0,-105,-115,-137,121,-1.5,183,6.0,-104,-112,,,,,,,,-137,121,-1.5,183,6.0,-104,-112,-135,115,-1.5,184,6.0,-110,-110,-144,122,5.8,12
2026-03-18T22:02:29Z,manual,2026-03-18,2026-03-19T23:10:00Z,1571037e949c7a62c6aa0f3c594a698f,Columbus Blue Jackets,New York Rangers,-225,184,-1.5,116,6.5,116,-142,-218,180,-1.5,120,6.5,114,-135,-220,180,-1.5,110,6.0,-115,-105,-220,180,-1.5,118,6.5,115,-135,-235,185,-1.5,112,6.0,-129,100,-225,185,-1.5,115,6.5,115,-140,-230,188,-1.5,112,6.0,-127,102,,,,,,,,,,,,,,,-220,180,-1.5,120,6.5,115,-135,,,,,,,,,,,,,,,,,,,,,,,,,,,,,-224,183,6.2,8
2026-03-18T22:02:29Z,manual,2026-03-18,2026-03-19T23:10:00Z,259601128581caaa207c95135c0aff7e,Detroit Red Wings,Montréal Canadiens,-110,-110,1.5,-240,6.5,114,-140,-110,-110,-1.5,215,6.5,114,-135,-110,-110,-1.5,220,6.0,-115,-105,-110,-110,-1.5,210,6.0,-115,-105,-113,-108,-1.5,215,6.0,-127,100,-110,-110,1.5,-275,6.5,115,-140,-112,-107,-1.5,215,6.0,-125,100,-110,-110,-1.5,210,6.5,115,-135,,,,,,,,-110,-110,-1.5,225,6.0,-115,-105,-105,-109,-1.5,226,6.0,-114,-102,,,,,,,,-105,-109,-1.5,226,6.0,-114,-102,-110,-110,-1.5,232,6.0,-115,-105,-110,-109,6.2,12
2026-03-18T22:02:29Z,manual,2026-03-18,2026-03-19T23:10:00Z,c2d8bd5835815f4107370b4ba9ee1636,Ottawa Senators,New York Islanders,-144,120,-1.5,168,5.5,-138,112,-142,120,-1.5,170,5.5,-130,110,-145,120,-1.5,165,6.0,-105,-115,-145,122,-1.5,175,5.5,-130,110,-141,116,-1.5,175,6.0,-105,-122,-145,120,-1.5,175,5.5,-130,110,-139,117,-1.5,175,6.0,-104,-121,,,,,,,,,,,,,,,-140,120,-1.5,173,5.5,-130,110,,,,,,,,,,,,,,,,,,,,,,,,,,,,,-143,119,5.8,8
2026-03-18T22:02:29Z,manual,2026-03-18,2026-03-19T23:40:00Z,c61de5d8abe10744c5fb337ec50dea3c,Minnesota Wild,Chicago Blackhawks,-255,205,-1.5,104,6.5,114,-140,-250,205,-1.5,105,6.5,114,-135,-250,200,-1.5,-102,6.0,-115,-105,-250,205,-1.5,105,6.5,115,-135,-250,205,-1.5,100,6.0,-121,-106,-250,200,-1.5,105,6.5,110,-130,-250,205,-1.5,102,6.0,-120,-105,-250,210,-1.5,100,6.5,115,-135,,,,,,,,-245,205,-1.5,105,6.0,-117,-103,-240,208,-1.5,105,6.0,-115,-101,,,,,,,,-240,208,-1.5,105,6.0,-115,-101,-240,203,-1.5,105,6.0,-115,-105,-248,205,6.2,12
2026-03-18T22:02:29Z,manual,2026-03-18,2026-03-20T00:10:00Z,b6caa925af28045747ada8a612592aea,Nashville Predators,Seattle Kraken,-137,114,-1.5,172,5.5,-130,106,-135,114,-1.5,180,5.5,-130,110,-135,110,-1.5,170,6.0,-110,-110,-135,115,-1.5,180,5.5,-135,115,-129,106,-1.5,188,6.0,-112,-114,-140,115,-1.5,185,5.5,-130,110,-127,107,-1.5,188,6.0,-110,-113,-135,115,-1.5,180,5.5,-130,110,,,,,,,,-135,115,-1.5,190,6.0,-105,-115,-132,116,-1.5,192,6.0,-103,-113,,,,,,,,-132,116,-1.5,192,6.0,-103,-113,-130,110,-1.5,196,6.0,-105,-115,-134,113,5.8,12
2026-03-18T22:02:29Z,manual,2026-03-18,2026-03-20T01:10:00Z,f81404632adecc70648182abc130750a,Edmonton Oilers,Florida Panthers,-146,122,-1.5,160,6.5,-115,-105,-148,124,-1.5,164,6.5,-115,-105,-155,125,-1.5,155,6.5,-115,-105,-150,126,-1.5,152,6.5,-115,-105,-165,135,-1.5,148,6.5,-104,-122,-150,125,-1.5,165,6.5,-115,-105,-162,135,-1.5,150,6.5,-103,-122,-145,125,-1.5,160,6.5,-115,-105,,,,,,,,-145,125,-1.5,170,6.5,-117,-103,-148,130,-1.5,177,6.5,-115,-101,,,,,,,,-148,130,-1.5,177,6.5,-115,-101,-150,129,-1.5,176,6.5,-115,-105,-151,128,6.5,12
2026-03-18T22:02:29Z,manual,2026-03-18,2026-03-20T02:00:00Z,e55d0f25aa1221df5be1126478ac58c7,San Jose Sharks,Buffalo Sabres,122,-146,1.5,-205,6.5,-128,104,120,-142,1.5,-205,6.5,-122,102,120,-145,1.5,-190,6.5,-130,105,122,-145,1.5,-195,6.5,-120,100,132,-162,1.5,-195,6.5,-129,100,120,-145,1.5,-200,6.5,-125,105,133,-159,1.5,-195,6.5,-127,102,120,-140,1.5,-200,6.5,-130,110,,,,,,,,122,-142,1.5,-200,6.5,-130,110,124,-141,1.5,-205,6.5,-125,109,,,,,,,,124,-141,1.5,-205,6.5,-125,109,120,-140,1.5,-205,6.5,-125,105,123,-146,6.5,12
2026-03-18T22:02:29Z,manual,2026-03-18,2026-03-20T02:00:00Z,eb0b43faa851ab35eb85a7822801e644,Vancouver Canucks,Tampa Bay Lightning,225,-280,1.5,-114,6.5,108,-132,225,-278,1.5,-102,6.5,120,-142,230,-295,1.5,-102,6.0,-110,-110,228,-285,1.5,100,6.5,118,-140,235,-295,1.5,-114,6.0,-117,-109,230,-285,1.5,-105,6.5,115,-140,235,-286,1.5,-113,6.0,-115,-108,240,-290,1.5,100,6.5,110,-130,,,,,,,,250,-300,1.5,-103,6.0,-120,100,249,-291,1.5,-102,6.0,-115,-101,,,,,,,,249,-291,1.5,-102,6.0,-115,-101,240,-290,1.5,100,6.0,-115,-105,236,-289,6.2,12
2026-03-18T22:02:29Z,manual,2026-03-18,2026-03-20T02:00:00Z,5aaf98eb2e787ab8f4a7b4878804631a,Vegas Golden Knights,Utah Mammoth,-137,114,-1.5,180,6.5,116,-142,-135,114,-1.5,180,5.5,-135,114,-135,110,-1.5,180,6.0,-115,-105,-135,115,-1.5,170,6.5,115,-135,-139,115,-1.5,175,6.0,-117,-109,-140,115,-1.5,185,5.5,-140,115,-137,116,-1.5,175,6.0,-115,-108,-135,115,-1.5,175,6.5,115,-135,,,,,,,,-135,115,-1.5,185,6.0,-112,-108,-129,114,-1.5,189,6.0,-108,-108,,,,,,,,-129,114,-1.5,189,6.0,-108,-108,-130,110,-1.5,192,6.0,-110,-110,-135,114,6.0,12
2026-03-18T22:02:29Z,manual,2026-03-18,2026-03-20T02:40:00Z,45686e62dbc445766dbde5cb892c7b6a,Los Angeles Kings,Philadelphia Flyers,-170,140,-1.5,144,5.5,-128,104,-162,136,-1.5,160,5.5,-135,114,-160,135,-1.5,150,6.0,-105,-115,-165,140,-1.5,158,5.5,-135,115,-159,130,-1.5,155,6.0,-103,-124,-170,140,-1.5,150,5.5,-130,110,-157,132,-1.5,160,6.0,100,-122,,,,,,,,,,,,,,,-160,135,-1.5,163,5.5,-135,115,,,,,,,,,,,,,,,,,,,,,,,,,,,,,-163,136,5.8,8
2026-03-19T21:59:02Z,evening,2026-03-19,2026-03-19T23:10:00Z,0373028254e45b674f987e50a4bbb233,Boston Bruins,Winnipeg Jets,-142,118,-1.5,164,5.5,-134,110,-142,120,-1.5,180,5.5,-130,110,-140,118,-1.5,180,6.0,-105,-115,-140,118,-1.5,180,6.0,-105,-115,-150,123,-1.5,160,6.0,-103,-124,-145,120,-1.5,175,5.5,-130,110,-148,125,-1.5,160,6.0,100,-122,-140,120,-1.5,175,5.5,-135,115,,,,,,,,-142,122,-1.5,175,6.0,-110,-110,-141,124,-1.5,183,6.0,-104,-112,-142,116,-1.5,175,6.0,-103,-119,-141,124,-1.5,183,6.0,-104,-112,-140,120,-1.5,184,6.0,-105,-115,-143,121,5.8,13
2026-03-19T21:59:02Z,evening,2026-03-19,2026-03-19T23:10:00Z,1571037e949c7a62c6aa0f3c594a698f,Columbus Blue Jackets,New York Rangers,-225,184,-1.5,114,6.5,110,-134,-218,180,-1.5,114,6.5,114,-135,-220,180,-1.5,110,6.0,-115,-105,-235,192,-1.5,115,6.0,-115,-105,-215,175,-1.5,120,6.0,-129,100,-225,185,-1.5,115,6.5,110,-130,-210,175,-1.5,120,6.0,-127,102,-215,180,-1.5,115,5.5,-130,110,,,,,,,,-220,180,-1.5,117,6.0,-117,-103,-215,187,-1.5,120,6.0,-114,-102,-222,178,-1.5,115,6.0,-114,-107,-215,187,-1.5,120,6.0,-114,-102,-215,183,-1.5,115,6.0,-115,-105,-219,182,6.0,13
2026-03-19T21:59:02Z,evening,2026-03-19,2026-03-19T23:10:00Z,259601128581caaa207c95135c0aff7e,Detroit Red Wings,Montréal Canadiens,-105,-114,1.5,-260,6.5,110,-134,-105,-115,1.5,-270,6.5,110,-130,-105,-115,1.5,-250,6.0,-120,100,100,-120,1.5,-267,6.0,-125,105,-110,-110,1.5,-286,6.0,-127,100,-110,-110,1.5,-275,6.5,110,-130,-109,-109,1.5,-278,6.0,-125,102,-105,-115,1.5,-260,6.5,105,-125,,,,,,,,102,-122,1.5,-250,6.5,-105,-115,-102,-112,1.5,-270,6.0,-115,-101,-106,-115,1.5,-272,6.0,-118,-104,-102,-112,1.5,-270,6.0,-115,-101,-105,-115,1.5,-270,6.0,-120,100,-74,-114,6.2,13
2026-03-19T21:59:02Z,evening,2026-03-19,2026-03-19T23:10:00Z,c2d8bd5835815f4107370b4ba9ee1636,Ottawa Senators,New York Islanders,-134,112,-1.5,186,5.5,-142,116,-125,105,-1.5,190,5.5,-130,110,-125,105,-1.5,195,6.0,-105,-115,-125,105,-1.5,192,6.0,-105,-115,-136,112,-1.5,180,6.0,-105,-122,-125,105,-1.5,185,5.5,-130,110,-134,112,-1.5,180,6.0,-104,-121,-130,110,-1.5,190,5.5,-135,115,,,,,,,,-128,107,-1.5,190,6.0,-105,-115,-120,106,-1.5,189,6.0,102,-118,-131,107,-1.5,183,6.0,-105,-117,-120,106,-1.5,189,6.0,102,-118,-130,110,-1.5,192,6.0,100,-120,-128,108,5.8,13
2026-03-19T21:59:02Z,evening,2026-03-19,2026-03-19T23:40:00Z,c61de5d8abe10744c5fb337ec50dea3c,Minnesota Wild,Chicago Blackhawks,-210,172,-1.5,118,6.5,104,-128,-225,185,-1.5,114,6.5,114,-135,-225,185,-1.5,110,6.0,-115,-105,-220,180,-1.5,115,6.0,-115,-105,-240,190,-1.5,104,6.0,-121,-106,-210,175,-1.5,115,6.5,110,-130,-235,190,-1.5,104,6.0,-120,-105,-215,180,-1.5,115,6.5,115,-135,,,,,,,,-225,185,-1.5,107,6.0,-115,-105,-200,175,-1.5,113,6.0,-114,-102,-216,172,-1.5,118,6.0,-116,-106,-200,175,-1.5,113,6.0,-114,-102,-210,180,-1.5,115,6.0,-115,-105,-218,180,6.2,13
2026-03-19T21:59:02Z,evening,2026-03-19,2026-03-20T00:10:00Z,b6caa925af28045747ada8a612592aea,Nashville Predators,Seattle Kraken,-140,116,-1.5,176,5.5,-134,110,-135,114,-1.5,190,5.5,-135,114,-135,115,-1.5,190,6.0,-110,-110,-135,115,-1.5,185,6.0,-110,-110,-141,116,-1.5,170,6.0,-110,-114,-140,115,-1.5,185,5.5,-140,115,-139,117,-1.5,170,6.0,-110,-113,-135,115,-1.5,180,5.5,-135,115,,,,,,,,-133,112,-1.5,185,6.0,-112,-108,-134,118,-1.5,187,6.0,-112,-104,-139,113,-1.5,177,6.0,-110,-112,-134,118,-1.5,187,6.0,-112,-104,-130,110,-1.5,196,6.0,-110,-110,-136,115,5.8,13
2026-03-19T21:59:02Z,evening,2026-03-19,2026-03-20T01:10:00Z,f81404632adecc70648182abc130750a,Edmonton Oilers,Florida Panthers,-152,126,-1.5,156,6.5,-128,104,-162,136,-1.5,154,6.5,-120,100,-160,135,-1.5,145,6.5,-120,100,-160,135,-1.5,150,6.5,-130,110,-165,135,-1.5,148,6.5,-122,-104,-160,130,-1.5,160,6.5,-120,100,-162,135,-1.5,150,6.5,-122,-103,-155,135,-1.5,150,6.5,-120,100,,,,,,,,-160,135,-1.5,153,6.5,-125,105,-155,136,-1.5,161,6.5,-121,105,-160,130,-1.5,151,6.5,-123,101,-155,136,-1.5,161,6.5,-121,105,-155,134,-1.5,160,6.5,-120,100,-159,134,6.5,13
2026-03-19T21:59:02Z,evening,2026-03-19,2026-03-20T02:10:00Z,e55d0f25aa1221df5be1126478ac58c7,San Jose Sharks,Buffalo Sabres,122,-146,1.5,-196,6.5,-138,112,120,-142,1.5,-198,6.5,-135,114,115,-140,1.5,-200,6.5,-140,118,118,-140,1.5,-205,6.5,-140,118,128,-157,1.5,-200,6.5,-129,100,120,-145,1.5,-190,6.5,-140,115,130,-155,1.5,-195,6.5,-127,102,120,-140,1.5,-200,6.5,-135,115,,,,,,,,122,-142,1.5,-198,6.5,-133,112,125,-142,1.5,-188,6.5,-130,113,119,-145,1.5,-204,6.5,-136,111,125,-142,1.5,-188,6.5,-130,113,120,-140,1.5,-200,6.5,-135,115,122,-144,6.5,13
2026-03-19T21:59:02Z,evening,2026-03-19,2026-03-20T02:10:00Z,eb0b43faa851ab35eb85a7822801e644,Vancouver Canucks,Tampa Bay Lightning,250,-315,1.5,102,6.5,100,-122,245,-305,1.5,-102,6.5,100,-120,260,-325,1.5,100,6.5,100,-120,250,-320,1.5,105,6.0,-130,110,250,-315,1.5,-107,6.5,100,-125,250,-325,1.5,100,6.5,100,-120,250,-315,1.5,-107,6.5,100,-125,250,-300,1.5,100,6.5,100,-120,,,,,,,,255,-310,1.5,110,6.5,-105,-115,248,-290,1.5,-101,6.0,-130,113,232,-300,1.5,-101,6.5,100,-122,248,-290,1.5,-101,6.0,-130,113,250,-300,1.5,100,6.5,100,-120,249,-308,6.2,13
2026-03-19T21:59:02Z,evening,2026-03-19,2026-03-20T02:10:00Z,5aaf98eb2e787ab8f4a7b4878804631a,Vegas Golden Knights,Utah Mammoth,-138,115,-1.5,180,6.5,112,-138,-130,110,-1.5,190,5.5,-135,114,-130,110,-1.5,190,6.0,-105,-115,-135,115,-1.5,185,6.0,-105,-115,-139,115,-1.5,175,6.0,-117,-109,-140,115,-1.5,185,5.5,-140,115,-137,116,-1.5,175,6.0,-115,-108,-135,115,-1.5,180,6.5,110,-130,,,,,,,,-130,110,-1.5,180,6.0,-112,-108,-133,117,-1.5,185,6.0,-106,-110,-132,108,-1.5,182,6.0,-106,-115,-133,117,-1.5,185,6.0,-106,-110,-135,115,-1.5,184,6.0,-110,-110,-134,114,6.0,13
2026-03-19T21:59:02Z,evening,2026-03-19,2026-03-20T02:40:00Z,45686e62dbc445766dbde5cb892c7b6a,Los Angeles Kings,Philadelphia Flyers,-176,146,-1.5,142,5.5,-132,108,-180,150,-1.5,154,5.5,-130,110,-175,145,-1.5,145,6.0,-105,-115,-178,150,-1.5,150,6.0,-105,-115,-182,148,-1.5,138,6.0,-103,-125,-175,145,-1.5,145,5.5,-130,110,-180,150,-1.5,140,6.0,100,-124,-170,145,-1.5,145,5.5,-130,110,,,,,,,,-175,150,-1.5,145,6.0,-103,-117,-172,151,-1.5,149,6.0,103,-119,-172,140,-1.5,147,6.0,-102,-120,-172,151,-1.5,149,6.0,103,-119,-170,146,-1.5,148,6.0,100,-120,-175,147,5.8,13
2026-03-19T21:59:02Z,evening,2026-03-19,2026-03-20T23:10:00Z,31cc31337a26721b24ec72ecd2a5cfbe,Toronto Maple Leafs,Carolina Hurricanes,180,-220,1.5,-142,6.5,112,-138,180,-218,1.5,-142,6.5,110,-130,180,-220,1.5,-135,6.0,-115,-105,175,-210,1.5,-140,6.5,110,-130,163,-200,1.5,-162,6.5,-107,-120,175,-210,1.5,-140,6.5,110,-130,165,-200,1.5,-159,6.5,-106,-118,,,,,,,,,,,,,,,175,-210,1.5,-142,6.0,-120,100,183,-210,,,6.5,111,-127,,,,,,,,183,-210,,,6.5,111,-127,180,-210,,,6.5,105,-125,176,-211,6.2,11
2026-03-19T21:59:02Z,evening,2026-03-19,2026-03-20T23:10:00Z,87e89790382d13be36a66890c0ce3d98,Washington Capitals,New Jersey Devils,-130,108,-1.5,184,5.5,-128,104,-130,110,-1.5,185,5.5,-122,102,-135,110,-1.5,180,5.5,-125,105,-130,110,-1.5,185,5.5,-125,105,-134,110,-1.5,180,6.0,-108,-117,-130,110,-1.5,185,5.5,-125,105,-132,112,-1.5,185,6.0,-107,-115,,,,,,,,,,,,,,,-133,112,-1.5,195,6.0,-103,-117,-128,113,,,5.5,-125,109,,,,,,,,-128,113,,,5.5,-125,109,-130,110,,,5.5,-125,105,-131,111,5.8,11
2026-03-19T21:59:02Z,evening,2026-03-19,2026-03-21T00:40:00Z,129c7b8c4051b81df1abd653dabc2685,Chicago Blackhawks,Colorado Avalanche,245,-310,1.5,-105,6.5,-102,-120,210,-258,1.5,-110,6.5,-105,-115,200,-250,1.5,-118,6.5,-105,-115,210,-260,1.5,-110,6.5,-105,-115,225,-286,1.5,-117,6.5,-103,-124,210,-260,1.5,-110,6.5,-105,-115,230,-278,1.5,-117,6.5,-103,-122,,,,,,,,,,,,,,,215,-260,1.5,-110,6.5,-105,-115,,,,,,,,,,,,,,,,,,,,,,,,,,,,,218,-270,6.5,8
2026-03-19T21:59:02Z,evening,2026-03-19,2026-03-21T01:10:00Z,70708eff2f2b7f3aba770ae938a52f2f,Calgary Flames,Florida Panthers,-105,-114,1.5,-245,5.5,-128,104,-105,-115,1.5,-250,5.5,-125,105,-105,-115,-1.5,225,6.0,100,-120,-105,-115,1.5,-250,5.5,-125,105,-108,-113,1.5,-286,6.0,-108,-118,100,-120,1.5,-260,5.5,-125,105,-107,-112,1.5,-278,6.0,-107,-117,,,,,,,,,,,,,,,-105,-115,1.5,-245,5.5,-130,110,,,,,,,,,,,,,,,,,,,,,,,,,,,,,-80,-115,5.8,8
2026-03-19T21:59:02Z,evening,2026-03-19,2026-03-21T02:10:00Z,31814de96d0445b29a5dc34c5ac8adec,Utah Mammoth,Anaheim Ducks,-120,100,-1.5,198,6.5,-124,102,-122,102,-1.5,205,6.5,-115,-105,-120,100,-1.5,190,6.5,-115,-105,-125,105,-1.5,205,6.5,-115,-105,-132,108,-1.5,185,6.5,-120,-107,-120,100,-1.5,200,6.5,-120,100,-130,110,-1.5,185,6.5,-118,-106,,,,,,,,,,,,,,,-122,102,-1.5,200,6.5,-115,-105,,,,,,,,,,,,,,,,,,,,,,,,,,,,,-124,103,6.5,8
2026-03-20T21:56:26Z,evening,2026-03-20,2026-03-20T23:10:00Z,31cc31337a26721b24ec72ecd2a5cfbe,Toronto Maple Leafs,Carolina Hurricanes,180,-220,1.5,-140,6.5,-104,-118,180,-218,1.5,-135,6.5,-108,-112,185,-225,1.5,-130,6.5,-105,-115,185,-225,1.5,-125,6.5,-110,-110,200,-250,1.5,-134,6.5,-104,-122,175,-210,1.5,-140,6.5,-110,-110,200,-245,1.5,-132,6.5,-103,-121,190,-225,1.5,-130,6.5,-105,-115,,,,,,,,185,-225,1.5,-135,6.5,-103,-117,182,-209,1.5,-134,6.5,-106,-110,175,-220,1.5,-134,6.5,-105,-117,182,-209,1.5,-134,6.5,-106,-110,180,-210,1.5,-135,6.5,-110,-110,185,-222,6.5,13
2026-03-20T21:56:26Z,evening,2026-03-20,2026-03-20T23:10:00Z,87e89790382d13be36a66890c0ce3d98,Washington Capitals,New Jersey Devils,-137,114,-1.5,184,6.5,112,-138,-130,110,-1.5,185,6.5,114,-135,-130,110,-1.5,185,6.0,-115,-105,-130,110,-1.5,185,6.0,-115,-105,-137,112,-1.5,180,6.0,-109,-117,-130,110,-1.5,185,6.5,110,-130,-136,114,-1.5,180,6.0,-108,-115,-130,110,-1.5,180,6.5,115,-135,,,,,,,,-128,107,-1.5,200,6.0,-108,-112,-126,111,-1.5,192,6.0,-113,-103,-133,109,-1.5,184,6.0,-111,-110,-125,110,-1.5,192,6.0,-113,-103,-130,110,-1.5,196,6.0,-115,-105,-131,111,6.2,13
2026-03-20T21:56:26Z,evening,2026-03-20,2026-03-21T00:40:00Z,129c7b8c4051b81df1abd653dabc2685,Chicago Blackhawks,Colorado Avalanche,270,-345,1.5,110,6.5,100,-122,270,-340,1.5,110,6.5,100,-120,275,-350,1.5,115,6.5,100,-120,275,-350,1.5,115,6.5,100,-120,260,-335,1.5,104,6.5,100,-127,260,-350,1.5,115,6.5,100,-120,265,-335,1.5,105,6.5,102,-125,270,-340,1.5,115,6.5,100,-120,,,,,,,,270,-340,1.5,112,6.5,100,-120,287,-340,1.5,115,6.5,-101,-115,260,-340,1.5,109,6.0,-123,100,287,-340,1.5,115,6.5,-101,-115,272,-335,1.5,105,6.5,-105,-115,271,-342,6.2,13
2026-03-20T21:56:26Z,evening,2026-03-20,2026-03-21T01:10:00Z,70708eff2f2b7f3aba770ae938a52f2f,Calgary Flames,Florida Panthers,-110,-110,-1.5,205,5.5,-120,-102,-112,-108,1.5,-285,5.5,-130,110,-110,-110,1.5,-285,6.0,-105,-115,-110,-110,1.5,-285,5.5,-135,115,-110,-110,1.5,-295,6.0,-108,-118,-115,-105,-1.5,220,5.5,-125,105,-109,-109,1.5,-286,6.0,-107,-117,-110,-110,-1.5,215,5.5,-130,110,,,,,,,,-110,-110,1.5,-285,6.0,100,-120,-107,-107,1.5,-270,5.5,-125,109,-111,-110,-1.5,216,6.0,-106,-115,-108,-106,1.5,-270,5.5,-125,109,-110,-110,1.5,-270,6.0,-105,-115,-110,-109,5.8,13
2026-03-20T21:56:26Z,evening,2026-03-20,2026-03-21T02:10:00Z,31814de96d0445b29a5dc34c5ac8adec,Utah Mammoth,Anaheim Ducks,-137,114,-1.5,180,6.5,-124,102,-135,114,-1.5,180,6.5,-122,102,-135,115,-1.5,180,6.5,-125,105,-135,115,-1.5,185,6.5,-125,105,-141,116,-1.5,175,6.5,-122,-105,-140,115,-1.5,185,6.5,-125,105,-139,117,-1.5,175,6.5,-121,-104,-135,115,-1.5,170,6.5,-120,100,,,,,,,,-133,112,-1.5,185,6.5,-122,102,-131,116,-1.5,186,6.5,-125,109,-137,112,-1.5,179,6.5,-128,105,-131,116,-1.5,186,6.5,-125,109,-130,110,-1.5,188,6.5,-125,105,-135,114,6.5,13
2026-03-20T21:56:26Z,evening,2026-03-20,2026-03-21T17:00:00Z,4e197c970f5fdfc0cc76ffe220a99ebe,Pittsburgh Penguins,Winnipeg Jets,-162,134,-1.5,156,6.5,110,-134,-162,136,-1.5,142,6.5,110,-130,-165,135,-1.5,145,6.0,-110,-110,-160,135,-1.5,143,6.5,110,-130,-165,135,,,,,,-160,130,-1.5,150,6.5,110,-130,-165,135,,,,,,,,,,,,,,,,,,,,-160,135,-1.5,145,6.5,110,-130,-160,141,,,6.5,113,-130,,,,,,,,-160,141,,,6.5,113,-130,-160,138,-1.5,148,6.5,110,-130,-162,136,6.2,11
2026-03-20T21:56:26Z,evening,2026-03-20,2026-03-21T18:00:00Z,36b76f4eb384eb486755ff902a06db6e,Nashville Predators,Vegas Golden Knights,110,-132,1.5,-240,6.5,104,-128,110,-130,1.5,-225,6.5,105,-125,110,-135,1.5,-210,6.0,-118,-102,110,-130,1.5,-225,6.5,105,-125,108,-132,,,,,,110,-130,1.5,-225,6.5,105,-125,108,-132,,,,,,,,,,,,,,,,,,,,110,-130,1.5,-225,6.5,105,-125,112,-127,,,6.5,109,-125,,,,,,,,112,-127,,,6.5,109,-125,110,-130,1.5,-225,6.5,105,-125,110,-130,6.2,11
2026-03-20T21:56:26Z,evening,2026-03-20,2026-03-21T20:00:00Z,d3498525ae45fd9eb50de449f25dc83a,Los Angeles Kings,Buffalo Sabres,100,-120,1.5,-260,6.5,110,-134,-105,-115,1.5,-258,6.5,110,-130,-102,-118,1.5,-235,6.0,-110,-110,100,-120,1.5,-267,6.5,110,-130,-104,-117,,,,,,100,-120,1.5,-260,6.5,110,-130,-104,-117,,,,,,,,,,,,,,,,,,,,-105,-115,1.5,-250,6.5,110,-130,102,-116,,,6.5,113,-130,,,,,,,,102,-116,,,6.5,113,-130,-105,-115,-1.5,220,6.5,110,-130,-11,-117,6.2,11
2026-03-20T21:56:26Z,evening,2026-03-20,2026-03-21T20:00:00Z,7bbde2e4a8d0f35f70fa22c1dbcc33be,Minnesota Wild,Dallas Stars,102,-122,1.5,-265,5.5,-105,-115,102,-122,1.5,-265,5.5,-115,-105,100,-120,1.5,-235,5.5,-115,-105,105,-125,1.5,-267,5.5,-115,-105,100,-121,,,,,,100,-120,1.5,-260,5.5,-115,-105,100,-121,,,,,,,,,,,,,,,,,,,,105,-125,1.5,-260,5.5,-115,-105,105,-119,,,5.5,-115,-101,,,,,,,,105,-119,,,5.5,-115,-101,100,-120,1.5,-270,5.5,-115,-105,102,-121,5.5,11
2026-03-20T21:56:26Z,evening,2026-03-20,2026-03-21T20:00:00Z,9dc1a098f3ecf88662aae1e9e46e334d,San Jose Sharks,Philadelphia Flyers,-118,-102,-1.5,210,6.5,116,-142,-115,-105,-1.5,205,6.5,110,-130,-115,-105,1.5,-275,6.0,-110,-110,-115,-105,-1.5,205,6.5,110,-130,-125,104,,,,,,-120,100,-1.5,210,6.5,110,-130,-125,104,,,,,,,,,,,,,,,,,,,,-115,-105,-1.5,210,6.5,110,-130,-113,-101,,,6.5,113,-130,,,,,,,,-113,-101,,,6.5,113,-130,-115,-105,-1.5,208,6.5,110,-130,-117,-47,6.2,11
2026-03-20T21:56:26Z,evening,2026-03-20,2026-03-21T21:00:00Z,434e6e5221fe5f525c94012fb8412991,Columbus Blue Jackets,Seattle Kraken,-170,140,-1.5,140,6.5,108,-132,-170,142,-1.5,130,6.5,105,-125,-175,145,-1.5,135,6.0,-118,-102,-170,143,-1.5,135,6.5,105,-125,-165,135,,,,,,-175,145,-1.5,140,6.5,105,-125,-165,135,,,,,,,,,,,,,,,,,,,,-170,145,-1.5,133,6.5,105,-125,-170,149,,,6.5,109,-125,,,,,,,,-170,149,,,6.5,109,-125,-170,146,-1.5,140,6.5,105,-125,-170,143,6.2,11
2026-03-20T21:56:26Z,evening,2026-03-20,2026-03-21T23:00:00Z,8d0c084ca171b4e25fdefe3e1840b651,Montréal Canadiens,New York Islanders,-142,118,-1.5,176,5.5,-134,110,-142,120,-1.5,164,5.5,-130,110,-145,118,-1.5,165,6.0,-105,-115,-140,118,-1.5,170,5.5,-130,110,-137,114,,,,,,-145,120,-1.5,175,5.5,-130,110,-137,114,,,,,,,,,,,,,,,,,,,,-140,120,-1.5,163,5.5,-130,110,-138,122,,,5.5,-130,113,,,,,,,,-138,122,,,5.5,-130,113,-140,120,-1.5,180,5.5,-130,110,-140,119,5.8,11
2026-03-20T21:56:26Z,evening,2026-03-20,2026-03-21T23:00:00Z,25eae2f31db6187252d8210fc1b19e9a,Ottawa Senators,Toronto Maple Leafs,-295,235,-1.5,-130,5.5,-142,116,-250,205,-1.5,-110,5.5,-142,120,-250,200,-1.5,-105,6.0,-118,-102,-250,205,-1.5,-110,5.5,-140,118,-265,210,,,,,,-250,200,-1.5,-110,6.5,115,-140,-265,210,,,,,,,,,,,,,,,,,,,,-245,205,-1.5,-110,5.5,-140,120,,,,,,,,,,,,,,,,,,,,,,,,,,,,,-259,209,6.0,8
2026-03-20T21:56:26Z,evening,2026-03-20,2026-03-21T23:00:00Z,ebac1f10963262ca40e2e438dd36f679,Vancouver Canucks,St Louis Blues,108,-130,1.5,-245,5.5,-122,100,110,-130,1.5,-218,5.5,-125,105,110,-135,1.5,-220,6.0,-102,-118,110,-130,1.5,-220,5.5,-125,105,114,-137,,,,,,110,-130,1.5,-225,5.5,-125,105,114,-137,,,,,,,,,,,,,,,,,,,,110,-130,1.5,-220,5.5,-125,105,111,-126,,,5.5,-125,109,,,,,,,,111,-126,,,5.5,-125,109,110,-130,1.5,-220,5.5,-125,105,111,-131,5.8,11
2026-03-20T21:56:26Z,evening,2026-03-20,2026-03-22T00:00:00Z,2934704c2ef1f2ea7cc1b46f8f4c1601,Detroit Red Wings,Boston Bruins,-128,106,-1.5,194,5.5,-122,100,-125,105,-1.5,185,5.5,-130,110,-125,105,-1.5,185,6.0,-105,-115,-125,105,-1.5,185,5.5,-130,110,-136,112,,,,,,-125,105,-1.5,190,5.5,-130,110,-134,112,,,,,,,,,,,,,,,,,,,,-125,105,-1.5,185,5.5,-130,110,-120,106,,,5.5,-130,113,,,,,,,,-120,106,,,5.5,-130,113,-125,105,-1.5,192,5.5,-130,110,-126,107,5.8,11
2026-03-20T21:56:26Z,evening,2026-03-20,2026-03-22T02:00:00Z,ae5fdff58a789b2ce42b8bd8af0ffb22,Edmonton Oilers,Tampa Bay Lightning,120,-144,1.5,-210,6.5,-122,100,120,-142,1.5,-205,6.5,-118,-102,120,-145,1.5,-190,6.5,-120,100,118,-140,1.5,-205,6.5,-120,100,114,-137,,,,,,120,-145,1.5,-200,6.5,-120,100,114,-137,,,,,,,,,,,,,,,,,,,,120,-140,1.5,-200,6.5,-112,-108,125,-142,,,6.5,-123,107,,,,,,,,125,-142,,,6.5,-123,107,120,-140,1.5,-205,6.5,-115,-105,120,-141,6.5,11
2026-03-21T23:59:09Z,closing,2026-03-21,2026-03-21T23:15:05Z,ebac1f10963262ca40e2e438dd36f679,Vancouver Canucks,St Louis Blues,118,-150,1.5,-270,4.5,-102,-128,114,-145,1.5,-260,4.5,-110,-120,115,-145,1.5,-275,4.5,-120,-110,125,-160,1.5,-240,4.5,-105,-125,,,,,,,,115,-150,1.5,-275,4.5,-110,-125,118,-143,1.5,-275,4.5,-118,-108,110,-140,1.5,-290,4.5,-105,-125,,,,,,,,110,-145,1.5,-275,4.5,-125,-105,,,,,,,,115,-143,1.5,-286,4.5,-111,-125,,,,,,,,,,,,,,,116,-147,4.5,9
2026-03-21T23:59:09Z,closing,2026-03-21,2026-03-21T23:15:35Z,25eae2f31db6187252d8210fc1b19e9a,Ottawa Senators,Toronto Maple Leafs,-650,420,-2.5,-110,5.5,122,-160,-660,420,-2.5,-110,5.5,120,-154,-600,400,-2.5,100,5.5,135,-185,-700,450,-2.5,-110,5.5,120,-150,,,,,,,,-630,400,-2.5,-110,5.5,120,-160,-590,425,-1.5,-182,5.5,116,-148,-750,450,-2.5,100,5.5,130,-170,,,,,,,,-750,450,-2.5,-110,5.0,-150,115,,,,,,,,-667,425,-2.5,-105,5.0,-154,110,,,,,,,,,,,,,,,-666,427,5.2,9
2026-03-21T23:59:09Z,closing,2026-03-21,2026-03-21T23:20:07Z,8d0c084ca171b4e25fdefe3e1840b651,Montréal Canadiens,New York Islanders,172,-225,1.5,-160,7.5,126,-165,160,-210,1.5,-166,7.5,120,-154,160,-200,1.5,-185,7.5,135,-185,165,-210,1.5,-160,7.5,110,-140,,,,,,,,175,-240,1.5,-165,7.5,120,-160,160,-195,-1.5,390,7.0,-155,123,180,-240,1.5,-180,7.5,130,-170,,,,,,,,160,-210,1.5,-175,7.5,110,-145,,,,,,,,175,-222,1.5,-167,7.5,100,-143,,,,,,,,,,,,,,,167,-217,7.2,9
2026-03-21T23:59:09Z,closing,2026-03-21,2026-03-22T00:10:00Z,2934704c2ef1f2ea7cc1b46f8f4c1601,Detroit Red Wings,Boston Bruins,-122,102,-1.5,194,5.5,-130,106,-120,100,-1.5,205,5.5,-135,114,-120,100,-1.5,200,6.0,-105,-115,-120,100,-1.5,196,5.5,-135,115,-118,-104,-1.5,205,6.0,-118,-108,-120,100,-1.5,200,5.5,-130,110,-117,-103,-1.5,205,6.0,-117,-107,-120,100,-1.5,200,5.5,-135,115,,,,,,,,-128,107,-1.5,210,6.0,100,-120,-118,104,-1.5,200,5.5,-130,113,-122,100,-1.5,203,6.0,-106,-115,-118,104,-1.5,200,5.5,-130,113,-120,100,-1.5,204,6.0,-105,-115,-120,70,5.8,13
2026-03-21T23:59:09Z,closing,2026-03-21,2026-03-22T02:10:00Z,ae5fdff58a789b2ce42b8bd8af0ffb22,Edmonton Oilers,Tampa Bay Lightning,108,-130,1.5,-230,6.5,-132,108,114,-135,1.5,-205,6.5,-135,114,115,-135,1.5,-210,7.0,110,-130,118,-140,1.5,-195,6.5,-145,122,114,-139,1.5,-230,6.5,-134,106,115,-140,1.5,-210,6.5,-140,115,115,-137,1.5,-225,6.5,-132,107,115,-135,1.5,-210,6.5,-135,115,,,,,,,,110,-130,1.5,-215,6.5,-138,117,116,-132,1.5,-200,6.5,-133,116,114,-140,1.5,-204,6.5,-135,110,116,-132,1.5,-200,6.5,-133,116,115,-135,1.5,-200,6.5,-140,120,114,-135,6.8,13
2026-03-21T23:59:09Z,closing,2026-03-21,2026-03-22T16:00:00Z,05a403a91465d9afe7c5f12297ee11cf,New York Rangers,Winnipeg Jets,-130,108,-1.5,184,6.5,114,-140,-130,110,-1.5,170,5.5,-130,110,-135,110,-1.5,170,6.0,-115,-105,-125,105,-1.5,175,5.5,-130,110,-132,108,-1.5,188,6.0,-115,-110,-130,110,-1.5,175,5.5,-140,115,-130,110,-1.5,188,6.0,-114,-109,-130,110,-1.5,180,5.5,-130,110,,,,,,,,-130,110,-1.5,173,5.5,-130,110,-130,115,,,6.0,104,-120,,,,,,,,-130,115,,,6.0,104,-120,-130,110,,,6.0,100,-120,-130,110,6.0,12
2026-03-21T23:59:09Z,closing,2026-03-21,2026-03-22T16:30:00Z,1b98d6b26082933d959e8eea653a68b4,Washington Capitals,Colorado Avalanche,128,-154,1.5,-205,6.5,104,-128,130,-155,1.5,-198,6.5,100,-120,125,-150,1.5,-190,6.0,-118,-102,130,-155,1.5,-195,6.5,100,-120,125,-152,1.5,-200,6.5,-104,-124,130,-160,1.5,-200,6.5,105,-125,128,-152,1.5,-195,6.5,-103,-122,130,-150,1.5,-190,6.5,105,-125,,,,,,,,133,-155,1.5,-195,6.5,100,-120,132,-150,,,6.5,109,-125,,,,,,,,132,-150,,,6.5,109,-125,129,-150,,,6.5,105,-125,129,-153,6.2,12
2026-03-21T23:59:09Z,closing,2026-03-21,2026-03-22T19:00:00Z,81c8d3193090d0ec9bdfc9f664940d72,Pittsburgh Penguins,Carolina Hurricanes,132,-160,1.5,-192,6.5,100,-122,124,-148,1.5,-205,6.5,-105,-115,125,-150,1.5,-190,6.5,-110,-110,122,-145,1.5,-205,6.5,-105,-115,118,-143,1.5,-225,6.0,-125,-103,125,-150,1.5,-190,6.5,-110,-110,120,-141,1.5,-220,6.0,-124,100,,,,,,,,,,,,,,,127,-147,1.5,-205,6.5,-105,-115,129,-147,,,6.5,-115,-101,,,,,,,,129,-147,,,6.5,-115,-101,125,-145,,,6.5,-115,-105,125,-148,6.2,11
2026-03-21T23:59:09Z,closing,2026-03-21,2026-03-22T19:00:00Z,918492f7aa5fb87b18c401c5195128b4,Chicago Blackhawks,Nashville Predators,-110,-110,-1.5,225,6.5,112,-138,-110,-110,-1.5,205,5.5,-130,110,-110,-110,-1.5,220,6.0,-115,-105,-110,-110,-1.5,205,5.5,-130,110,-106,-115,1.5,-278,6.0,-113,-113,-110,-110,-1.5,220,5.5,-130,110,-105,-114,1.5,-275,6.0,-112,-112,,,,,,,,,,,,,,,-110,-110,-1.5,210,5.5,-130,110,-104,-110,,,6.0,-101,-115,,,,,,,,-104,-110,,,6.0,-101,-115,-110,-110,,,6.0,-105,-115,-108,-111,6.0,11
2026-03-21T23:59:09Z,closing,2026-03-21,2026-03-22T23:00:00Z,74eae0a03cd351904500214958ea2029,New York Islanders,Columbus Blue Jackets,-110,-110,1.5,-290,6.5,104,-128,-110,-110,-1.5,225,6.5,-105,-115,-110,-110,-1.5,200,6.5,-105,-115,-110,-110,-1.5,222,6.5,-105,-115,-117,-105,-1.5,210,6.0,-125,-103,-110,-110,1.5,-275,6.5,100,-120,-115,-104,-1.5,210,6.0,-124,100,,,,,,,,,,,,,,,-110,-110,-1.5,220,6.5,-105,-115,,,,,,,,,,,,,,,,,,,,,,,,,,,,,-112,-109,6.2,8
2026-03-21T23:59:09Z,closing,2026-03-21,2026-03-22T23:00:00Z,a1b52a959624077587068140f1040844,Dallas Stars,Vegas Golden Knights,-150,125,-1.5,158,5.5,-134,110,-148,124,-1.5,170,6.5,105,-125,-150,125,-1.5,155,6.0,-118,-102,-145,122,-1.5,170,6.5,110,-130,-157,128,-1.5,155,5.5,-125,100,-150,125,-1.5,165,6.5,105,-125,-155,130,-1.5,160,5.5,-124,100,,,,,,,,,,,,,,,-145,125,-1.5,173,6.5,105,-125,-150,132,,,6.0,-120,104,,,,,,,,-150,132,,,6.0,-120,104,-150,129,,,6.0,-120,100,-150,127,6.0,11
2026-03-21T23:59:09Z,closing,2026-03-21,2026-03-23T00:00:00Z,1eadd9e3836566b4d3f953be47556052,Anaheim Ducks,Buffalo Sabres,-120,100,-1.5,198,6.5,-128,104,-125,105,-1.5,170,6.5,-125,105,-120,100,-1.5,185,6.5,-130,105,-125,105,-1.5,175,6.5,-125,105,-127,104,-1.5,195,6.5,-129,102,-120,100,-1.5,175,6.5,-125,105,-125,105,-1.5,195,6.5,-127,102,,,,,,,,,,,,,,,-125,105,-1.5,173,6.5,-125,105,-116,102,,,6.5,-120,104,,,,,,,,-116,102,,,6.5,-120,104,-115,-105,,,6.5,-125,105,-121,84,6.5,11
2026-03-21T23:59:09Z,closing,2026-03-21,2026-03-23T00:00:00Z,a825c6b75f8bf7501c915b59bec0ca12,Calgary Flames,Tampa Bay Lightning,158,-192,1.5,-170,5.5,-142,116,150,-180,1.5,-148,6.5,110,-130,150,-185,1.5,-155,6.0,-110,-110,150,-178,1.5,-145,6.5,105,-125,160,-195,1.5,-165,6.0,-110,-115,150,-180,1.5,-150,6.5,110,-130,160,-195,1.5,-165,6.0,-109,-114,,,,,,,,,,,,,,,153,-177,1.5,-145,6.5,110,-130,,,,,,,,,,,,,,,,,,,,,,,,,,,,,154,-185,6.0,8
2026-03-21T23:59:09Z,closing,2026-03-21,2026-03-23T01:00:00Z,88395d9fd249730549bdaf11350dbd67,Utah Mammoth,Los Angeles Kings,-178,146,-1.5,136,5.5,-124,102,-175,145,-1.5,136,5.5,-120,100,-175,145,-1.5,135,5.5,-120,100,-170,143,-1.5,140,5.5,-120,100,-175,140,-1.5,143,5.5,-122,-105,-175,145,-1.5,140,5.5,-120,100,-167,143,-1.5,143,5.5,-121,-104,,,,,,,,,,,,,,,-172,147,-1.5,135,5.5,-120,100,-165,145,,,6.0,104,-120,,,,,,,,-165,145,,,6.0,104,-120,-165,142,,,6.0,100,-120,-171,144,5.8,11
2026-03-22T21:52:30Z,evening,2026-03-22,2026-03-22T19:09:00Z,81c8d3193090d0ec9bdfc9f664940d72,Pittsburgh Penguins,Carolina Hurricanes,,,3.5,-220,5.5,-132,100,,,3.5,195,6.5,310,-445,3300,-10000,3.5,825,6.5,725,-2000,,,3.5,850,6.5,750,-1400,,,,,,,,,,3.5,-210,,,,,,3.5,-139,6.0,150,-215,,,,,,,,,,,,,,,,,,,,,,,,,,,,,,,3.5,-133,,,,,,,,,,,,,,,,,,3300,-10000,6.0,7
2026-03-22T21:52:30Z,evening,2026-03-22,2026-03-22T23:10:00Z,74eae0a03cd351904500214958ea2029,New York Islanders,Columbus Blue Jackets,100,-120,1.5,-235,6.5,106,-130,102,-122,1.5,-238,6.5,105,-125,100,-120,1.5,-235,6.0,-120,100,105,-125,1.5,-250,6.0,-125,105,110,-134,1.5,-240,6.0,-127,100,100,-120,1.5,-240,6.5,105,-125,110,-132,1.5,-235,6.0,-125,102,105,-125,1.5,-250,6.5,115,-135,,,,,,,,105,-125,1.5,-245,6.0,-117,-103,106,-120,1.5,-235,6.0,-117,101,101,-123,1.5,-252,6.0,-120,-102,106,-120,1.5,-235,6.0,-117,101,100,-120,1.5,-235,6.0,-125,105,104,-124,6.2,13
2026-03-22T21:52:30Z,evening,2026-03-22,2026-03-22T23:10:00Z,a1b52a959624077587068140f1040844,Dallas Stars,Vegas Golden Knights,-146,122,-1.5,172,5.5,-142,116,-142,120,-1.5,170,5.5,-135,114,-145,120,-1.5,165,6.0,-110,-110,-150,126,-1.5,162,6.0,-110,-110,-148,120,-1.5,170,6.0,-108,-118,-145,120,-1.5,175,5.5,-140,115,-143,120,-1.5,170,6.0,-107,-117,-140,120,-1.5,170,5.5,-130,110,,,,,,,,-147,127,-1.5,173,6.0,-108,-112,-140,123,-1.5,177,6.0,-103,-113,-147,120,-1.5,172,6.0,-107,-114,-140,123,-1.5,177,6.0,-103,-113,-140,120,-1.5,172,6.0,-105,-115,-144,122,5.8,13
2026-03-22T21:52:30Z,evening,2026-03-22,2026-03-23T00:10:00Z,1eadd9e3836566b4d3f953be47556052,Anaheim Ducks,Buffalo Sabres,-110,-110,1.5,-265,6.5,-130,106,-108,-112,-1.5,225,6.5,-130,110,-110,-110,-1.5,200,6.5,-130,105,-105,-115,-1.5,215,6.5,-130,110,-106,-115,1.5,-278,6.5,-130,104,-110,-110,1.5,-260,6.5,-130,110,-105,-114,1.5,-278,6.5,-130,105,-110,-110,-1.5,210,6.5,-130,110,,,,,,,,-108,-112,1.5,-275,6.5,-130,110,-102,-112,1.5,-255,6.5,-124,108,-107,-114,1.5,-255,6.5,-129,105,-102,-112,1.5,-255,6.5,-124,108,-110,-110,1.5,-255,6.5,-125,105,-107,-112,6.5,13
2026-03-22T21:52:30Z,evening,2026-03-22,2026-03-23T00:10:00Z,a825c6b75f8bf7501c915b59bec0ca12,Calgary Flames,Tampa Bay Lightning,146,-178,1.5,-172,6.5,-104,-118,145,-175,1.5,-162,6.5,100,-120,145,-180,1.5,-160,6.5,-102,-118,148,-175,1.5,-160,6.5,100,-120,148,-180,1.5,-177,6.5,-105,-122,145,-175,1.5,-170,6.5,-105,-115,148,-180,1.5,-175,6.5,-104,-121,145,-170,1.5,-165,6.5,-105,-115,,,,,,,,147,-172,1.5,-165,6.5,-108,-112,144,-164,1.5,-160,6.5,-105,-111,140,-173,1.5,-169,6.5,-105,-116,144,-164,1.5,-160,6.5,-105,-111,146,-170,1.5,-165,6.5,-105,-115,145,-174,6.5,13
2026-03-22T21:52:30Z,evening,2026-03-22,2026-03-23T01:10:00Z,88395d9fd249730549bdaf11350dbd67,Utah Mammoth,Los Angeles Kings,-178,146,-1.5,144,5.5,-118,-104,-175,145,-1.5,154,5.5,-122,102,-175,145,-1.5,135,6.0,100,-120,-180,152,-1.5,143,5.5,-120,100,-182,148,-1.5,138,5.5,-120,-107,-175,145,-1.5,145,5.5,-120,100,-180,150,-1.5,138,5.5,-118,-106,-175,150,-1.5,140,5.5,-120,100,,,,,,,,-175,150,-1.5,150,5.5,-115,-105,-173,152,-1.5,149,5.5,-119,103,-174,141,-1.5,149,5.5,-122,100,-173,152,-1.5,149,5.5,-119,103,-175,150,-1.5,152,5.5,-120,100,-176,148,5.8,13
2026-03-22T21:52:30Z,evening,2026-03-22,2026-03-23T23:30:00Z,ad8a6f75d8948ad130c35a041d855645,New York Rangers,Ottawa Senators,155,-192,1.5,-148,5.5,-132,108,160,-192,1.5,-148,5.5,-130,110,155,-190,1.5,-150,6.0,-105,-115,158,-190,1.5,-145,5.5,-130,110,150,-186,,,,,,160,-190,1.5,-150,5.5,-130,110,150,-186,,,,,,160,-190,1.5,-155,5.5,-130,110,,,,,,,,,,,,,,,159,-181,,,6.0,-101,-115,,,,,,,,159,-181,,,6.0,-101,-115,155,-180,,,6.0,-105,-115,156,-187,5.8,11
2026-03-23T22:00:28Z,manual,2026-03-23,2026-03-23T23:40:00Z,ad8a6f75d8948ad130c35a041d855645,New York Rangers,Ottawa Senators,158,-192,1.5,-154,5.5,-132,108,160,-192,1.5,-148,5.5,-130,110,155,-190,1.5,-150,6.0,-110,-110,158,-190,1.5,-150,6.0,-105,-115,160,-200,1.5,-167,6.0,-112,-114,160,-190,1.5,-160,5.5,-130,110,163,-195,1.5,-167,6.0,-110,-113,165,-195,1.5,-150,5.5,-125,105,,,,,,,,158,-183,1.5,-150,6.0,-103,-117,162,-185,1.5,-156,6.0,102,-118,154,-191,1.5,-160,6.0,-105,-117,162,-185,1.5,-156,6.0,102,-118,159,-185,1.5,-149,6.0,-105,-115,160,-190,5.8,13
2026-03-23T22:00:28Z,manual,2026-03-23,2026-03-24T23:00:00Z,8ac88260e7f6e514200daef093a10e95,Boston Bruins,Toronto Maple Leafs,-192,158,-1.5,132,6.5,110,-134,-192,160,-1.5,130,6.5,110,-130,-190,155,-1.5,125,6.0,-110,-110,-190,158,-1.5,135,6.0,-115,-105,-210,170,-1.5,120,6.0,-121,-105,-190,160,-1.5,130,6.5,110,-130,-210,170,-1.5,123,6.0,-120,-104,-185,155,-1.5,135,6.5,110,-130,,,,,,,,-185,160,-1.5,135,6.0,-122,102,-185,162,,,6.5,111,-127,,,,,,,,-185,162,,,6.5,111,-127,-185,159,-1.5,140,6.5,105,-125,-192,161,6.2,12
2026-03-23T22:00:28Z,manual,2026-03-23,2026-03-24T23:00:00Z,b51774fa8e39ee424d20cf28862fa8e6,Montréal Canadiens,Carolina Hurricanes,116,-140,1.5,-205,6.5,-102,-120,114,-135,1.5,-218,6.5,100,-120,115,-140,1.5,-200,6.0,-130,105,115,-135,1.5,-220,6.5,100,-120,110,-134,1.5,-240,6.5,-107,-118,115,-140,1.5,-210,6.5,100,-120,112,-134,1.5,-235,6.5,-106,-118,115,-135,1.5,-225,6.5,-105,-115,,,,,,,,115,-135,1.5,-220,6.5,-105,-115,119,-135,,,6.5,-101,-115,,,,,,,,119,-135,,,6.5,-101,-115,115,-135,1.5,-220,6.5,-105,-115,115,-136,6.2,12
2026-03-23T22:00:28Z,manual,2026-03-23,2026-03-24T23:00:00Z,e3b53c7d36e6b34c84b5d64084e8022d,New York Islanders,Chicago Blackhawks,-196,162,-1.5,122,5.5,-134,110,-205,170,-1.5,124,5.5,-125,105,-200,165,-1.5,120,6.0,-102,-118,-205,170,-1.5,122,5.5,-125,105,-225,180,-1.5,116,6.0,100,-125,-200,165,-1.5,125,5.5,-130,110,-220,180,-1.5,117,6.0,100,-124,-195,165,-1.5,130,5.5,-125,105,,,,,,,,-190,163,-1.5,137,6.0,100,-120,-192,168,,,5.5,-125,109,,,,,,,,-192,168,,,5.5,-125,109,-190,163,-1.5,130,5.5,-125,105,-201,168,5.8,12
2026-03-23T22:00:28Z,manual,2026-03-23,2026-03-24T23:00:00Z,0a39e6dffc7507394d752f81e6147615,Pittsburgh Penguins,Colorado Avalanche,132,-160,1.5,-188,6.5,-118,-104,136,-162,1.5,-198,6.5,-115,-105,135,-160,1.5,-175,6.5,-115,-105,135,-160,1.5,-195,6.5,-115,-105,130,-159,1.5,-200,6.5,-120,-107,130,-160,1.5,-190,6.5,-115,-105,132,-157,1.5,-200,6.5,-118,-106,135,-155,1.5,-180,6.5,-115,-105,,,,,,,,133,-155,1.5,-185,6.5,-117,-103,139,-158,,,6.5,-115,-101,,,,,,,,139,-158,,,6.5,-115,-101,138,-160,1.5,-200,6.5,-115,-105,134,-159,6.5,12
2026-03-23T22:00:28Z,manual,2026-03-23,2026-03-24T23:00:00Z,3978c8cb74be58dbfd560b5a920c202e,Philadelphia Flyers,Columbus Blue Jackets,112,-134,1.5,-215,6.5,116,-142,114,-135,1.5,-238,6.5,110,-130,115,-140,1.5,-200,6.0,-110,-110,115,-135,1.5,-240,6.0,-115,-105,104,-125,1.5,-250,6.0,-110,-115,115,-140,1.5,-210,6.5,115,-140,105,-124,1.5,-250,6.0,-109,-114,110,-130,1.5,-235,6.5,115,-135,,,,,,,,117,-138,1.5,-225,6.0,-112,-108,116,-132,,,6.0,-115,-101,,,,,,,,116,-132,,,6.0,-115,-101,110,-130,1.5,-225,6.0,-115,-105,112,-133,6.2,12
2026-03-23T22:00:28Z,manual,2026-03-23,2026-03-24T23:00:00Z,d6742168b83a5f7b60921f4a77422d4d,Detroit Red Wings,Ottawa Senators,-118,-102,-1.5,210,6.5,116,-142,-112,-108,-1.5,215,6.5,114,-135,-110,-110,1.5,-275,6.0,-105,-115,-110,-110,-1.5,210,6.0,-115,-105,-124,102,-1.5,200,6.0,-113,-112,-115,-105,-1.5,210,5.5,-140,115,-122,102,-1.5,200,6.0,-112,-110,,,,,,,,,,,,,,,,,,,,,,,,,,,,,,,,,,,,,,,,,,,,,,,,,,-116,-47,6.0,7
2026-03-23T22:00:28Z,manual,2026-03-23,2026-03-24T23:00:00Z,c38fb7e74adb36818b56b38cad851d56,Florida Panthers,Seattle Kraken,-137,114,-1.5,180,5.5,-128,104,-142,120,-1.5,170,5.5,-135,114,-145,118,-1.5,165,6.0,-105,-115,-140,118,-1.5,170,6.0,-110,-110,-132,110,-1.5,185,5.5,-127,100,-140,115,-1.5,175,5.5,-130,110,-130,110,-1.5,185,5.5,-125,102,-140,120,-1.5,170,5.5,-135,115,,,,,,,,-138,117,-1.5,185,6.0,-108,-112,-137,121,,,5.5,-128,112,,,,,,,,-137,121,,,5.5,-128,112,-135,115,-1.5,176,5.5,-130,110,-138,117,5.8,12
2026-03-23T22:00:28Z,manual,2026-03-23,2026-03-24T23:30:00Z,c4562bec7d3dd2283876ab856c887765,Tampa Bay Lightning,Minnesota Wild,-176,146,-1.5,138,6.5,-102,-120,-180,150,-1.5,136,6.5,100,-120,-185,150,-1.5,125,6.0,-125,105,-178,150,-1.5,140,6.5,100,-120,-175,143,-1.5,145,6.5,-103,-124,-175,145,-1.5,140,6.5,100,-120,-175,143,-1.5,148,6.5,100,-122,-175,150,-1.5,140,6.5,100,-120,,,,,,,,,,,,,,,,,,,,,,,,,,,,,,,,,,,,,,,,,,,-177,147,6.2,8
2026-03-23T22:00:28Z,manual,2026-03-23,2026-03-25T00:00:00Z,321c46ee4915d84877d9116089323e6c,Dallas Stars,New Jersey Devils,-176,146,-1.5,140,5.5,-124,102,-175,145,-1.5,142,5.5,-120,100,-170,140,-1.5,140,5.5,-120,100,-170,143,-1.5,143,5.5,-120,100,-182,148,-1.5,138,5.5,-115,-110,-175,145,-1.5,140,5.5,-120,100,-180,148,-1.5,140,5.5,-114,-109,-170,145,-1.5,145,5.5,-120,100,,,,,,,,-168,142,-1.5,155,6.0,102,-122,-163,143,,,5.5,-118,102,,,,,,,,-163,143,,,5.5,-118,102,-165,142,-1.5,148,5.5,-120,100,-171,144,5.8,12
2026-03-23T22:00:28Z,manual,2026-03-23,2026-03-25T00:00:00Z,351e519c57cfbc590c31ddf7456f12fe,Nashville Predators,San Jose Sharks,-144,120,-1.5,156,6.5,-106,-114,-148,124,-1.5,164,6.5,-105,-115,-145,120,-1.5,155,6.5,-105,-115,-145,122,-1.5,162,6.5,-105,-115,-155,128,-1.5,160,6.5,-115,-110,-145,120,-1.5,160,6.5,-110,-110,-152,128,-1.5,160,6.5,-114,-109,-145,125,-1.5,165,6.5,-105,-115,,,,,,,,-142,122,-1.5,173,6.5,-103,-117,-140,123,,,6.5,-104,-112,,,,,,,,-140,123,,,6.5,-104,-112,-140,120,-1.5,172,6.5,-110,-110,-145,123,6.5,12
2026-03-23T22:00:28Z,manual,2026-03-23,2026-03-25T00:00:00Z,a2ed97ee6dbc9d2dfa6fb42709ed3251,St Louis Blues,Washington Capitals,-102,-118,1.5,-250,5.5,-130,106,-105,-115,1.5,-265,5.5,-130,110,-105,-115,-1.5,220,6.0,-105,-115,-105,-115,1.5,-267,6.0,-105,-115,-110,-110,1.5,-286,5.5,-121,-106,-105,-115,1.5,-260,5.5,-130,110,-109,-109,1.5,-286,5.5,-120,-105,100,-120,1.5,-275,5.5,-130,110,,,,,,,,-103,-117,1.5,-270,6.0,-103,-117,100,-114,,,5.5,-128,112,,,,,,,,100,-114,,,5.5,-128,112,-105,-115,1.5,-270,5.5,-130,110,-54,-115,5.8,12
2026-03-23T22:00:28Z,manual,2026-03-23,2026-03-25T00:00:00Z,058954c285fbfd3f7ecc651b36c4700b,Winnipeg Jets,Vegas Golden Knights,112,-134,1.5,-230,5.5,-128,104,110,-130,1.5,-218,5.5,-135,114,105,-130,1.5,-225,6.0,-105,-115,110,-130,1.5,-220,6.0,-110,-110,112,-136,1.5,-235,6.0,100,-127,110,-130,1.5,-225,5.5,-130,110,112,-134,1.5,-235,6.0,102,-125,110,-130,1.5,-235,5.5,-130,110,,,,,,,,107,-128,1.5,-245,6.0,-105,-115,110,-125,,,5.5,-128,112,,,,,,,,110,-125,,,5.5,-128,112,105,-125,1.5,-220,5.5,-130,110,109,-130,5.8,12
2026-03-23T22:00:28Z,manual,2026-03-23,2026-03-25T01:00:00Z,eaa7752f14bf975ca0d695298a7f33b8,Calgary Flames,Los Angeles Kings,125,-150,1.5,-200,5.5,-122,100,124,-148,1.5,-205,5.5,-125,105,125,-155,1.5,-190,6.0,100,-120,122,-145,1.5,-205,5.5,-125,105,123,-150,1.5,-225,5.5,-117,-109,125,-150,1.5,-200,5.5,-120,100,123,-148,1.5,-220,5.5,-115,-108,130,-150,1.5,-200,5.5,-125,105,,,,,,,,125,-145,1.5,-210,6.0,100,-120,132,-150,,,5.5,-120,104,,,,,,,,132,-150,,,5.5,-120,104,129,-150,1.5,-200,5.5,-120,100,126,-149,5.8,12
2026-03-23T22:00:28Z,manual,2026-03-23,2026-03-25T01:30:00Z,12f4644e10706c79b4bbc7e2ca3765be,Utah Mammoth,Edmonton Oilers,-137,114,-1.5,168,6.5,-115,-105,-135,114,-1.5,170,6.5,-118,-102,-135,110,-1.5,170,6.5,-115,-105,,,,,,,,-137,114,-1.5,175,6.5,-117,-108,-140,115,-1.5,175,6.5,-120,100,-137,115,-1.5,180,6.5,-115,-107,-135,115,-1.5,170,6.5,-120,100,,,,,,,,-135,115,-1.5,180,6.5,-115,-105,-130,115,,,6.5,-118,102,,,,,,,,-130,115,,,6.5,-118,102,-130,110,-1.5,180,6.5,-120,100,-135,114,6.5,11
2026-03-23T22:00:28Z,manual,2026-03-23,2026-03-25T02:00:00Z,e01ce333fee77885df691ec74a3a93e7,Vancouver Canucks,Anaheim Ducks,146,-176,1.5,-170,6.5,-124,102,145,-175,1.5,-155,6.5,-115,-105,145,-175,1.5,-160,6.5,-115,-105,,,,,,,,148,-182,1.5,-177,6.5,-125,100,145,-175,1.5,-160,6.5,-120,100,148,-180,1.5,-175,6.5,-124,100,150,-175,1.5,-160,6.5,-120,100,,,,,,,,150,-175,1.5,-168,6.5,-122,102,149,-170,,,6.5,-115,-101,,,,,,,,149,-170,,,6.5,-115,-101,146,-170,1.5,-150,6.5,-115,-105,147,-175,6.5,11
2026-03-24T22:05:15Z,manual,2026-03-24,2026-03-24T23:00:00Z,8ac88260e7f6e514200daef093a10e95,Boston Bruins,Toronto Maple Leafs,-192,158,-1.5,134,6.5,-102,-120,-192,160,-1.5,130,6.5,-102,-118,-190,155,-1.5,130,6.5,-102,-118,-205,170,-1.5,126,6.5,100,-120,-220,175,-1.5,117,6.5,100,-125,-190,160,-1.5,130,6.5,-105,-115,-215,175,-1.5,118,6.5,100,-124,-205,175,-1.5,125,6.5,100,-120,,,,,,,,-195,165,-1.5,130,6.5,-105,-115,-194,170,-1.5,133,6.5,102,-118,-190,153,-1.5,128,6.5,-102,-120,-194,170,-1.5,133,6.5,102,-118,-190,163,-1.5,135,6.5,100,-120,-198,165,6.5,13
2026-03-24T22:05:15Z,manual,2026-03-24,2026-03-24T23:00:00Z,b51774fa8e39ee424d20cf28862fa8e6,Montréal Canadiens,Carolina Hurricanes,112,-134,1.5,-225,6.5,-122,100,110,-130,1.5,-218,6.5,-120,100,110,-130,1.5,-220,6.5,-120,100,110,-130,1.5,-220,6.5,-120,100,108,-132,1.5,-245,6.5,-117,-108,110,-130,1.5,-225,6.5,-120,100,110,-130,1.5,-240,6.5,-115,-107,110,-130,1.5,-215,6.5,-125,105,,,,,,,,117,-138,1.5,-215,6.5,-125,105,108,-122,1.5,-220,6.5,-120,104,111,-136,1.5,-210,6.5,-121,-101,108,-122,1.5,-220,6.5,-120,104,110,-130,1.5,-220,6.5,-120,100,110,-130,6.5,13
2026-03-24T22:05:15Z,manual,2026-03-24,2026-03-24T23:00:00Z,e3b53c7d36e6b34c84b5d64084e8022d,New York Islanders,Chicago Blackhawks,-164,136,-1.5,144,6.5,108,-132,-162,136,-1.5,150,5.5,-135,114,-160,135,-1.5,150,6.0,-105,-115,-165,140,-1.5,158,6.0,-105,-115,-190,155,-1.5,130,6.0,100,-127,-160,130,-1.5,150,5.5,-140,115,-186,155,-1.5,132,6.0,102,-125,-170,145,-1.5,145,5.5,-135,115,,,,,,,,-170,145,-1.5,150,6.0,-105,-115,-160,141,-1.5,153,6.0,-108,-108,-165,134,-1.5,146,6.0,-109,-112,-160,141,-1.5,153,6.0,-108,-108,-165,142,-1.5,152,6.0,-110,-110,-167,141,6.0,13
2026-03-24T22:05:15Z,manual,2026-03-24,2026-03-24T23:00:00Z,0a39e6dffc7507394d752f81e6147615,Pittsburgh Penguins,Colorado Avalanche,142,-172,1.5,-172,6.5,-122,100,145,-175,1.5,-175,6.5,-122,102,140,-170,1.5,-170,6.5,-125,105,148,-175,1.5,-160,6.5,-125,105,155,-190,1.5,-175,6.5,-129,102,140,-170,1.5,-170,6.5,-125,105,155,-190,1.5,-175,6.5,-129,102,145,-170,1.5,-175,6.5,-120,100,,,,,,,,145,-170,1.5,-177,6.5,-125,105,144,-164,1.5,-180,6.5,-126,110,139,-172,1.5,-168,6.5,-124,102,144,-164,1.5,-180,6.5,-126,110,142,-165,1.5,-180,6.5,-125,105,145,-173,6.5,13
2026-03-24T22:05:15Z,manual,2026-03-24,2026-03-24T23:00:00Z,3978c8cb74be58dbfd560b5a920c202e,Philadelphia Flyers,Columbus Blue Jackets,114,-137,1.5,-220,5.5,-128,104,114,-135,1.5,-225,5.5,-125,105,115,-135,1.5,-220,6.0,100,-120,115,-135,1.5,-215,6.0,-105,-115,118,-143,1.5,-230,6.0,100,-125,115,-140,1.5,-225,5.5,-125,105,120,-141,1.5,-225,6.0,100,-124,120,-140,1.5,-215,5.5,-125,105,,,,,,,,115,-135,1.5,-225,5.5,-120,100,120,-136,1.5,-220,6.0,104,-120,110,-135,1.5,-224,6.0,101,-123,120,-136,1.5,-220,6.0,104,-120,115,-135,1.5,-220,6.0,-105,-115,116,-137,5.8,13
2026-03-24T22:05:15Z,manual,2026-03-24,2026-03-24T23:00:00Z,d6742168b83a5f7b60921f4a77422d4d,Detroit Red Wings,Ottawa Senators,-128,106,-1.5,186,5.5,-122,100,-130,110,-1.5,195,5.5,-125,105,-130,110,-1.5,195,6.0,100,-120,-135,115,-1.5,185,6.0,100,-120,-143,120,-1.5,170,5.5,-124,-104,-130,110,-1.5,190,5.5,-125,105,-143,120,-1.5,175,5.5,-122,-103,-125,110,-1.5,190,5.5,-125,105,,,,,,,,-125,105,-1.5,200,5.5,-122,102,-125,110,-1.5,197,6.0,104,-120,-129,106,-1.5,193,5.5,-124,102,-125,110,-1.5,197,6.0,104,-120,-130,110,-1.5,200,6.0,100,-120,-131,111,5.8,13
2026-03-24T22:05:15Z,manual,2026-03-24,2026-03-24T23:00:00Z,c38fb7e74adb36818b56b38cad851d56,Florida Panthers,Seattle Kraken,-134,112,-1.5,172,5.5,-142,116,-130,110,-1.5,180,5.5,-135,114,-130,110,-1.5,180,6.0,-110,-110,-130,110,-1.5,175,6.0,-110,-110,-139,114,-1.5,175,6.0,-112,-113,-130,110,-1.5,185,5.5,-130,110,-136,115,-1.5,180,6.0,-113,-110,-135,115,-1.5,175,5.5,-130,110,,,,,,,,-130,110,-1.5,185,6.0,-103,-117,-130,115,-1.5,185,6.0,-106,-110,-135,110,-1.5,177,6.0,-110,-111,-130,115,-1.5,185,6.0,-106,-110,-130,110,-1.5,188,6.0,-110,-110,-132,112,5.8,13
2026-03-24T22:05:15Z,manual,2026-03-24,2026-03-24T23:30:00Z,c4562bec7d3dd2283876ab856c887765,Tampa Bay Lightning,Minnesota Wild,-162,134,-1.5,154,6.5,102,-124,-170,142,-1.5,150,6.5,105,-125,-170,140,-1.5,150,6.5,100,-120,-165,140,-1.5,148,6.5,100,-120,-175,140,-1.5,145,6.5,-103,-124,-170,140,-1.5,150,6.5,100,-120,-167,143,-1.5,145,6.5,-103,-122,-165,140,-1.5,145,6.5,100,-120,,,,,,,,-165,140,-1.5,150,6.5,-103,-117,-162,142,-1.5,147,6.5,104,-120,-162,132,-1.5,145,6.5,-102,-120,-162,142,-1.5,147,6.5,104,-120,-160,138,-1.5,152,6.5,100,-120,-166,139,6.5,13
2026-03-24T22:05:15Z,manual,2026-03-24,2026-03-25T00:00:00Z,321c46ee4915d84877d9116089323e6c,Dallas Stars,New Jersey Devils,-162,134,-1.5,152,5.5,-130,106,-166,140,-1.5,154,5.5,-130,110,-170,140,-1.5,155,6.0,-105,-115,-170,143,-1.5,152,5.5,-135,115,-175,140,-1.5,143,6.0,-103,-124,-170,140,-1.5,160,5.5,-130,110,-167,143,-1.5,145,6.0,-103,-122,-165,140,-1.5,150,5.5,-130,110,,,,,,,,-165,140,-1.5,160,6.0,-103,-117,-163,143,-1.5,156,5.5,-127,111,-168,137,-1.5,154,6.0,-106,-115,-163,143,-1.5,156,5.5,-127,111,-165,142,-1.5,156,6.0,-105,-115,-167,140,5.8,13
2026-03-24T22:05:15Z,manual,2026-03-24,2026-03-25T00:00:00Z,351e519c57cfbc590c31ddf7456f12fe,Nashville Predators,San Jose Sharks,-137,114,-1.5,168,6.5,102,-124,-142,120,-1.5,170,6.5,100,-120,-140,118,-1.5,170,6.5,100,-120,-145,122,-1.5,175,6.5,100,-120,-139,114,-1.5,175,6.5,-107,-118,-140,115,-1.5,175,6.5,100,-120,-137,116,-1.5,175,6.5,-106,-118,-140,120,-1.5,170,6.5,100,-120,,,,,,,,-135,115,-1.5,175,6.5,100,-120,-133,117,-1.5,178,6.5,101,-117,-138,113,-1.5,169,6.5,-101,-120,-133,117,-1.5,178,6.5,101,-117,-135,115,-1.5,176,6.5,100,-120,-138,117,6.5,13
2026-03-24T22:05:15Z,manual,2026-03-24,2026-03-25T00:00:00Z,a2ed97ee6dbc9d2dfa6fb42709ed3251,St Louis Blues,Washington Capitals,-110,-110,-1.5,225,5.5,-122,100,-108,-112,-1.5,230,5.5,-125,105,-110,-110,1.5,-295,5.5,-120,100,-110,-110,-1.5,222,5.5,-125,105,-110,-110,1.5,-295,6.0,-104,-122,-110,-110,1.5,-275,5.5,-120,100,-109,-109,1.5,-286,6.0,-103,-122,-110,-110,1.5,-290,5.5,-125,105,,,,,,,,-108,-112,1.5,-275,5.5,-117,-103,-107,-107,-1.5,234,5.5,-120,104,-111,-110,-1.5,218,6.0,-102,-119,-107,-107,-1.5,234,5.5,-120,104,-110,-110,-1.5,236,5.5,-120,100,-109,-110,5.8,13
2026-03-24T22:05:15Z,manual,2026-03-24,2026-03-25T00:00:00Z,058954c285fbfd3f7ecc651b36c4700b,Winnipeg Jets,Vegas Golden Knights,106,-128,1.5,-230,5.5,-132,108,110,-130,1.5,-230,5.5,-130,110,110,-130,1.5,-235,6.0,-105,-115,115,-135,1.5,-220,6.0,-105,-115,112,-136,1.5,-240,6.0,100,-127,110,-130,1.5,-240,5.5,-130,110,112,-134,1.5,-235,6.0,102,-125,110,-130,1.5,-225,5.5,-130,110,,,,,,,,107,-128,1.5,-245,6.0,102,-122,111,-126,1.5,-230,6.0,-101,-115,107,-131,1.5,-240,6.0,-104,-117,111,-126,1.5,-230,6.0,-101,-115,110,-130,1.5,-230,6.0,-105,-115,110,-130,5.8,13
2026-03-24T22:05:15Z,manual,2026-03-24,2026-03-25T01:00:00Z,eaa7752f14bf975ca0d695298a7f33b8,Calgary Flames,Los Angeles Kings,122,-146,1.5,-200,5.5,-122,100,120,-142,1.5,-218,5.5,-120,100,120,-145,1.5,-210,5.5,-120,100,122,-145,1.5,-220,5.5,-120,100,128,-157,1.5,-210,6.0,100,-125,120,-145,1.5,-210,5.5,-120,100,130,-155,1.5,-205,6.0,100,-124,120,-140,1.5,-225,5.5,-120,100,,,,,,,,122,-142,1.5,-220,5.5,-115,-105,127,-144,1.5,-208,5.5,-120,104,117,-144,1.5,-219,5.5,-122,-101,127,-144,1.5,-208,5.5,-120,104,120,-140,1.5,-210,5.5,-120,100,123,-145,5.8,13
2026-03-24T22:05:15Z,manual,2026-03-24,2026-03-25T01:30:00Z,12f4644e10706c79b4bbc7e2ca3765be,Utah Mammoth,Edmonton Oilers,-128,106,-1.5,184,6.5,-118,-104,-135,114,-1.5,180,6.5,-122,102,-135,115,-1.5,180,6.5,-120,100,-135,115,-1.5,180,6.5,-120,100,-130,107,-1.5,188,6.5,-118,-108,-130,110,-1.5,185,6.5,-120,100,-129,108,-1.5,188,6.5,-117,-107,-130,110,-1.5,180,6.5,-120,100,,,,,,,,-133,112,-1.5,185,6.5,-120,100,-130,115,-1.5,180,6.5,-120,104,-132,108,-1.5,178,6.5,-122,100,-130,115,-1.5,180,6.5,-120,104,-130,110,-1.5,184,6.5,-120,100,-131,111,6.5,13
2026-03-24T22:05:15Z,manual,2026-03-24,2026-03-25T02:00:00Z,e01ce333fee77885df691ec74a3a93e7,Vancouver Canucks,Anaheim Ducks,152,-184,1.5,-168,6.5,-130,106,150,-180,1.5,-155,6.5,-130,110,154,-185,1.5,-155,6.5,-135,110,158,-190,1.5,-155,6.5,-130,110,165,-205,1.5,-159,6.5,-125,100,150,-180,1.5,-160,6.5,-125,105,165,-200,1.5,-157,6.5,-124,100,155,-185,1.5,-155,6.5,-125,105,,,,,,,,155,-180,1.5,-155,6.5,-128,107,154,-176,1.5,-155,6.5,-123,107,145,-179,1.5,-162,6.5,-128,105,154,-176,1.5,-155,6.5,-123,107,155,-180,1.5,-155,6.5,-130,110,155,-185,6.5,13
2026-03-24T22:05:15Z,manual,2026-03-24,2026-03-25T23:40:00Z,ab6aee6f5e7e50ae68276b27c22fd0b1,Buffalo Sabres,Boston Bruins,-188,155,-1.5,132,6.5,-105,-115,-180,150,-1.5,130,6.5,-105,-115,-185,150,-1.5,125,6.5,-105,-115,-178,150,-1.5,130,6.5,-105,-115,-180,148,-1.5,138,6.5,-109,-115,-180,150,-1.5,130,6.5,-105,-115,-180,148,-1.5,138,6.5,-108,-114,,,,,,,,,,,,,,,-175,150,-1.5,133,6.5,-105,-115,,,,,,,,,,,,,,,,,,,,,,,,,,,,,-181,150,6.5,8
2026-03-24T22:05:15Z,manual,2026-03-24,2026-03-25T23:40:00Z,91a31dec3fbc976904dd2e42901f5fa8,Toronto Maple Leafs,New York Rangers,-106,-113,1.5,-265,5.5,-120,-102,-105,-115,1.5,-270,5.5,-120,100,-105,-115,-1.5,220,5.5,-120,100,-105,-115,1.5,-267,5.5,-120,100,-117,-105,-1.5,205,6.0,100,-127,-110,-110,1.5,-275,5.5,-120,100,-115,-104,-1.5,205,6.0,102,-125,,,,,,,,,,,,,,,-105,-115,1.5,-270,5.5,-120,100,,,,,,,,,,,,,,,,,,,,,,,,,,,,,-108,-112,5.8,8
2026-03-25T22:59:51Z,manual,2026-03-25,2026-03-25T23:40:00Z,ab6aee6f5e7e50ae68276b27c22fd0b1,Buffalo Sabres,Boston Bruins,-220,180,-1.5,114,6.5,-114,-106,-218,180,-1.5,114,6.5,-120,100,-210,170,-1.5,110,6.5,-118,-102,-215,178,-1.5,115,6.5,-125,105,-235,185,-1.5,114,6.5,-115,-110,-210,175,-1.5,115,6.5,-115,-105,-230,188,-1.5,115,6.5,-114,-109,-210,175,-1.5,115,6.5,-120,100,,,,,,,,-220,180,-1.5,115,6.5,-115,-105,-198,173,-1.5,120,6.5,-115,-101,-222,177,-1.5,116,6.5,-118,-103,-198,173,-1.5,120,6.5,-115,-101,-205,175,-1.5,120,6.5,-115,-105,-215,178,6.5,13
2026-03-25T22:59:51Z,manual,2026-03-25,2026-03-25T23:40:00Z,91a31dec3fbc976904dd2e42901f5fa8,Toronto Maple Leafs,New York Rangers,114,-137,1.5,-215,6.5,104,-128,120,-142,1.5,-230,6.5,105,-125,118,-145,1.5,-200,6.0,-120,100,122,-145,1.5,-215,6.0,-125,105,110,-134,1.5,-240,6.0,-127,100,115,-140,1.5,-210,6.5,105,-125,112,-134,1.5,-235,6.0,-125,102,115,-135,1.5,-210,6.5,105,-125,,,,,,,,120,-140,1.5,-220,6.0,-117,-103,120,-136,1.5,-220,6.0,-120,104,108,-132,1.5,-229,6.0,-122,100,120,-136,1.5,-220,6.0,-120,104,115,-135,1.5,-220,6.0,-120,100,116,-138,6.2,13
2026-03-25T22:59:51Z,manual,2026-03-25,2026-03-26T23:00:00Z,0d07b0bc16914cd16d27e6efdda5709c,Philadelphia Flyers,Chicago Blackhawks,-176,146,-1.5,142,5.5,-122,100,-170,142,-1.5,160,5.5,-122,102,-170,140,-1.5,140,5.5,-120,100,-170,143,-1.5,158,6.0,-105,-115,-180,145,-1.5,138,6.0,-104,-122,-170,140,-1.5,150,5.5,-120,100,-177,148,-1.5,138,6.0,-103,-121,-170,145,-1.5,145,5.5,-120,100,,,,,,,,-168,142,-1.5,155,5.5,-120,100,-164,144,-1.5,161,5.5,-115,-101,,,,,,,,-164,144,-1.5,161,5.5,-115,-101,-165,142,-1.5,164,5.5,-115,-105,-170,143,5.8,12
2026-03-25T22:59:51Z,manual,2026-03-25,2026-03-26T23:00:00Z,e177659727b1af9292acb2a8a17a5a8a,Montréal Canadiens,Columbus Blue Jackets,-126,105,-1.5,190,6.5,-110,-110,-125,105,-1.5,205,6.5,-115,-105,-125,105,-1.5,180,6.5,-115,-105,-125,105,-1.5,205,6.5,-115,-105,-134,110,-1.5,175,6.5,-114,-110,-125,105,-1.5,190,6.5,-110,-110,-132,112,-1.5,180,6.5,-113,-109,-125,105,-1.5,185,6.5,-115,-105,,,,,,,,-125,105,-1.5,195,6.5,-110,-110,-121,107,-1.5,200,6.5,-115,-101,,,,,,,,-121,107,-1.5,200,6.5,-115,-101,-120,100,-1.5,204,6.5,-115,-105,-125,106,6.5,12
2026-03-25T22:59:51Z,manual,2026-03-25,2026-03-26T23:00:00Z,6f154e5425ac7de91c666137975d388d,New York Islanders,Dallas Stars,105,-126,1.5,-250,5.5,-120,-102,102,-122,1.5,-250,5.5,-120,100,105,-125,1.5,-235,5.5,-115,-105,105,-125,1.5,-250,5.5,-120,100,110,-136,1.5,-240,5.5,-127,100,105,-125,1.5,-250,5.5,-120,100,112,-132,1.5,-235,5.5,-125,100,105,-125,1.5,-265,5.5,-115,-105,,,,,,,,107,-128,1.5,-245,5.5,-117,-103,110,-125,1.5,-250,5.5,-110,-106,,,,,,,,110,-125,1.5,-250,5.5,-110,-106,105,-125,1.5,-250,5.5,-110,-110,107,-127,5.5,12
2026-03-25T22:59:51Z,manual,2026-03-25,2026-03-26T23:00:00Z,86b9d3367318cc518bb08f3eb5b94e7b,Florida Panthers,Minnesota Wild,126,-152,1.5,-205,5.5,-134,110,120,-142,1.5,-205,6.5,110,-130,118,-145,1.5,-200,6.0,-110,-110,118,-140,1.5,-205,6.0,-115,-105,125,-152,1.5,-210,6.0,-113,-113,120,-145,1.5,-200,6.5,115,-140,125,-150,1.5,-210,6.0,-112,-112,125,-145,1.5,-200,6.5,110,-130,,,,,,,,122,-142,1.5,-210,6.0,-112,-108,123,-140,1.5,-210,6.0,-110,-106,,,,,,,,123,-140,1.5,-210,6.0,-110,-106,120,-140,1.5,-205,6.0,-110,-110,122,-144,6.0,12
2026-03-25T22:59:51Z,manual,2026-03-25,2026-03-26T23:00:00Z,8642b100ab8ed115ed6acecb443e230e,Ottawa Senators,Pittsburgh Penguins,-152,126,-1.5,160,5.5,-142,116,-155,130,-1.5,170,6.5,105,-125,-150,125,-1.5,155,6.0,-118,-102,-155,130,-1.5,170,6.0,-120,100,-150,123,-1.5,165,6.0,-117,-109,-150,125,-1.5,165,6.5,110,-130,-148,125,-1.5,165,6.0,-115,-108,-150,130,-1.5,160,6.5,110,-130,,,,,,,,-150,130,-1.5,170,6.0,-122,102,-148,130,-1.5,177,6.0,-120,104,,,,,,,,-148,130,-1.5,177,6.0,-120,104,-150,129,-1.5,176,6.0,-120,100,-150,128,6.0,12
2026-03-25T22:59:51Z,manual,2026-03-25,2026-03-26T23:00:00Z,63ff0b1c118990abba7fba4bdded8c57,Tampa Bay Lightning,Seattle Kraken,-295,235,-1.5,-118,6.5,112,-138,-290,235,-1.5,-115,6.5,114,-135,-295,230,-1.5,-118,6.0,-115,-105,-292,235,-1.5,-115,6.0,-115,-105,-335,250,-1.5,-112,6.0,-120,-107,-285,230,-1.5,-115,6.5,115,-140,-315,255,-1.5,-110,6.0,-118,-106,-290,240,-1.5,-115,6.5,115,-135,,,,,,,,-290,240,-1.5,-112,6.0,-117,-103,-284,243,-1.5,-115,6.0,-115,-101,,,,,,,,-284,243,-1.5,-115,6.0,-115,-101,-285,238,-1.5,-115,6.0,-115,-105,-295,240,6.2,12
2026-03-25T22:59:51Z,manual,2026-03-25,2026-03-27T00:00:00Z,6d199999a290c76b534d073c7abfdcd7,Winnipeg Jets,Colorado Avalanche,168,-205,1.5,-152,6.5,110,-134,160,-192,1.5,-155,6.5,105,-125,165,-200,1.5,-145,6.0,-118,-102,158,-190,1.5,-155,6.0,-115,-105,163,-200,1.5,-162,6.0,-125,100,165,-200,1.5,-160,6.5,105,-125,163,-195,1.5,-159,6.0,-124,100,165,-195,1.5,-150,6.5,105,-125,,,,,,,,163,-190,1.5,-155,6.0,-115,-105,166,-190,1.5,-155,6.0,-112,-104,,,,,,,,166,-190,1.5,-155,6.0,-112,-104,163,-190,1.5,-155,6.0,-110,-110,164,-195,6.2,12
2026-03-25T22:59:51Z,manual,2026-03-25,2026-03-27T00:00:00Z,e22bc7bc35798e005e96cc45e87a2d42,Nashville Predators,New Jersey Devils,-118,-102,-1.5,198,5.5,-142,116,-115,-105,-1.5,215,6.5,110,-130,-115,-105,1.5,-275,6.0,-110,-110,-115,-105,-1.5,215,6.0,-115,-105,-118,-104,-1.5,205,6.0,-114,-110,-110,-110,-1.5,220,6.5,110,-130,-117,-103,-1.5,205,6.0,-113,-109,-115,-105,-1.5,200,6.5,115,-135,,,,,,,,-115,-105,-1.5,220,6.0,-115,-105,-111,-103,-1.5,222,6.0,-112,-104,,,,,,,,-111,-103,-1.5,222,6.0,-112,-104,-110,-110,-1.5,220,6.0,-110,-110,-114,-105,6.0,12
2026-03-25T22:59:51Z,manual,2026-03-25,2026-03-27T00:00:00Z,10559c030c7293bc53b2d0f326c45262,St Louis Blues,San Jose Sharks,-138,116,-1.5,180,6.5,106,-130,-135,114,-1.5,180,6.5,100,-120,-140,115,-1.5,165,6.0,-118,-102,-135,115,-1.5,180,6.5,105,-125,-141,116,-1.5,170,6.5,100,-125,-140,115,-1.5,185,6.5,105,-125,-139,117,-1.5,170,6.5,100,-124,-135,115,-1.5,175,6.5,105,-125,,,,,,,,-138,117,-1.5,178,6.0,-120,100,-135,119,-1.5,183,6.0,-118,102,,,,,,,,-135,119,-1.5,183,6.0,-118,102,-135,115,-1.5,188,6.0,-120,100,-137,116,6.2,12
2026-03-25T22:59:51Z,manual,2026-03-25,2026-03-27T01:00:00Z,6fd356a13c8665331b6f21b565459901,Calgary Flames,Anaheim Ducks,122,-146,1.5,-215,6.5,-102,-120,120,-142,1.5,-205,6.5,-105,-115,120,-145,1.5,-190,6.5,-110,-110,118,-140,1.5,-205,6.5,-110,-110,120,-143,1.5,-220,6.5,-103,-124,120,-145,1.5,-200,6.5,-105,-115,120,-143,1.5,-215,6.5,100,-122,120,-140,1.5,-200,6.5,-105,-115,,,,,,,,122,-142,1.5,-205,6.5,-110,-110,123,-140,1.5,-205,6.5,-108,-108,,,,,,,,123,-140,1.5,-205,6.5,-108,-108,120,-140,1.5,-205,6.5,-110,-110,121,-142,6.5,12
2026-03-25T22:59:51Z,manual,2026-03-25,2026-03-27T01:00:00Z,3959df0512860392efd8dc3a1066f611,Utah Mammoth,Washington Capitals,-150,125,-1.5,172,6.5,112,-138,-155,130,-1.5,170,6.5,110,-130,-150,125,-1.5,155,6.0,-110,-110,-155,130,-1.5,170,6.0,-110,-110,-148,120,-1.5,170,6.0,-122,-105,-150,125,-1.5,175,6.5,110,-130,-143,123,-1.5,170,6.0,-121,-104,-150,130,-1.5,165,6.5,110,-130,,,,,,,,-155,133,-1.5,168,6.0,-110,-110,-150,132,-1.5,174,6.0,-108,-108,,,,,,,,-150,132,-1.5,174,6.0,-108,-108,-150,129,-1.5,172,6.0,-110,-110,-150,128,6.2,12
2026-03-25T22:59:51Z,manual,2026-03-25,2026-03-27T01:30:00Z,f6d65306910a9e6269ab476bdfa69cb1,Vegas Golden Knights,Edmonton Oilers,-137,114,-1.5,172,6.5,-106,-114,-135,114,-1.5,185,6.5,-105,-115,-140,115,-1.5,165,6.5,-110,-110,-140,118,-1.5,180,6.5,-110,-110,-136,112,-1.5,180,6.5,-104,-122,-140,115,-1.5,175,6.5,-110,-110,-134,112,-1.5,180,6.5,-103,-121,-135,115,-1.5,170,6.5,-110,-110,,,,,,,,-140,120,-1.5,178,6.5,-112,-108,-136,120,-1.5,183,6.5,-108,-108,,,,,,,,-136,120,-1.5,183,6.5,-108,-108,-135,115,-1.5,184,6.5,-110,-110,-137,116,6.5,12
2026-03-25T22:59:51Z,manual,2026-03-25,2026-03-27T02:00:00Z,cd42b2a632ccfc158be49e864b62b3c8,Vancouver Canucks,Los Angeles Kings,142,-172,1.5,-176,6.5,114,-140,145,-175,1.5,-198,6.5,110,-130,145,-175,1.5,-160,6.0,-110,-110,143,-170,1.5,-190,6.0,-110,-110,145,-180,1.5,-180,6.0,-109,-117,145,-175,1.5,-175,6.5,115,-140,148,-177,1.5,-177,6.0,-108,-115,145,-170,1.5,-180,6.5,110,-130,,,,,,,,153,-177,1.5,-172,6.0,-108,-112,147,-167,1.5,-175,6.0,-108,-108,,,,,,,,147,-167,1.5,-175,6.0,-108,-108,142,-165,1.5,-175,6.0,-110,-110,146,-172,6.2,12
2026-03-26T21:56:23Z,evening,2026-03-26,2026-03-26T23:00:00Z,0d07b0bc16914cd16d27e6efdda5709c,Philadelphia Flyers,Chicago Blackhawks,-152,126,-1.5,164,5.5,-120,-102,-148,124,-1.5,170,5.5,-115,-105,-150,125,-1.5,165,5.5,-115,-105,-145,122,-1.5,158,5.5,-115,-105,-159,130,-1.5,155,5.5,-114,-112,-150,125,-1.5,165,5.5,-110,-110,-157,132,-1.5,155,5.5,-113,-110,-145,125,-1.5,170,5.5,-115,-105,,,,,,,,-150,130,-1.5,163,5.5,-112,-108,-144,127,-1.5,170,5.5,-108,-108,-146,119,-1.5,169,5.5,-115,-106,-144,127,-1.5,170,5.5,-108,-108,-150,129,-1.5,164,5.5,-110,-110,-149,126,5.5,13
2026-03-26T21:56:23Z,evening,2026-03-26,2026-03-26T23:00:00Z,e177659727b1af9292acb2a8a17a5a8a,Montréal Canadiens,Columbus Blue Jackets,-120,100,-1.5,205,6.5,-118,-104,-122,102,-1.5,205,6.5,-115,-105,-120,100,-1.5,200,6.5,-120,100,-120,100,-1.5,196,6.5,-120,100,-125,102,-1.5,188,6.5,-120,-107,-120,100,-1.5,200,6.5,-115,-105,-124,104,-1.5,190,6.5,-118,-106,-120,100,-1.5,190,6.5,-120,100,,,,,,,,-125,105,-1.5,205,6.5,-120,100,-114,100,-1.5,205,6.5,-120,104,-120,-102,-1.5,202,6.5,-122,100,-114,100,-1.5,205,6.5,-120,104,-115,-105,-1.5,212,6.5,-120,100,-120,70,6.5,13
2026-03-26T21:56:23Z,evening,2026-03-26,2026-03-26T23:00:00Z,6f154e5425ac7de91c666137975d388d,New York Islanders,Dallas Stars,108,-130,1.5,-235,5.5,-118,-104,102,-122,1.5,-250,5.5,-120,100,105,-125,1.5,-250,5.5,-120,100,105,-125,1.5,-250,5.5,-120,100,108,-132,1.5,-245,5.5,-120,-107,105,-125,1.5,-250,5.5,-120,100,110,-130,1.5,-240,5.5,-118,-106,110,-130,1.5,-235,5.5,-120,100,,,,,,,,102,-122,1.5,-245,5.5,-115,-105,110,-125,1.5,-240,5.5,-113,-103,105,-129,1.5,-246,5.5,-118,-104,110,-125,1.5,-240,5.5,-113,-103,105,-125,1.5,-240,5.5,-115,-105,107,-127,5.5,13
2026-03-26T21:56:23Z,evening,2026-03-26,2026-03-26T23:00:00Z,86b9d3367318cc518bb08f3eb5b94e7b,Florida Panthers,Minnesota Wild,134,-162,1.5,-180,6.5,104,-128,136,-162,1.5,-185,6.5,102,-122,135,-160,1.5,-180,6.5,-102,-118,140,-165,1.5,-175,6.0,-125,105,140,-175,1.5,-190,6.0,-121,-106,130,-160,1.5,-190,6.5,105,-125,140,-167,1.5,-186,6.0,-120,-105,135,-155,1.5,-180,6.5,100,-120,,,,,,,,135,-160,1.5,-195,6.5,102,-122,137,-156,1.5,-185,6.0,-125,109,130,-160,1.5,-183,6.0,-122,100,137,-156,1.5,-185,6.0,-125,109,135,-156,1.5,-180,6.0,-125,105,136,-161,6.2,13
2026-03-26T21:56:23Z,evening,2026-03-26,2026-03-26T23:00:00Z,8642b100ab8ed115ed6acecb443e230e,Ottawa Senators,Pittsburgh Penguins,-150,125,-1.5,158,6.5,106,-130,-148,124,-1.5,164,6.5,105,-125,-150,125,-1.5,165,6.0,-120,100,-145,122,-1.5,170,6.0,-125,105,-157,128,-1.5,160,6.0,-124,-103,-150,125,-1.5,165,6.5,105,-125,-155,130,-1.5,160,6.0,-122,100,-145,125,-1.5,160,6.5,105,-125,,,,,,,,-147,127,-1.5,170,6.0,-120,100,-144,127,-1.5,170,6.0,-120,104,-150,122,-1.5,158,6.0,-124,101,-144,127,-1.5,170,6.0,-120,104,-145,125,-1.5,168,6.0,-120,100,-148,126,6.2,13
2026-03-26T21:56:23Z,evening,2026-03-26,2026-03-26T23:00:00Z,63ff0b1c118990abba7fba4bdded8c57,Tampa Bay Lightning,Seattle Kraken,-310,245,-1.5,-120,6.5,104,-128,-290,235,-1.5,-115,6.5,105,-125,-300,240,-1.5,-120,6.5,100,-120,-320,250,-1.5,-125,6.0,-130,110,-315,245,-1.5,-118,6.0,-127,100,-300,240,-1.5,-120,6.5,105,-125,-305,245,-1.5,-117,6.0,-125,102,-290,240,-1.5,-120,6.5,105,-125,,,,,,,,-300,250,-1.5,-117,6.5,105,-125,-288,247,-1.5,-122,6.0,-125,109,-295,230,-1.5,-114,6.0,-123,101,-288,247,-1.5,-122,6.0,-125,109,-290,240,-1.5,-120,6.5,100,-120,-299,243,6.2,13
2026-03-26T21:56:23Z,evening,2026-03-26,2026-03-27T00:00:00Z,6d199999a290c76b534d073c7abfdcd7,Winnipeg Jets,Colorado Avalanche,155,-188,1.5,-162,6.5,112,-138,154,-185,1.5,-162,6.5,114,-135,155,-190,1.5,-160,6.0,-110,-110,158,-190,1.5,-155,6.0,-110,-110,150,-182,1.5,-175,6.0,-120,-107,150,-180,1.5,-170,6.5,110,-130,150,-182,1.5,-175,6.0,-118,-106,155,-185,1.5,-160,6.5,115,-135,,,,,,,,160,-185,1.5,-168,6.0,-112,-108,153,-175,1.5,-163,6.0,-107,-109,146,-181,1.5,-170,6.0,-110,-111,153,-175,1.5,-163,6.0,-107,-109,150,-175,1.5,-165,6.0,-110,-110,153,-183,6.2,13
2026-03-26T21:56:23Z,evening,2026-03-26,2026-03-27T00:00:00Z,e22bc7bc35798e005e96cc45e87a2d42,Nashville Predators,New Jersey Devils,-110,-110,1.5,-240,6.5,100,-122,-115,-105,-1.5,215,6.5,102,-122,-115,-105,1.5,-250,6.0,-120,100,-115,-105,-1.5,215,6.0,-120,100,-118,-104,-1.5,205,6.0,-125,100,-110,-110,-1.5,220,6.5,105,-125,-117,-103,-1.5,205,6.0,-124,100,-110,-110,1.5,-260,6.5,105,-125,,,,,,,,-112,-108,-1.5,215,6.0,-120,100,-107,-107,-1.5,219,6.0,-120,104,-111,-110,-1.5,212,6.0,-121,-101,-107,-107,-1.5,219,6.0,-120,104,-110,-110,-1.5,220,6.0,-120,100,-112,-107,6.2,13
2026-03-26T21:56:23Z,evening,2026-03-26,2026-03-27T00:00:00Z,10559c030c7293bc53b2d0f326c45262,St Louis Blues,San Jose Sharks,-137,114,-1.5,184,6.5,110,-134,-135,114,-1.5,180,6.5,114,-135,-135,115,-1.5,180,6.0,-115,-105,-130,110,-1.5,175,6.0,-115,-105,-137,112,-1.5,175,6.0,-106,-120,-140,115,-1.5,185,6.5,115,-140,-136,114,-1.5,175,6.0,-105,-118,-135,115,-1.5,175,5.5,-135,115,,,,,,,,-130,110,-1.5,185,6.0,-103,-117,-128,113,-1.5,183,6.0,-103,-113,-133,109,-1.5,185,6.0,-113,-108,-128,113,-1.5,183,6.0,-103,-113,-130,110,-1.5,188,6.0,-105,-115,-133,113,6.0,13
2026-03-26T21:56:23Z,evening,2026-03-26,2026-03-27T01:00:00Z,6fd356a13c8665331b6f21b565459901,Calgary Flames,Anaheim Ducks,115,-138,1.5,-215,6.5,-115,-105,110,-130,1.5,-218,6.5,-115,-105,110,-130,1.5,-210,6.5,-115,-105,115,-135,1.5,-215,6.5,-115,-105,114,-139,1.5,-230,6.5,-108,-117,110,-130,1.5,-210,6.5,-115,-105,116,-137,1.5,-225,6.5,-107,-115,115,-135,1.5,-210,6.5,-115,-105,,,,,,,,110,-130,1.5,-220,6.5,-117,-103,113,-128,1.5,-215,6.5,-115,-101,110,-135,1.5,-214,6.5,-116,-106,113,-128,1.5,-215,6.5,-115,-101,110,-130,1.5,-215,6.5,-120,100,112,-133,6.5,13
2026-03-26T21:56:23Z,evening,2026-03-26,2026-03-27T01:00:00Z,3959df0512860392efd8dc3a1066f611,Utah Mammoth,Washington Capitals,-138,115,-1.5,176,5.5,-140,114,-135,114,-1.5,180,5.5,-135,114,-135,115,-1.5,180,6.0,-110,-110,-135,115,-1.5,178,6.0,-110,-110,-143,118,-1.5,175,6.0,-108,-118,-140,115,-1.5,175,5.5,-140,115,-141,120,-1.5,175,6.0,-107,-117,-135,115,-1.5,175,5.5,-135,115,,,,,,,,-138,117,-1.5,180,6.0,-105,-115,-134,118,-1.5,183,6.0,-106,-110,-140,114,-1.5,172,6.0,-107,-114,-134,118,-1.5,183,6.0,-106,-110,-135,115,-1.5,184,6.0,-110,-110,-137,116,5.8,13
2026-03-26T21:56:23Z,evening,2026-03-26,2026-03-27T01:30:00Z,f6d65306910a9e6269ab476bdfa69cb1,Vegas Golden Knights,Edmonton Oilers,-137,114,-1.5,172,6.5,-114,-106,-135,114,-1.5,185,6.5,-115,-105,-135,115,-1.5,180,6.5,-115,-105,-135,115,-1.5,180,6.5,-125,105,-141,117,-1.5,170,6.5,-110,-114,-140,115,-1.5,175,6.5,-115,-105,-139,118,-1.5,175,6.5,-110,-113,-135,115,-1.5,170,6.5,-115,-105,,,,,,,,-135,115,-1.5,180,6.5,-115,-105,-133,117,-1.5,177,6.5,-115,-101,-136,111,-1.5,180,6.5,-116,-105,-133,117,-1.5,177,6.5,-115,-101,-135,115,-1.5,176,6.5,-115,-105,-136,115,6.5,13
2026-03-26T21:56:23Z,evening,2026-03-26,2026-03-27T02:00:00Z,cd42b2a632ccfc158be49e864b62b3c8,Vancouver Canucks,Los Angeles Kings,150,-182,1.5,-164,5.5,-138,112,145,-175,1.5,-175,5.5,-135,114,145,-175,1.5,-165,6.0,-110,-110,148,-175,1.5,-155,6.0,-105,-115,150,-186,1.5,-175,6.0,-109,-117,145,-175,1.5,-170,5.5,-140,115,155,-186,1.5,-167,6.0,-108,-115,150,-175,1.5,-175,5.5,-135,115,,,,,,,,150,-175,1.5,-172,6.0,-108,-112,149,-170,1.5,-170,6.0,-108,-108,141,-175,1.5,-175,6.0,-110,-111,149,-170,1.5,-170,6.0,-108,-108,146,-170,1.5,-170,6.0,-110,-110,148,-176,5.8,13
2026-03-26T21:56:23Z,evening,2026-03-26,2026-03-27T23:10:00Z,c8944643107edfc1012baabcaa72614c,Buffalo Sabres,Detroit Red Wings,-164,136,-1.5,152,6.5,100,-122,-155,130,-1.5,160,6.5,114,-135,-155,125,-1.5,155,6.0,-105,-115,-155,130,-1.5,162,6.0,-115,-105,-167,138,-1.5,148,6.5,-104,-124,-160,130,-1.5,160,6.5,110,-130,-165,138,-1.5,150,6.5,-103,-122,,,,,,,,,,,,,,,-150,130,-1.5,160,6.5,115,-135,,,,,,,,,,,,,,,,,,,,,,,,,,,,,-159,132,6.2,8
2026-03-26T21:56:23Z,evening,2026-03-26,2026-03-27T23:10:00Z,d1b771dc57d6a0d3b0c0ec52d0b99dbf,New York Rangers,Chicago Blackhawks,-162,134,-1.5,156,6.5,116,-142,-162,136,-1.5,164,5.5,-125,105,-160,135,-1.5,145,5.5,-125,105,-160,135,-1.5,162,5.5,-125,105,-165,135,-1.5,150,6.0,-114,-112,-160,130,-1.5,160,5.5,-125,105,-165,135,-1.5,150,6.0,-113,-110,,,,,,,,,,,,,,,-160,135,-1.5,163,5.5,-125,105,,,,,,,,,,,,,,,,,,,,,,,,,,,,,-162,134,6.0,8
2026-03-27T22:01:02Z,manual,2026-03-27,2026-03-27T23:10:00Z,c8944643107edfc1012baabcaa72614c,Buffalo Sabres,Detroit Red Wings,-138,115,-1.5,180,6.5,106,-130,-142,120,-1.5,164,6.5,110,-130,-145,118,-1.5,165,6.0,-120,100,-140,118,-1.5,158,6.0,-125,105,-155,128,-1.5,160,6.5,-103,-124,-140,115,-1.5,175,6.5,105,-125,-152,128,-1.5,160,6.5,100,-122,-140,120,-1.5,170,6.5,110,-130,,,,,,,,-145,125,-1.5,170,6.5,102,-122,-137,121,-1.5,177,6.0,-115,-101,-146,119,-1.5,162,6.0,-116,-105,-137,121,-1.5,177,6.0,-115,-101,-140,120,-1.5,176,6.5,102,-122,-143,121,6.2,13
2026-03-27T22:01:02Z,manual,2026-03-27,2026-03-27T23:10:00Z,d1b771dc57d6a0d3b0c0ec52d0b99dbf,New York Rangers,Chicago Blackhawks,-182,150,-1.5,142,6.5,100,-122,-185,154,-1.5,142,6.5,110,-130,-185,150,-1.5,125,6.0,-120,100,-180,152,-1.5,143,6.0,-125,105,-182,148,-1.5,140,6.0,-127,100,-180,150,-1.5,145,6.5,100,-120,-180,150,-1.5,140,6.0,-125,100,-175,150,-1.5,135,6.5,105,-125,,,,,,,,-170,145,-1.5,147,6.5,-103,-117,-172,151,-1.5,152,6.0,-120,104,-188,151,-1.5,138,6.0,-119,-102,-172,151,-1.5,152,6.0,-120,104,-170,146,-1.5,152,6.0,-120,100,-179,150,6.2,13
2026-03-27T22:01:02Z,manual,2026-03-27,2026-03-28T17:00:00Z,9aaeedabcec3cd78e36ce1f5a44d513d,New York Islanders,Florida Panthers,-178,146,-1.5,142,5.5,-115,-105,-175,145,-1.5,142,5.5,-118,-102,-175,145,-1.5,135,5.5,-118,-102,-170,143,-1.5,143,5.5,-115,-105,-190,155,-1.5,132,5.5,-115,-110,-175,145,-1.5,140,5.5,-115,-105,-186,155,-1.5,133,5.5,-114,-109,-175,150,-1.5,140,5.5,-115,-105,,,,,,,,,,,,,,,-170,149,,,5.5,-115,-101,,,,,,,,-170,149,,,5.5,-115,-101,-170,146,,,5.5,-115,-105,-176,148,5.5,11
2026-03-27T22:01:02Z,manual,2026-03-27,2026-03-28T17:00:00Z,394c593042fe9fe839d6c58647c093df,Tampa Bay Lightning,Ottawa Senators,-166,138,-1.5,146,6.5,108,-132,-170,142,-1.5,150,6.5,114,-135,-170,140,-1.5,140,6.0,-105,-115,-175,148,-1.5,150,6.5,110,-130,-175,140,-1.5,145,6.0,-120,-106,-170,140,-1.5,150,6.5,115,-140,-167,143,-1.5,145,6.0,-118,-105,-170,145,-1.5,140,6.5,115,-135,,,,,,,,,,,,,,,-165,145,,,6.0,-106,-110,,,,,,,,-165,145,,,6.0,-106,-110,-165,142,,,6.0,-110,-110,-169,143,6.2,11
2026-03-27T22:01:02Z,manual,2026-03-27,2026-03-28T19:30:00Z,f45b4166c05f76d1695468da00b89b63,Edmonton Oilers,Anaheim Ducks,-146,122,-1.5,158,6.5,-154,126,-148,124,-1.5,160,6.5,-142,120,-150,125,-1.5,145,7.0,105,-130,-145,122,-1.5,158,6.5,-140,118,-143,120,-1.5,165,7.0,108,-139,-150,125,-1.5,160,6.5,-150,125,-143,120,-1.5,170,7.0,110,-137,-145,125,-1.5,150,6.5,-155,125,,,,,,,,,,,,,,,-145,128,,,7.0,112,-128,,,,,,,,-145,128,,,7.0,112,-128,-145,125,,,7.0,110,-130,-146,124,6.8,11
2026-03-27T22:01:02Z,manual,2026-03-27,2026-03-28T21:00:00Z,0239b57a2eab58422b627445646022d5,Boston Bruins,Minnesota Wild,105,-126,1.5,-235,6.5,104,-128,100,-120,1.5,-250,6.5,105,-125,100,-120,1.5,-235,6.0,-118,-102,100,-120,1.5,-260,6.5,105,-125,-103,-120,1.5,-275,6.0,-122,-104,100,-120,1.5,-250,6.5,105,-125,100,-118,1.5,-265,6.0,-121,-103,100,-120,1.5,-250,6.5,105,-125,,,,,,,,,,,,,,,104,-118,,,6.5,109,-125,,,,,,,,104,-118,,,6.5,109,-125,100,-120,,,6.5,105,-125,83,-120,6.2,11
2026-03-27T22:01:02Z,manual,2026-03-27,2026-03-28T21:00:00Z,70c07fd4bbfc8a4b0caa8904186da57a,Carolina Hurricanes,New Jersey Devils,-220,180,-1.5,116,6.5,106,-130,-218,180,-1.5,114,6.5,100,-120,-220,180,-1.5,105,6.5,-102,-118,-220,180,-1.5,115,6.5,100,-120,-225,180,-1.5,116,6.0,-127,100,-210,175,-1.5,115,6.5,100,-120,-220,180,-1.5,117,6.0,-125,100,-215,180,-1.5,115,6.5,105,-125,,,,,,,,,,,,,,,-205,179,,,6.5,-101,-115,,,,,,,,-205,179,,,6.5,-101,-115,,,,,,,,-216,179,6.2,10
2026-03-27T22:01:02Z,manual,2026-03-27,2026-03-28T21:00:00Z,05bbc266ec222eeb545ad47a2eab94e0,Columbus Blue Jackets,San Jose Sharks,-210,172,-1.5,118,6.5,-110,-110,-205,170,-1.5,114,6.5,-110,-110,-210,170,-1.5,110,6.5,-110,-110,-205,170,-1.5,115,6.5,-110,-110,-210,170,-1.5,120,6.5,-114,-112,-200,165,-1.5,115,6.5,-110,-110,-210,170,-1.5,123,6.5,-113,-110,-200,170,-1.5,115,6.5,-110,-110,,,,,,,,,,,,,,,-195,171,,,6.5,-108,-108,,,,,,,,-195,171,,,6.5,-108,-108,-195,167,,,6.5,-110,-110,-203,170,6.5,11
2026-03-27T22:01:02Z,manual,2026-03-27,2026-03-28T21:00:00Z,f3e3cc3e6294cf13fed8a7d33adc8956,Pittsburgh Penguins,Dallas Stars,104,-125,1.5,-265,5.5,-130,106,105,-125,1.5,-230,5.5,-122,102,105,-125,1.5,-225,5.5,-120,100,100,-120,1.5,-225,5.5,-125,105,110,-132,1.5,-240,6.0,-106,-121,105,-125,1.5,-240,5.5,-125,105,110,-130,1.5,-235,6.0,-105,-120,105,-125,1.5,-265,5.5,-130,110,,,,,,,,,,,,,,,,,,,,,,,,,,,,,,,,,,,,,,,,,,,106,-126,5.8,8
2026-03-27T22:01:02Z,manual,2026-03-27,2026-03-28T21:30:00Z,bd12a6cf2fbc34af92080f5d4cb8c142,Buffalo Sabres,Seattle Kraken,-200,164,-1.5,128,6.5,-102,-120,-192,160,-1.5,130,6.5,100,-120,-190,155,-1.5,125,6.0,-125,105,-195,162,-1.5,130,6.5,100,-120,-205,165,-1.5,123,6.5,-106,-121,-190,160,-1.5,130,6.5,100,-120,-200,165,-1.5,125,6.5,-105,-120,,,,,,,,,,,,,,,,,,,,,,,,,,,,,,,,,,,,,,,,,,,,,,,,,,-196,162,6.2,7
2026-03-27T22:01:02Z,manual,2026-03-27,2026-03-28T23:00:00Z,a805b62b105fd0aa26de4061e2b53337,Colorado Avalanche,Winnipeg Jets,-285,230,-1.5,-112,6.5,112,-138,-270,220,-1.5,-112,6.5,114,-135,-275,220,-1.5,-110,6.0,-110,-110,-278,222,-1.5,-110,6.5,115,-135,-286,225,-1.5,-113,6.0,-118,-108,-275,220,-1.5,-110,6.5,115,-140,-278,230,-1.5,-112,6.0,-117,-107,-275,225,-1.5,-110,5.5,-145,120,,,,,,,,,,,,,,,-270,232,,,6.0,-106,-110,,,,,,,,-270,232,,,6.0,-106,-110,-270,225,,,6.0,-110,-110,-276,226,6.0,11
2026-03-27T22:01:02Z,manual,2026-03-27,2026-03-28T23:00:00Z,35e32918fc1dcb6bac7fcdf851867029,Nashville Predators,Montréal Canadiens,100,-120,1.5,-250,6.5,-110,-110,100,-120,1.5,-245,6.5,-110,-110,100,-120,1.5,-225,6.5,-105,-115,100,-120,1.5,-260,6.5,-110,-110,104,-127,1.5,-250,6.5,-113,-112,100,-120,1.5,-250,6.5,-110,-110,105,-125,1.5,-250,6.5,-112,-110,100,-120,1.5,-250,6.5,-105,-115,,,,,,,,,,,,,,,101,-115,,,6.5,-101,-115,,,,,,,,101,-115,,,6.5,-101,-115,-105,-115,,,6.5,-105,-115,82,-120,6.5,11
2026-03-27T22:01:02Z,manual,2026-03-27,2026-03-28T23:00:00Z,8bab68b12c9382d84d3e1f0a1d58621e,St Louis Blues,Toronto Maple Leafs,-146,122,-1.5,168,5.5,-124,102,-135,114,-1.5,170,5.5,-122,102,-135,110,-1.5,180,5.5,-120,100,-135,115,-1.5,170,5.5,-125,105,-143,118,-1.5,170,5.5,-122,-104,-140,115,-1.5,175,5.5,-120,100,-141,120,-1.5,170,5.5,-122,-103,-135,115,-1.5,175,5.5,-130,110,,,,,,,,,,,,,,,-130,115,,,6.0,-106,-110,,,,,,,,-130,115,,,6.0,-106,-110,-130,110,,,6.0,-110,-110,-136,115,5.8,11
2026-03-27T22:01:02Z,manual,2026-03-27,2026-03-29T00:00:00Z,370bf3bc5ac52a0421972e9a954378f6,Detroit Red Wings,Philadelphia Flyers,-140,116,-1.5,172,5.5,-140,112,-135,114,-1.5,185,5.5,-135,114,-140,115,-1.5,170,6.0,-110,-110,-135,115,-1.5,185,5.5,-135,115,-148,120,-1.5,163,6.0,-106,-120,-140,115,-1.5,175,5.5,-130,110,-148,123,-1.5,163,6.0,-105,-120,,,,,,,,,,,,,,,,,,,,,,,,,,,,,,,,,,,,,,,,,,,,,,,,,,-141,117,5.8,7
2026-03-27T22:01:02Z,manual,2026-03-27,2026-03-29T01:00:00Z,01cd56053db51e1cd6f4c9ea60fc009d,Los Angeles Kings,Utah Mammoth,-110,-110,-1.5,220,5.5,-118,-104,-115,-105,-1.5,205,5.5,-118,-102,-110,-110,1.5,-275,5.5,-120,100,-115,-105,-1.5,205,5.5,-120,100,-113,-108,-1.5,220,5.5,-117,-109,-110,-110,-1.5,220,5.5,-115,-105,-112,-107,-1.5,220,5.5,-115,-108,-110,-110,-1.5,210,5.5,-120,100,,,,,,,,,,,,,,,-104,-110,,,5.5,-120,104,,,,,,,,-104,-110,,,5.5,-120,104,-110,-110,,,5.5,-120,100,-110,-109,5.5,11
2026-03-27T22:01:02Z,manual,2026-03-27,2026-03-29T02:00:00Z,7f882304b0ce0db9fa478ba23ceb0ad1,Calgary Flames,Vancouver Canucks,-170,140,-1.5,140,5.5,-130,106,-166,140,-1.5,140,5.5,-135,114,-170,140,-1.5,140,6.0,-120,100,-165,140,-1.5,143,5.5,-135,115,-165,135,-1.5,150,6.0,-103,-124,-170,140,-1.5,140,5.5,-130,110,-162,135,-1.5,155,6.0,100,-122,-170,145,-1.5,145,5.5,-135,115,,,,,,,,,,,,,,,-165,145,,,6.0,-106,-110,,,,,,,,-165,145,,,6.0,-106,-110,-165,142,,,6.0,-110,-110,-167,141,5.8,11
2026-03-27T22:01:02Z,manual,2026-03-27,2026-03-29T02:30:00Z,88beeeb0b117f3587fb9311c1e81d35e,Vegas Golden Knights,Washington Capitals,-156,130,-1.5,160,6.5,110,-134,-155,130,-1.5,150,6.5,114,-135,-155,125,-1.5,155,6.0,-105,-115,-155,130,-1.5,150,6.5,110,-130,-152,125,-1.5,165,6.0,-120,-107,-160,130,-1.5,160,6.5,110,-130,-150,125,-1.5,165,6.0,-118,-106,-150,130,-1.5,160,6.5,115,-135,,,,,,,,,,,,,,,-150,132,,,6.0,-106,-110,,,,,,,,-150,132,,,6.0,-106,-110,-150,129,,,6.0,-110,-110,-153,129,6.2,11
2026-03-28T21:55:59Z,evening,2026-03-28,2026-03-28T19:38:00Z,f45b4166c05f76d1695468da00b89b63,Edmonton Oilers,Anaheim Ducks,-770,470,-1.5,-110,6.5,-205,154,-920,550,-1.5,-125,6.5,-166,130,-900,550,-1.5,-125,6.5,-200,145,-650,420,-1.5,-145,6.5,-160,125,,,,,,,,-700,425,-1.5,100,6.5,-180,140,-1115,650,-1.5,-124,6.5,-141,107,-1200,600,-1.5,-120,6.5,-170,130,,,,,,,,-900,500,-1.5,-125,6.5,-150,115,,,,,,,,-3333,900,-2.5,-154,5.5,-143,105,,,,,,,,,,,,,,,-1165,563,6.0,9
2026-03-28T21:55:59Z,evening,2026-03-28,2026-03-28T21:08:00Z,0239b57a2eab58422b627445646022d5,Boston Bruins,Minnesota Wild,-500,340,-2.5,106,6.5,-106,-122,-520,350,-2.5,110,6.5,100,-130,-500,350,-2.5,100,6.5,105,-140,-450,320,-2.5,120,6.5,-105,-125,,,,,,,,-550,350,-2.5,100,6.5,-105,-125,-500,370,-2.0,-124,6.5,100,-127,-550,340,-2.5,120,6.5,100,-130,,,,,,,,-475,315,-2.0,-120,6.5,-105,-125,,,,,,,,-556,360,-2.5,105,6.5,-105,-133,,,,,,,,,,,,,,,-511,344,6.5,9
2026-03-28T21:55:59Z,evening,2026-03-28,2026-03-28T21:08:00Z,70c07fd4bbfc8a4b0caa8904186da57a,Carolina Hurricanes,New Jersey Devils,110,-140,1.5,-235,5.5,106,-138,100,-130,1.5,-270,5.5,100,-130,110,-140,1.5,-250,5.5,115,-155,100,-130,1.5,-240,5.5,115,-145,,,,,,,,105,-140,1.5,-240,5.5,115,-150,112,-136,-1.5,310,5.5,110,-137,110,-140,1.5,-290,5.5,110,-140,,,,,,,,105,-135,1.5,-275,5.5,105,-135,,,,,,,,110,-143,1.5,-286,5.5,105,-143,,,,,,,,,,,,,,,107,-137,5.5,9
2026-03-28T21:55:59Z,evening,2026-03-28,2026-03-28T21:08:00Z,f3e3cc3e6294cf13fed8a7d33adc8956,Pittsburgh Penguins,Dallas Stars,-215,164,-1.5,122,5.5,110,-144,-180,140,-1.5,140,5.5,105,-135,-210,165,-1.5,125,5.5,110,-150,-210,165,-1.5,135,5.5,125,-160,,,,,,,,-200,150,-1.5,125,5.5,110,-145,-195,160,1.5,-715,5.5,114,-143,-200,160,-1.5,135,5.5,120,-155,,,,,,,,-205,155,-1.5,140,5.5,115,-150,,,,,,,,-222,165,-1.5,130,5.5,110,-154,,,,,,,,,,,,,,,-204,158,5.5,9
2026-03-28T21:55:59Z,evening,2026-03-28,2026-03-28T21:09:00Z,05bbc266ec222eeb545ad47a2eab94e0,Columbus Blue Jackets,San Jose Sharks,-186,144,-1.5,146,6.5,-135,104,-175,135,-1.5,160,6.5,-130,100,-160,130,-1.5,165,6.5,-115,-115,-170,135,-1.5,165,6.5,-120,-110,,,,,,,,-190,145,-1.5,150,6.5,-130,100,-180,148,-1.5,155,6.5,-125,100,-180,140,-1.5,165,6.5,-125,-105,,,,,,,,-190,145,-1.5,155,6.5,-135,105,,,,,,,,-182,145,-1.5,155,6.5,-125,-111,,,,,,,,,,,,,,,-179,141,6.5,9
2026-03-28T21:55:59Z,evening,2026-03-28,2026-03-28T21:38:00Z,bd12a6cf2fbc34af92080f5d4cb8c142,Buffalo Sabres,Seattle Kraken,-186,144,-1.5,126,5.5,106,-138,-195,150,-1.5,124,5.5,100,-130,-185,145,-1.5,135,5.5,110,-150,-180,145,-1.5,145,5.5,-105,-125,,,,,,,,-190,145,-1.5,125,5.5,100,-130,-175,143,-1.5,138,5.5,110,-137,-180,140,-1.5,145,5.5,110,-140,,,,,,,,-190,145,-1.5,135,5.5,105,-135,,,,,,,,-222,160,-1.5,120,6.0,-111,-125,,,,,,,,,,,,,,,-189,146,5.8,9
2026-03-28T21:55:59Z,evening,2026-03-28,2026-03-28T23:00:00Z,a805b62b105fd0aa26de4061e2b53337,Colorado Avalanche,Winnipeg Jets,-260,210,-1.5,-102,6.5,116,-142,-270,220,-1.5,-105,5.5,-135,114,-275,220,-1.5,-110,6.0,-110,-110,-278,222,-1.5,-110,6.0,-110,-110,-295,230,-1.5,-114,6.0,-114,-110,-260,210,-1.5,-105,5.5,-130,110,-286,235,-1.5,-113,6.0,-113,-109,-265,220,-1.5,-110,5.5,-145,120,,,,,,,,-270,220,-1.5,100,6.0,100,-120,-260,224,-1.5,-105,6.0,-101,-115,-280,220,-1.5,-101,6.0,-105,-117,-260,224,-1.5,-105,6.0,-101,-115,-265,223,-1.5,-105,6.0,-105,-115,-271,221,6.0,13
2026-03-28T21:55:59Z,evening,2026-03-28,2026-03-28T23:00:00Z,35e32918fc1dcb6bac7fcdf851867029,Nashville Predators,Montréal Canadiens,-102,-118,1.5,-265,6.5,-104,-118,-105,-115,1.5,-265,6.5,-105,-115,-110,-110,-1.5,200,6.5,-105,-115,-105,-115,1.5,-260,6.5,-110,-110,107,-129,1.5,-245,6.5,-113,-113,-110,-110,1.5,-260,6.5,-105,-115,108,-127,1.5,-240,6.5,-112,-112,-105,-115,1.5,-260,6.5,-105,-115,,,,,,,,-105,-115,1.5,-260,6.5,-105,-115,-108,-106,1.5,-265,6.5,-102,-114,-103,-119,1.5,-252,6.5,-107,-115,-108,-106,1.5,-265,6.5,-102,-114,-110,-110,1.5,-260,6.5,-105,-115,-74,-115,6.5,13
2026-03-28T21:55:59Z,evening,2026-03-28,2026-03-28T23:00:00Z,8bab68b12c9382d84d3e1f0a1d58621e,St Louis Blues,Toronto Maple Leafs,-144,120,-1.5,168,5.5,-132,108,-142,120,-1.5,180,5.5,-130,110,-145,120,-1.5,165,6.0,-105,-115,-140,118,-1.5,180,6.0,-105,-115,-143,118,-1.5,170,6.0,100,-125,-145,120,-1.5,175,5.5,-130,110,-141,120,-1.5,170,6.0,100,-124,-140,120,-1.5,175,5.5,-130,110,,,,,,,,-140,120,-1.5,180,6.0,-105,-115,-137,121,-1.5,180,6.0,-101,-115,-145,118,-1.5,175,6.0,-103,-119,-137,121,-1.5,180,6.0,-101,-115,-145,125,-1.5,180,6.0,-105,-115,-142,120,5.8,13
2026-03-28T21:55:59Z,evening,2026-03-28,2026-03-29T00:00:00Z,370bf3bc5ac52a0421972e9a954378f6,Detroit Red Wings,Philadelphia Flyers,-138,115,-1.5,180,5.5,-120,-102,-130,110,-1.5,185,5.5,-130,110,-135,110,-1.5,170,6.0,-110,-110,-135,115,-1.5,180,5.5,-120,100,-148,120,-1.5,163,5.5,-127,100,-140,115,-1.5,185,5.5,-125,105,-148,123,-1.5,165,5.5,-125,102,-135,115,-1.5,180,5.5,-125,105,,,,,,,,-138,117,-1.5,185,5.5,-120,100,-130,115,-1.5,186,5.5,-122,106,-147,120,-1.5,174,6.0,-102,-120,-130,115,-1.5,186,5.5,-122,106,-130,110,-1.5,172,5.5,-125,105,-137,115,5.8,13
2026-03-28T21:55:59Z,evening,2026-03-28,2026-03-29T01:00:00Z,01cd56053db51e1cd6f4c9ea60fc009d,Los Angeles Kings,Utah Mammoth,-110,-110,-1.5,210,5.5,-130,106,-115,-105,-1.5,220,5.5,-122,102,-115,-105,-1.5,200,5.5,-120,100,-110,-110,-1.5,215,5.5,-130,110,-113,-108,-1.5,220,5.5,-121,-105,-110,-110,-1.5,220,5.5,-120,100,-112,-107,-1.5,220,5.5,-121,-104,-115,-105,-1.5,215,5.5,-120,100,,,,,,,,-115,-105,-1.5,230,5.5,-120,100,-110,-104,-1.5,222,5.5,-118,102,-113,-108,-1.5,221,5.5,-122,100,-110,-104,-1.5,222,5.5,-118,102,-110,-110,-1.5,228,5.5,-120,100,-112,-107,5.5,13
2026-03-28T21:55:59Z,evening,2026-03-28,2026-03-29T02:00:00Z,7f882304b0ce0db9fa478ba23ceb0ad1,Calgary Flames,Vancouver Canucks,-160,132,-1.5,152,6.5,110,-134,-166,140,-1.5,150,6.5,110,-130,-165,135,-1.5,140,6.0,-118,-102,-175,148,-1.5,150,6.0,-115,-105,-175,140,-1.5,148,6.0,-109,-115,-160,130,-1.5,150,6.5,110,-130,-167,143,-1.5,148,6.0,-108,-114,-165,140,-1.5,145,6.5,110,-130,,,,,,,,-165,140,-1.5,153,6.0,-110,-110,-159,140,-1.5,161,6.0,-110,-106,-162,132,-1.5,155,6.0,-116,-106,-159,140,-1.5,161,6.0,-110,-106,-160,138,-1.5,160,6.0,-115,-105,-164,138,6.2,13
2026-03-28T21:55:59Z,evening,2026-03-28,2026-03-29T02:30:00Z,88beeeb0b117f3587fb9311c1e81d35e,Vegas Golden Knights,Washington Capitals,-156,130,-1.5,152,6.5,110,-134,-155,130,-1.5,164,5.5,-135,114,-150,125,-1.5,154,6.0,-110,-110,-155,130,-1.5,152,6.0,-115,-105,-159,130,-1.5,160,6.0,-120,-107,-150,125,-1.5,165,6.5,115,-140,-157,132,-1.5,160,6.0,-118,-106,-150,130,-1.5,160,5.5,-135,115,,,,,,,,-150,130,-1.5,168,6.0,-110,-110,-145,128,-1.5,170,6.0,-110,-106,-146,119,-1.5,166,6.0,-112,-109,-145,128,-1.5,170,6.0,-110,-106,-150,129,-1.5,168,6.0,-110,-110,-151,128,6.0,13
2026-03-28T21:55:59Z,evening,2026-03-28,2026-03-29T17:10:00Z,234e07ca5a6aa75da94b75dabce4eade,New York Rangers,Florida Panthers,-140,116,-1.5,176,5.5,-138,112,-142,120,-1.5,170,5.5,-135,114,,,,,,,,-140,118,-1.5,175,6.0,-110,-110,-148,123,-1.5,165,6.0,-104,-124,-140,115,-1.5,175,5.5,-140,115,-148,123,-1.5,170,6.0,-103,-122,-140,120,-1.5,170,5.5,-135,115,,,,,,,,,,,,,,,-140,123,,,6.0,-108,-108,-139,113,-1.5,172,6.0,-107,-115,-140,123,,,6.0,-108,-108,-140,120,,,6.0,-110,-110,-142,119,5.8,11
2026-03-28T21:55:59Z,evening,2026-03-28,2026-03-29T21:10:00Z,709a97a11c79cdacda229a81aa0f7fdd,Columbus Blue Jackets,Boston Bruins,-164,136,-1.5,152,6.5,108,-132,-155,130,-1.5,160,6.5,110,-130,,,,,,,,-160,135,-1.5,158,6.5,110,-130,-152,125,-1.5,163,6.5,-103,-124,-160,130,-1.5,160,6.5,110,-130,-150,125,-1.5,165,6.5,100,-122,,,,,,,,,,,,,,,,,,,,,,,,,,,,,-156,127,-1.5,151,6.5,102,-125,,,,,,,,,,,,,,,-157,130,6.5,7
2026-03-28T21:55:59Z,evening,2026-03-28,2026-03-29T21:10:00Z,24108b60bfa8824523b3cfb70ea6fd53,Carolina Hurricanes,Montréal Canadiens,-178,146,-1.5,138,6.5,100,-122,-175,145,-1.5,142,6.5,100,-120,,,,,,,,-170,143,-1.5,143,6.5,100,-120,-190,155,-1.5,132,6.0,-124,-103,-175,145,-1.5,140,6.5,100,-120,-186,155,-1.5,133,6.0,-122,-103,,,,,,,,,,,,,,,,,,,,,,,,,,,,,-180,145,-1.5,130,6.5,-103,-118,,,,,,,,,,,,,,,-179,148,6.2,7
2026-03-28T21:55:59Z,evening,2026-03-28,2026-03-29T21:10:00Z,1790fa92fa3f53f9547a2114c06cfbed,Tampa Bay Lightning,Nashville Predators,-194,160,-1.5,130,6.5,-102,-120,-198,164,-1.5,120,6.5,-110,-110,,,,,,,,-195,162,-1.5,122,6.5,-110,-110,-210,170,-1.5,120,6.5,-112,-114,-200,165,-1.5,120,6.5,-110,-110,-210,170,-1.5,120,6.5,-110,-113,-195,165,-1.5,120,6.5,-105,-115,,,,,,,,,,,,,,,-190,166,,,6.5,-108,-108,-204,164,-1.5,115,6.5,-108,-113,-190,166,,,6.5,-108,-108,-190,163,,,6.5,-110,-110,-198,165,6.5,11
2026-03-28T21:55:59Z,evening,2026-03-28,2026-03-29T23:10:00Z,4b1b7e72da2cb32b6056a2feee9187c4,New Jersey Devils,Chicago Blackhawks,-160,132,-1.5,156,5.5,-122,100,-170,142,-1.5,142,5.5,-130,110,,,,,,,,-160,135,-1.5,150,5.5,-125,105,-186,150,-1.5,133,6.0,-110,-115,-160,130,-1.5,160,5.5,-120,100,-182,150,-1.5,135,6.0,-109,-114,,,,,,,,,,,,,,,,,,,,,,,,,,,,,,,,,,,,,,,,,,,,,,,,,,-170,140,5.8,6
2026-03-28T21:55:59Z,evening,2026-03-28,2026-03-29T23:10:00Z,b221479b627d3a8d9e9aff945d63cf46,Philadelphia Flyers,Dallas Stars,126,-152,1.5,-215,5.5,-128,104,130,-155,1.5,-198,5.5,-130,110,,,,,,,,130,-155,1.5,-195,5.5,-125,105,128,-155,1.5,-205,6.0,-112,-114,125,-150,1.5,-210,5.5,-130,110,128,-152,1.5,-205,6.0,-110,-113,,,,,,,,,,,,,,,,,,,,,,,,,,,,,,,,,,,,,,,,,,,,,,,,,,128,-153,5.8,6
2026-03-29T22:02:40Z,manual,2026-03-29,2026-03-29T21:08:37Z,24108b60bfa8824523b3cfb70ea6fd53,Carolina Hurricanes,Montréal Canadiens,-390,265,-1.5,-148,5.5,-104,-125,-345,250,-1.5,-130,5.5,-105,-125,-350,260,-1.5,-130,5.5,-105,-125,-350,260,-1.5,-130,5.5,100,-130,,,,,,,,-350,240,-1.5,-145,5.5,-105,-125,-385,295,-1.5,-136,5.5,-105,-121,-450,300,-1.5,-140,5.5,-105,-125,,,,,,,,-375,260,-1.5,-125,5.5,100,-130,,,,,,,,-400,280,-1.5,-133,5.5,-105,-133,,,,,,,,,,,,,,,-377,268,5.5,9
2026-03-29T22:02:40Z,manual,2026-03-29,2026-03-29T21:09:02Z,1790fa92fa3f53f9547a2114c06cfbed,Tampa Bay Lightning,Nashville Predators,-172,134,-1.5,172,4.5,-144,110,-166,130,-1.5,154,4.5,-140,110,-145,115,-1.5,185,4.5,-150,110,-170,135,-1.5,150,4.5,-150,120,,,,,,,,-165,125,-1.5,165,4.5,-150,115,-165,135,-1.5,165,4.5,-139,110,-165,130,-1.5,175,4.5,-140,110,,,,,,,,-165,125,-1.5,175,4.5,-135,105,,,,,,,,-167,130,-1.5,170,4.5,-154,110,,,,,,,,,,,,,,,-164,129,4.5,9
2026-03-29T22:02:40Z,manual,2026-03-29,2026-03-29T21:09:16Z,709a97a11c79cdacda229a81aa0f7fdd,Columbus Blue Jackets,Boston Bruins,-4000,1100,-3.5,102,7.5,142,-188,-2100,1000,-3.5,110,6.5,-175,135,-2000,900,-3.5,105,7.5,130,-175,-2500,1000,-3.5,-105,6.5,-180,145,,,,,,,,-2000,1000,-3.5,100,7.5,140,-180,-3335,1100,-1.5,-715,7.0,-124,-103,-4000,1300,-3.5,-115,7.5,140,-180,,,,,,,,-2000,900,-3.5,-115,7.0,-125,-105,,,,,,,,-3333,1025,-3.5,-118,7.0,-125,-111,,,,,,,,,,,,,,,-2808,1036,7.0,9
2026-03-29T22:02:40Z,manual,2026-03-29,2026-03-29T23:10:00Z,4b1b7e72da2cb32b6056a2feee9187c4,New Jersey Devils,Chicago Blackhawks,-166,138,-1.5,148,5.5,-140,112,-170,142,-1.5,154,5.5,-135,114,-175,145,-1.5,145,6.0,-110,-110,-170,143,-1.5,152,6.0,-110,-110,-157,130,-1.5,155,6.0,-110,-115,-170,140,-1.5,150,5.5,-140,115,-155,130,-1.5,155,6.0,-109,-114,-165,140,-1.5,145,5.5,-135,115,,,,,,,,-168,142,-1.5,150,6.0,-108,-112,-164,144,-1.5,152,6.0,-105,-111,-166,135,-1.5,150,6.0,-106,-115,-164,144,-1.5,152,6.0,-105,-111,-165,142,-1.5,152,6.0,-110,-110,-166,140,5.8,13
2026-03-29T22:02:40Z,manual,2026-03-29,2026-03-29T23:10:00Z,b221479b627d3a8d9e9aff945d63cf46,Philadelphia Flyers,Dallas Stars,146,-178,1.5,-184,5.5,-122,100,145,-175,1.5,-175,5.5,-130,110,145,-175,1.5,-175,6.0,100,-120,148,-175,1.5,-175,5.5,-125,105,138,-167,1.5,-190,6.0,-103,-125,145,-175,1.5,-175,5.5,-120,100,140,-167,1.5,-186,6.0,100,-124,145,-170,1.5,-180,5.5,-125,105,,,,,,,,153,-177,1.5,-177,5.5,-120,100,151,-172,1.5,-170,5.5,-126,110,142,-175,1.5,-181,6.0,100,-123,151,-172,1.5,-170,5.5,-126,110,146,-170,1.5,-170,5.5,-125,105,146,-173,5.8,13
2026-03-29T22:02:40Z,manual,2026-03-29,2026-03-30T23:00:00Z,0edf2e1dfaf8c8ff0b583a60913e17f8,New York Islanders,Pittsburgh Penguins,-126,105,-1.5,194,5.5,-142,116,-125,105,-1.5,205,5.5,-135,114,-125,105,-1.5,190,6.0,-102,-118,-125,105,-1.5,205,6.0,-105,-115,-136,112,-1.5,180,6.0,-110,-114,-125,105,-1.5,200,5.5,-140,115,-134,112,-1.5,180,6.0,-110,-113,-125,105,-1.5,185,6.5,120,-145,,,,,,,,,,,,,,,,,,,,,,,,,,,,,,,,,,,,,,,,,,,-128,107,6.0,8
2026-03-29T22:02:40Z,manual,2026-03-29,2026-03-31T00:30:00Z,29827972b39eb13518d4cd9fd2962bbe,Colorado Avalanche,Calgary Flames,-365,285,-1.5,-140,6.5,110,-134,-355,280,-1.5,-130,6.5,110,-130,-350,280,-2.5,115,6.0,-115,-105,-355,278,-1.5,-130,6.5,110,-130,-420,310,-1.5,-155,6.0,-127,100,-350,280,-1.5,-140,6.5,110,-130,-400,320,-1.5,-150,6.0,-125,102,-360,280,-1.5,-135,6.5,110,-130,,,,,,,,,,,,,,,-330,279,,,6.5,113,-130,,,,,,,,-330,279,,,6.5,113,-130,-350,280,,,6.5,110,-130,-360,286,6.2,11
2026-03-29T22:02:40Z,manual,2026-03-29,2026-03-31T02:00:00Z,13095d16b56b868a3d8966899240afe5,Anaheim Ducks,Toronto Maple Leafs,-205,168,-1.5,120,6.5,-120,-102,-192,160,-1.5,124,6.5,-115,-105,-190,154,-1.5,125,6.5,-110,-110,-190,158,-1.5,122,6.5,-115,-105,-195,160,-1.5,130,6.5,-122,-104,-190,160,-1.5,125,6.5,-115,-105,-195,160,-1.5,130,6.5,-121,-103,-190,160,-1.5,125,6.5,-115,-105,,,,,,,,,,,,,,,-185,162,,,6.5,-108,-108,,,,,,,,-185,162,,,6.5,-108,-108,-185,159,,,6.5,-110,-110,-191,160,6.5,11
2026-03-29T22:02:40Z,manual,2026-03-29,2026-03-31T02:00:00Z,f4d072c37cf82f7ed923377f6bbd4879,San Jose Sharks,St Louis Blues,-110,-110,-1.5,220,6.5,110,-134,-110,-110,-1.5,225,5.5,-130,110,-110,-110,-1.5,220,6.0,-105,-115,-110,-110,-1.5,222,6.0,-105,-115,-110,-110,-1.5,215,6.0,-121,-106,-110,-110,-1.5,220,5.5,-140,115,-109,-109,-1.5,220,6.0,-120,-105,-110,-110,-1.5,210,5.5,-145,120,,,,,,,,,,,,,,,-107,-107,,,6.0,-101,-115,,,,,,,,-107,-107,,,6.0,-101,-115,-110,-110,,,6.0,-105,-115,-109,-109,6.0,11
2026-03-29T22:02:40Z,manual,2026-03-29,2026-03-31T02:00:00Z,92e007535e73b24db74fa534ef960845,Vegas Golden Knights,Vancouver Canucks,-350,275,-1.5,-130,6.5,-105,-115,-325,260,-1.5,-125,6.5,-115,-105,-325,260,-2.5,118,6.5,-110,-110,-335,260,-1.5,-125,6.5,-115,-105,-335,265,-1.5,-130,6.5,-106,-121,-325,250,-1.5,-125,6.5,-110,-110,-335,265,-1.5,-129,6.5,-105,-120,-320,260,-1.5,-130,6.5,-110,-110,,,,,,,,,,,,,,,-315,268,,,6.5,-108,-108,,,,,,,,-315,268,,,6.5,-108,-108,-315,258,,,6.5,-110,-110,-327,263,6.5,11
2026-03-30T23:01:45Z,closing,2026-03-30,2026-03-30T23:05:00Z,0edf2e1dfaf8c8ff0b583a60913e17f8,New York Islanders,Pittsburgh Penguins,-130,108,-1.5,164,6.5,-102,-120,-130,110,-1.5,185,6.5,110,-130,-130,110,-1.5,185,6.5,100,-120,-135,115,-1.5,180,6.0,-125,105,-130,107,-1.5,190,6.0,-127,100,-130,110,-1.5,185,6.5,100,-120,-129,108,-1.5,190,6.0,-125,102,-130,110,-1.5,190,6.5,105,-125,,,,,,,,-135,115,-1.5,190,6.5,100,-120,-129,114,-1.5,192,6.0,-121,105,-131,107,-1.5,189,6.5,-101,-121,-129,114,-1.5,192,6.0,-121,105,-130,110,-1.5,192,6.0,-120,100,-131,111,6.2,13
2026-03-30T23:01:45Z,closing,2026-03-30,2026-03-31T00:30:00Z,29827972b39eb13518d4cd9fd2962bbe,Colorado Avalanche,Calgary Flames,-400,310,-1.5,-152,6.5,108,-132,-375,295,-1.5,-142,6.5,110,-130,-375,300,-2.5,110,6.0,-120,100,-385,300,-1.5,-155,6.0,-125,105,-400,300,-1.5,-150,6.0,-130,102,-375,300,-2.5,115,6.5,110,-130,-385,310,-1.5,-150,6.0,-129,104,-400,300,-1.5,-150,6.5,110,-130,,,,,,,,-410,305,-1.5,-147,6.0,-115,-105,-370,309,-1.5,-140,6.0,-119,103,-400,300,-1.5,-149,6.0,-118,-104,-370,309,-1.5,-140,6.0,-119,103,-390,312,-1.5,-140,6.0,-115,-105,-387,304,6.2,13
2026-03-30T23:01:45Z,closing,2026-03-30,2026-03-31T02:00:00Z,13095d16b56b868a3d8966899240afe5,Anaheim Ducks,Toronto Maple Leafs,-188,155,-1.5,124,6.5,-128,104,-192,160,-1.5,130,6.5,-130,110,-190,155,-1.5,130,6.5,-130,110,-195,162,-1.5,130,6.5,-130,110,-186,150,-1.5,135,6.5,-129,102,-190,160,-1.5,125,6.5,-130,110,-182,155,-1.5,135,6.5,-127,102,-185,155,-1.5,130,6.5,-130,110,,,,,,,,-185,160,-1.5,130,6.5,-133,112,-180,158,-1.5,133,6.5,-127,111,-188,152,-1.5,128,6.5,-129,106,-180,158,-1.5,133,6.5,-127,111,-180,155,-1.5,130,6.5,-130,110,-186,157,6.5,13
2026-03-30T23:01:45Z,closing,2026-03-30,2026-03-31T02:00:00Z,f4d072c37cf82f7ed923377f6bbd4879,San Jose Sharks,St Louis Blues,-110,-110,-1.5,225,5.5,-134,110,-110,-110,-1.5,225,5.5,-130,110,-110,-110,1.5,-285,6.0,-105,-115,-110,-110,-1.5,210,6.0,100,-120,-110,-110,-1.5,215,6.0,-108,-117,-110,-110,1.5,-275,5.5,-130,110,-109,-109,-1.5,220,6.0,-107,-115,-110,-110,-1.5,215,5.5,-130,110,,,,,,,,-108,-112,1.5,-280,6.0,100,-120,-107,-107,-1.5,222,6.0,100,-116,-111,-111,1.5,-275,6.0,-103,-118,-107,-107,-1.5,222,6.0,100,-116,-110,-110,-1.5,228,6.0,-105,-115,-109,-110,5.8,13
2026-03-30T23:01:45Z,closing,2026-03-30,2026-03-31T02:00:00Z,92e007535e73b24db74fa534ef960845,Vegas Golden Knights,Vancouver Canucks,-360,280,-1.5,-144,6.5,-110,-110,-360,285,-1.5,-142,6.5,-112,-108,-350,280,-2.5,110,6.5,-110,-110,-365,285,-1.5,-150,6.5,-110,-110,-385,290,-1.5,-143,6.5,-114,-110,-350,280,-2.5,115,6.5,-110,-110,-375,295,-1.5,-141,6.5,-113,-110,-360,280,-1.5,-145,6.5,-110,-110,,,,,,,,-340,270,-1.5,-142,6.5,-108,-112,-340,287,-1.5,-147,6.5,-106,-110,-360,270,-1.5,-142,6.5,-110,-111,-340,287,-1.5,-147,6.5,-106,-110,-350,280,-1.5,-145,6.5,-110,-110,-357,282,6.5,13
2026-03-30T23:01:45Z,closing,2026-03-30,2026-03-31T23:00:00Z,daebb8d0910fcac722afe480770ebf09,Boston Bruins,Dallas Stars,104,-125,1.5,-235,5.5,-130,108,100,-120,1.5,-250,5.5,-130,110,-102,-118,1.5,-250,6.0,-110,-110,100,-120,1.5,-250,6.0,-110,-110,104,-125,1.5,-250,6.0,-109,-115,100,-120,1.5,-240,5.5,-130,110,105,-124,1.5,-250,6.0,-108,-114,105,-125,1.5,-265,5.5,-130,110,,,,,,,,105,-125,1.5,-250,6.0,-108,-112,105,-119,,,6.0,-101,-115,,,,,,,,105,-119,,,6.0,-101,-115,100,-120,,,6.0,-105,-115,86,-122,5.8,12
2026-03-30T23:01:45Z,closing,2026-03-30,2026-03-31T23:00:00Z,de03c565dccad66683fabb7adbde6a03,Buffalo Sabres,New York Islanders,-200,164,-1.5,130,6.5,100,-122,-198,164,-1.5,124,6.5,105,-125,-200,165,-1.5,118,6.0,-120,100,-195,162,-1.5,122,6.5,105,-125,-195,160,-1.5,130,6.5,100,-127,-200,165,-1.5,125,6.5,105,-125,-195,160,-1.5,130,6.5,102,-125,,,,,,,,,,,,,,,,,,,,,,,,,,,,,,,,,,,,,,,,,,,,,,,,,,-198,163,6.2,7
2026-03-30T23:01:45Z,closing,2026-03-30,2026-03-31T23:00:00Z,ff972e427e6e1837407bfcfc6d64844d,Pittsburgh Penguins,Detroit Red Wings,-114,-105,-1.5,190,6.5,114,-140,-110,-110,-1.5,225,6.5,110,-130,-110,-110,1.5,-250,6.0,-110,-110,-110,-110,-1.5,222,6.0,-120,100,-113,-108,-1.5,215,6.0,-124,-103,-110,-110,1.5,-275,6.5,115,-140,-112,-107,-1.5,215,6.0,-122,100,-110,-110,1.5,-300,6.5,115,-135,,,,,,,,,,,,,,,,,,,,,,,,,,,,,,,,,,,,,,,,,,,-111,-109,6.2,8
2026-03-30T23:01:45Z,closing,2026-03-30,2026-03-31T23:00:00Z,12be8eff2290751a9e28c2cb3da3ba42,Florida Panthers,Ottawa Senators,140,-170,1.5,-192,5.5,-134,110,142,-170,1.5,-170,5.5,-135,114,140,-170,1.5,-170,6.0,-118,-102,143,-170,1.5,-170,6.0,-110,-110,135,-165,1.5,-195,6.0,-109,-117,140,-170,1.5,-180,5.5,-130,110,135,-162,1.5,-190,6.0,-108,-115,140,-165,1.5,-175,5.5,-135,115,,,,,,,,,,,,,,,141,-160,,,6.0,-101,-115,,,,,,,,141,-160,,,6.0,-101,-115,138,-160,,,6.0,-105,-115,140,-166,5.8,11
2026-03-30T23:01:45Z,closing,2026-03-30,2026-03-31T23:00:00Z,8b316c9640300bedb485a6556bbdd1f5,Tampa Bay Lightning,Montréal Canadiens,-176,146,-1.5,142,6.5,-105,-115,-170,142,-1.5,142,6.5,105,-125,-170,140,-1.5,140,6.0,-118,-102,-170,143,-1.5,143,6.5,100,-120,-177,145,-1.5,140,6.5,100,-127,-175,145,-1.5,145,6.5,100,-120,-175,145,-1.5,140,6.5,102,-127,,,,,,,,,,,,,,,,,,,,,,,,,,,,,,,,,,,,,,,,,,,,,,,,,,-173,144,6.2,7
2026-03-30T23:01:45Z,closing,2026-03-30,2026-03-31T23:00:00Z,e8b33f9489e018bf61d55e3862f41831,New York Rangers,New Jersey Devils,102,-122,1.5,-250,6.5,108,-132,100,-120,1.5,-270,5.5,-130,110,105,-125,1.5,-235,6.0,-105,-115,100,-120,1.5,-260,6.0,-105,-115,102,-122,1.5,-265,6.0,-109,-115,100,-120,1.5,-260,5.5,-140,115,102,-122,1.5,-250,6.0,-108,-114,100,-120,1.5,-265,5.5,-135,115,,,,,,,,,,,,,,,110,-125,,,5.5,-130,113,,,,,,,,110,-125,,,5.5,-130,113,105,-125,,,5.5,-130,110,103,-122,6.0,11
2026-03-30T23:01:45Z,closing,2026-03-30,2026-03-31T23:00:00Z,b5c10ea05734cf28866ef55dd068ba63,Washington Capitals,Philadelphia Flyers,-134,112,-1.5,180,5.5,-120,-102,-135,114,-1.5,180,5.5,-120,100,-135,110,-1.5,180,5.5,-120,100,-135,115,-1.5,180,5.5,-120,100,-132,110,-1.5,185,5.5,-122,-105,-140,115,-1.5,185,5.5,-120,100,-130,110,-1.5,185,5.5,-121,-104,-130,110,-1.5,180,5.5,-120,100,,,,,,,,,,,,,,,-130,115,,,5.5,-118,102,,,,,,,,-130,115,,,5.5,-118,102,-130,110,,,5.5,-120,100,-133,112,5.5,11
2026-03-30T23:01:45Z,closing,2026-03-30,2026-03-31T23:30:00Z,ade39773836ad914294bb9660ae31a85,Columbus Blue Jackets,Carolina Hurricanes,106,-128,1.5,-240,6.5,-105,-115,110,-130,1.5,-218,6.5,-105,-115,105,-130,1.5,-220,6.5,-105,-115,105,-125,1.5,-220,6.5,-105,-115,110,-136,1.5,-240,6.5,-106,-121,105,-125,1.5,-240,6.5,-110,-110,112,-132,1.5,-235,6.5,-105,-120,110,-130,1.5,-235,6.5,-105,-115,,,,,,,,,,,,,,,108,-122,,,6.5,-106,-110,,,,,,,,108,-122,,,6.5,-106,-110,100,-120,,,6.5,-110,-110,107,-127,6.5,11
2026-03-30T23:01:45Z,closing,2026-03-30,2026-04-01T00:30:00Z,6ab93a48138c49071cc0c76f5fa04c81,Chicago Blackhawks,Winnipeg Jets,122,-146,1.5,-230,5.5,-134,110,120,-142,1.5,-225,5.5,-130,110,120,-145,1.5,-210,6.0,-110,-110,122,-145,1.5,-220,6.0,-105,-115,120,-148,1.5,-210,6.0,-105,-122,120,-145,1.5,-225,5.5,-130,110,123,-143,1.5,-210,6.0,-104,-121,125,-145,1.5,-215,5.5,-130,110,,,,,,,,133,-155,1.5,-198,6.0,-103,-117,128,-145,,,6.0,-101,-115,,,,,,,,128,-145,,,6.0,-101,-115,125,-145,,,6.0,-105,-115,124,-146,5.8,12
2026-03-30T23:01:45Z,closing,2026-03-30,2026-04-01T01:00:00Z,8a5ff06eaed1de4d1a11137b32051fd8,Edmonton Oilers,Seattle Kraken,-182,150,-1.5,136,6.5,-105,-115,-185,154,-1.5,130,6.5,-110,-110,-185,150,-1.5,135,6.5,-110,-110,-190,158,-1.5,135,6.5,-110,-110,-175,140,-1.5,143,6.5,-108,-118,-180,150,-1.5,130,6.5,-110,-110,-167,143,-1.5,145,6.5,-107,-117,-185,155,-1.5,130,6.5,-110,-110,,,,,,,,-175,150,-1.5,142,6.5,-105,-115,-180,158,,,6.5,-108,-108,,,,,,,,-180,158,,,6.5,-108,-108,-180,155,,,6.5,-110,-110,-180,152,6.5,12
2026-03-31T22:53:55Z,manual,2026-03-31,2026-03-31T23:10:00Z,daebb8d0910fcac722afe480770ebf09,Boston Bruins,Dallas Stars,112,-134,1.5,-225,6.5,106,-130,110,-130,1.5,-225,6.5,105,-125,105,-125,1.5,-235,6.0,-120,100,110,-130,1.5,-220,6.0,-125,105,108,-130,1.5,-245,6.5,104,-130,110,-130,1.5,-240,6.5,105,-125,108,-130,,,6.5,105,-130,115,-135,1.5,-225,6.5,105,-125,,,,,,,,107,-128,1.5,-230,6.0,-120,100,118,-134,1.5,-225,6.0,-120,104,109,-134,1.5,-232,6.0,-119,-103,118,-134,1.5,-225,6.0,-120,104,115,-135,1.5,-215,6.0,-125,105,111,-131,6.2,13
2026-03-31T22:53:55Z,manual,2026-03-31,2026-03-31T23:10:00Z,de03c565dccad66683fabb7adbde6a03,Buffalo Sabres,New York Islanders,-176,146,-1.5,142,6.5,106,-130,-175,145,-1.5,145,6.5,114,-135,-170,140,-1.5,145,6.0,-110,-110,-175,148,-1.5,140,6.0,-115,-105,-167,138,-1.5,145,6.0,-125,100,-175,145,-1.5,145,6.5,110,-130,-167,140,-1.5,148,6.0,-124,100,-175,150,-1.5,140,6.5,110,-130,,,,,,,,-170,145,-1.5,140,6.0,-117,-103,-166,146,-1.5,147,6.0,-108,-108,-176,143,-1.5,142,6.0,-119,-103,-166,146,-1.5,147,6.0,-108,-108,-170,146,-1.5,148,6.0,-115,-105,-171,144,6.2,13
2026-03-31T22:53:55Z,manual,2026-03-31,2026-03-31T23:10:00Z,ff972e427e6e1837407bfcfc6d64844d,Pittsburgh Penguins,Detroit Red Wings,-110,-110,1.5,-290,6.5,-104,-118,-112,-108,1.5,-265,6.5,-105,-115,-105,-115,1.5,-250,6.5,-105,-115,-105,-115,1.5,-240,6.5,-105,-115,-112,-109,-1.5,215,6.5,-106,-121,-110,-110,-1.5,220,6.5,-105,-115,-110,-108,-1.5,215,6.5,-105,-120,-110,-110,-1.5,200,6.5,-105,-115,,,,,,,,-115,-105,-1.5,230,6.5,100,-120,-111,-103,1.5,-270,6.5,-102,-114,-111,-110,-1.5,210,6.5,-104,-118,-111,-103,1.5,-270,6.5,-102,-114,-110,-110,1.5,-265,6.5,100,-120,-110,-109,6.5,13
2026-03-31T22:53:55Z,manual,2026-03-31,2026-03-31T23:10:00Z,12be8eff2290751a9e28c2cb3da3ba42,Florida Panthers,Ottawa Senators,152,-184,1.5,-176,5.5,-134,110,150,-180,1.5,-170,6.5,110,-130,154,-185,1.5,-165,6.0,-115,-105,158,-190,1.5,-165,6.0,-115,-105,155,-190,1.5,-175,6.0,-115,-110,150,-180,1.5,-175,5.5,-140,115,155,-186,1.5,-167,6.0,-114,-109,160,-190,1.5,-165,6.5,115,-135,,,,,,,,155,-180,1.5,-163,6.0,-120,100,153,-175,1.5,-165,6.0,-110,-106,146,-181,1.5,-172,6.0,-117,-104,153,-175,1.5,-165,6.0,-110,-106,155,-180,1.5,-165,6.0,-110,-110,154,-183,6.0,13
2026-03-31T22:53:55Z,manual,2026-03-31,2026-03-31T23:10:00Z,8b316c9640300bedb485a6556bbdd1f5,Tampa Bay Lightning,Montréal Canadiens,-170,140,-1.5,142,6.5,-105,-115,-170,142,-1.5,142,6.5,-105,-115,-175,145,-1.5,140,6.5,-102,-118,-175,148,-1.5,143,6.5,100,-120,-182,148,-1.5,138,6.5,-107,-120,-170,140,-1.5,140,6.5,-105,-115,-180,148,-1.5,138,6.5,-106,-118,-170,145,-1.5,145,6.5,100,-120,,,,,,,,-172,147,-1.5,140,6.5,-105,-115,-170,149,-1.5,145,6.5,101,-117,-177,143,-1.5,134,6.5,-102,-120,-170,149,-1.5,145,6.5,101,-117,-172,148,-1.5,144,6.5,-105,-115,-173,146,6.5,13
2026-03-31T22:53:55Z,manual,2026-03-31,2026-03-31T23:10:00Z,e8b33f9489e018bf61d55e3862f41831,New York Rangers,New Jersey Devils,100,-120,1.5,-260,6.5,106,-130,105,-125,1.5,-238,6.5,110,-130,105,-125,1.5,-235,6.5,100,-120,110,-130,1.5,-235,6.0,-120,100,112,-136,1.5,-245,6.0,-113,-113,105,-125,1.5,-250,6.5,110,-130,112,-134,1.5,-240,6.0,-112,-112,105,-125,1.5,-235,6.5,110,-130,,,,,,,,107,-128,1.5,-250,6.0,-117,-103,106,-120,1.5,-242,6.0,-120,104,103,-126,1.5,-234,6.0,-120,-102,106,-120,1.5,-242,6.0,-120,104,105,-125,1.5,-240,6.0,-120,100,106,-126,6.2,13
2026-03-31T22:53:55Z,manual,2026-03-31,2026-03-31T23:10:00Z,b5c10ea05734cf28866ef55dd068ba63,Washington Capitals,Philadelphia Flyers,-126,105,-1.5,198,5.5,-122,100,-125,105,-1.5,190,5.5,-120,100,-125,105,-1.5,195,5.5,-120,100,-125,105,-1.5,192,5.5,-120,100,-129,106,-1.5,190,5.5,-127,100,-125,105,-1.5,190,5.5,-120,100,-127,107,-1.5,190,5.5,-125,102,-125,105,-1.5,190,5.5,-120,100,,,,,,,,-125,105,-1.5,205,5.5,-120,100,-122,108,-1.5,194,5.5,-117,101,-130,107,-1.5,185,5.5,-121,-101,-122,108,-1.5,194,5.5,-117,101,-125,105,-1.5,200,5.5,-115,-105,-125,106,5.5,13
2026-03-31T22:53:55Z,manual,2026-03-31,2026-03-31T23:40:00Z,ade39773836ad914294bb9660ae31a85,Columbus Blue Jackets,Carolina Hurricanes,108,-130,1.5,-235,6.5,-102,-120,110,-130,1.5,-230,6.5,-105,-115,110,-130,1.5,-220,6.5,100,-120,110,-130,1.5,-215,6.5,-105,-115,118,-143,1.5,-225,6.5,-106,-121,110,-130,1.5,-225,6.5,100,-120,120,-141,1.5,-220,6.5,-105,-120,110,-130,1.5,-225,6.5,-105,-115,,,,,,,,112,-133,1.5,-225,6.5,100,-120,108,-122,1.5,-235,6.5,-103,-113,111,-136,1.5,-232,6.5,-105,-116,108,-122,1.5,-235,6.5,-103,-113,110,-130,1.5,-235,6.5,-105,-115,111,-131,6.5,13
2026-03-31T22:53:55Z,manual,2026-03-31,2026-04-01T00:40:00Z,6ab93a48138c49071cc0c76f5fa04c81,Chicago Blackhawks,Winnipeg Jets,130,-156,1.5,-200,5.5,-134,110,120,-142,1.5,-218,5.5,-130,110,125,-150,1.5,-200,6.0,-105,-115,126,-150,1.5,-195,6.0,-105,-115,132,-159,1.5,-200,6.0,-113,-113,125,-150,1.5,-200,5.5,-125,105,133,-159,1.5,-200,6.0,-112,-112,130,-150,1.5,-200,5.5,-130,110,,,,,,,,127,-147,1.5,-195,6.0,100,-120,128,-145,1.5,-200,6.0,-101,-115,124,-152,1.5,-197,6.0,-106,-115,128,-145,1.5,-200,6.0,-101,-115,125,-145,1.5,-200,6.0,-105,-115,127,-150,5.8,13
2026-03-31T22:53:55Z,manual,2026-03-31,2026-04-01T01:10:00Z,8a5ff06eaed1de4d1a11137b32051fd8,Edmonton Oilers,Seattle Kraken,-182,150,-1.5,134,6.5,-105,-115,-185,154,-1.5,140,6.5,-110,-110,-180,150,-1.5,135,6.5,-110,-110,-190,158,-1.5,130,6.5,-115,-105,-195,160,-1.5,130,6.5,-108,-118,-180,150,-1.5,130,6.5,-110,-110,-190,160,-1.5,130,6.5,-107,-117,-185,155,-1.5,135,6.5,-105,-115,,,,,,,,-177,153,-1.5,135,6.5,-105,-115,-178,156,-1.5,135,6.5,-104,-112,-185,150,-1.5,135,6.5,-107,-114,-178,156,-1.5,135,6.5,-104,-112,-180,155,-1.5,135,6.5,-110,-110,-183,154,6.5,13
2026-03-31T22:53:55Z,manual,2026-03-31,2026-04-02T00:30:00Z,902c8f6ff45c6855541ed7cef351aed8,Colorado Avalanche,Vancouver Canucks,-450,340,-1.5,-164,6.5,-108,-112,-410,320,-1.5,-162,6.5,-105,-115,-425,320,,,6.5,-105,-115,-420,320,-1.5,-160,6.5,-105,-115,-500,370,-1.5,-195,6.5,-109,-117,-425,330,-2.5,100,6.5,-110,-110,-500,375,-1.5,-190,6.5,-108,-115,-500,360,-2.5,100,6.5,100,-120,,,,,,,,-430,320,-1.5,-160,6.5,-105,-115,,,,,,,,,,,,,,,,,,,,,,,,,,,,,-451,339,6.5,9
2026-03-31T22:53:55Z,manual,2026-03-31,2026-04-02T01:00:00Z,96ceffc5fa63fb301b4128bb29041f01,San Jose Sharks,Anaheim Ducks,102,-122,1.5,-240,6.5,-128,104,-105,-115,1.5,-250,6.5,-122,102,-105,-115,-1.5,220,6.5,-120,100,-105,-115,1.5,-250,6.5,-130,110,104,-125,1.5,-250,6.5,-130,102,-105,-115,1.5,-240,6.5,-125,105,104,-124,1.5,-250,6.5,-127,104,100,-120,1.5,-265,6.5,-125,105,,,,,,,,-105,-115,1.5,-245,6.5,-120,100,101,-115,,,6.5,-120,104,,,,,,,,101,-115,,,6.5,-120,104,,,,,,,,8,-118,6.5,11
2026-03-31T22:53:55Z,manual,2026-03-31,2026-04-02T01:00:00Z,643d656ddcc5756af5e6115f9f134a28,Los Angeles Kings,St Louis Blues,-146,122,-1.5,176,5.5,-110,-110,-142,120,-1.5,164,5.5,-122,102,-145,120,-1.5,165,5.5,-120,100,-140,118,-1.5,162,5.5,-120,100,-165,135,-1.5,148,5.5,-121,-105,-145,120,-1.5,175,5.5,-120,100,-162,135,-1.5,150,5.5,-120,-104,-140,120,-1.5,175,5.5,-120,100,,,,,,,,-140,120,-1.5,170,5.5,-125,105,-141,124,,,5.5,-120,104,,,,,,,,-141,124,,,5.5,-120,104,,,,,,,,-146,123,5.5,11
2026-04-01T23:04:33Z,closing,2026-04-01,2026-04-02T00:40:00Z,902c8f6ff45c6855541ed7cef351aed8,Colorado Avalanche,Vancouver Canucks,-480,360,-1.5,-176,6.5,-114,-106,-500,380,-1.5,-180,6.5,-115,-105,-475,360,-2.5,-110,6.5,-115,-105,-600,430,-1.5,-195,6.5,-115,-105,-500,360,-1.5,-177,6.5,-125,-103,-500,375,-2.5,-105,6.5,-115,-105,-480,370,-1.5,-177,6.5,-124,100,-500,370,-2.5,-105,6.5,-115,-105,,,,,,,,-470,345,-1.5,-180,6.5,-115,-105,-445,366,-1.5,-172,6.5,-108,-108,-469,340,-2.5,100,6.5,-115,-106,-445,366,-1.5,-172,6.5,-108,-108,-445,350,-1.5,-180,6.5,-115,-105,-485,367,6.5,13
2026-04-01T23:04:33Z,closing,2026-04-01,2026-04-02T01:10:00Z,96ceffc5fa63fb301b4128bb29041f01,San Jose Sharks,Anaheim Ducks,-110,-110,-1.5,190,6.5,-132,108,-112,-108,1.5,-278,6.5,-130,110,-110,-110,1.5,-250,6.5,-130,110,-110,-110,1.5,-260,6.5,-140,118,-105,-117,1.5,-275,7.0,112,-141,-110,-110,-1.5,210,6.5,-130,110,-104,-115,1.5,-275,7.0,112,-139,-110,-110,-1.5,210,6.5,-135,115,,,,,,,,-110,-110,1.5,-250,6.5,-135,115,-110,-104,1.5,-270,6.5,-124,108,-112,-109,-1.5,212,6.5,-130,106,-110,-104,1.5,-270,6.5,-124,108,-110,-110,1.5,-270,6.5,-130,110,-109,-110,6.8,13
2026-04-01T23:04:33Z,closing,2026-04-01,2026-04-02T01:10:00Z,643d656ddcc5756af5e6115f9f134a28,Los Angeles Kings,St Louis Blues,-140,116,-1.5,184,5.5,-106,-114,-148,124,-1.5,170,5.5,-105,-115,-145,120,-1.5,180,5.5,-105,-115,-155,130,-1.5,162,5.5,-110,-110,-157,128,-1.5,163,5.5,-114,-112,-140,115,-1.5,175,5.5,-110,-110,-155,130,-1.5,165,5.5,-113,-110,-140,120,-1.5,175,5.5,-105,-115,,,,,,,,-142,122,-1.5,185,5.5,-108,-112,-138,122,-1.5,178,5.5,-101,-115,-144,118,-1.5,173,5.5,-105,-117,-138,122,-1.5,178,5.5,-101,-115,-143,123,-1.5,176,5.5,-105,-115,-145,122,5.5,13
2026-04-01T23:04:33Z,closing,2026-04-01,2026-04-02T23:00:00Z,337ca057ae2c7187f73c3acd0744a201,Florida Panthers,Boston Bruins,128,-154,1.5,-194,6.5,106,-130,130,-155,1.5,-198,6.5,105,-125,135,-160,1.5,-185,6.0,-118,-102,126,-150,1.5,-195,6.5,105,-125,118,-143,1.5,-225,6.5,-103,-124,125,-150,1.5,-200,6.5,105,-125,120,-141,1.5,-220,6.5,100,-122,130,-150,1.5,-180,6.5,105,-125,,,,,,,,133,-155,1.5,-190,6.0,-117,-103,136,-155,1.5,-190,6.5,109,-125,,,,,,,,136,-155,1.5,-190,6.5,109,-125,134,-155,1.5,-190,6.5,105,-125,129,-152,6.2,12
2026-04-01T23:04:33Z,closing,2026-04-01,2026-04-02T23:00:00Z,8dfcddea4566e363d9f50771c615aede,Ottawa Senators,Buffalo Sabres,-120,100,-1.5,198,6.5,-104,-118,-125,105,-1.5,205,6.5,-105,-115,-125,105,-1.5,180,6.5,-110,-110,-120,100,-1.5,205,6.5,-110,-110,-121,100,-1.5,200,6.5,-107,-118,-120,100,-1.5,200,6.5,-105,-115,-120,100,-1.5,200,6.5,-106,-118,-120,100,-1.5,190,6.5,-110,-110,,,,,,,,-120,100,-1.5,210,6.5,-103,-117,-118,104,-1.5,207,6.5,-108,-108,,,,,,,,-118,104,-1.5,207,6.5,-108,-108,-120,100,-1.5,212,6.5,-110,-110,-121,102,6.5,12
2026-04-01T23:04:33Z,closing,2026-04-01,2026-04-02T23:00:00Z,f373660dedf5402b53d298932fd3b7b0,Carolina Hurricanes,Columbus Blue Jackets,-184,152,-1.5,132,6.5,-105,-115,-185,154,-1.5,136,6.5,-105,-115,-190,154,-1.5,125,6.5,-110,-110,-190,158,-1.5,135,6.5,-105,-115,-190,155,-1.5,132,6.5,-105,-122,-180,150,-1.5,130,6.5,-105,-115,-190,155,-1.5,133,6.5,-104,-121,-185,155,-1.5,135,6.5,-105,-115,,,,,,,,-185,160,-1.5,135,6.5,100,-120,-179,157,-1.5,135,6.5,-108,-108,,,,,,,,-179,157,-1.5,135,6.5,-108,-108,-180,155,-1.5,135,6.5,-110,-110,-185,155,6.5,12
2026-04-01T23:04:33Z,closing,2026-04-01,2026-04-02T23:00:00Z,a86a1fc91cde72afa2abc09c894c4795,Philadelphia Flyers,Detroit Red Wings,-114,-105,-1.5,205,5.5,-124,102,-115,-105,-1.5,215,5.5,-125,105,-115,-105,1.5,-275,6.0,100,-120,-115,-105,-1.5,215,5.5,-125,105,-110,-110,1.5,-286,6.0,-106,-121,-115,-105,-1.5,220,5.5,-125,105,-109,-109,1.5,-286,6.0,-105,-120,-115,-105,-1.5,210,5.5,-125,105,,,,,,,,-115,-105,-1.5,225,6.0,102,-122,-114,100,-1.5,222,5.5,-120,104,,,,,,,,-114,100,-1.5,222,5.5,-120,104,-115,-105,-1.5,228,5.5,-120,100,-114,-72,5.8,12
2026-04-01T23:04:33Z,closing,2026-04-01,2026-04-02T23:00:00Z,247cdb2add511f7fefc68ffa559c6370,New York Rangers,Montréal Canadiens,125,-150,1.5,-210,6.5,100,-122,120,-142,1.5,-205,6.5,100,-120,120,-145,1.5,-200,6.0,-118,-102,122,-145,1.5,-210,6.5,100,-120,123,-148,1.5,-215,6.5,-106,-121,125,-150,1.5,-200,6.5,100,-120,123,-148,1.5,-215,6.5,-105,-120,125,-145,1.5,-200,6.5,100,-120,,,,,,,,133,-155,1.5,-195,6.5,100,-120,128,-145,1.5,-195,6.5,109,-125,,,,,,,,128,-145,1.5,-195,6.5,109,-125,125,-145,1.5,-195,6.5,105,-125,125,-147,6.2,12
2026-04-01T23:04:33Z,closing,2026-04-01,2026-04-02T23:00:00Z,beca38517178597e4784b16060b4c049,Tampa Bay Lightning,Pittsburgh Penguins,-176,146,-1.5,138,6.5,-110,-110,-170,142,-1.5,145,6.5,-110,-110,-175,145,-1.5,135,6.5,-110,-110,-170,143,-1.5,143,6.5,-110,-110,-177,145,-1.5,140,6.5,-110,-115,-175,145,-1.5,145,6.5,-110,-110,-175,145,-1.5,140,6.5,-109,-114,-175,150,-1.5,135,6.5,-110,-110,,,,,,,,-177,153,-1.5,142,6.5,-112,-108,-170,149,-1.5,149,6.5,-108,-108,,,,,,,,-170,149,-1.5,149,6.5,-108,-108,-170,146,-1.5,148,6.5,-110,-110,-173,146,6.5,12
2026-04-01T23:04:33Z,closing,2026-04-01,2026-04-02T23:30:00Z,99ec77079fba15d7b1feccbe48ab9895,New Jersey Devils,Washington Capitals,-122,102,-1.5,194,6.5,104,-128,-122,102,-1.5,205,6.5,105,-125,-120,100,-1.5,190,6.0,-118,-102,-120,100,-1.5,205,6.0,-120,100,-115,-106,-1.5,210,6.0,-117,-109,-120,100,-1.5,200,6.5,105,-125,-114,-105,-1.5,210,6.0,-115,-108,-120,100,-1.5,190,6.5,110,-130,,,,,,,,-120,100,-1.5,215,6.0,-117,-103,-119,105,-1.5,211,6.0,-120,104,,,,,,,,-119,105,-1.5,211,6.0,-120,104,-120,100,-1.5,216,6.0,-120,100,-119,67,6.2,12
2026-04-01T23:04:33Z,closing,2026-04-01,2026-04-03T00:00:00Z,01060baa72bf643120a46cda7c3e04c1,Dallas Stars,Winnipeg Jets,-172,142,-1.5,140,5.5,-122,100,-180,150,-1.5,145,5.5,-120,100,-185,150,-1.5,135,5.5,-120,100,-178,150,-1.5,143,5.5,-120,100,-195,160,-1.5,130,5.5,-127,100,-180,150,-1.5,145,5.5,-120,100,-195,160,-1.5,130,5.5,-125,102,-175,150,-1.5,140,5.5,-125,105,,,,,,,,-170,145,-1.5,153,5.5,-122,102,-175,153,-1.5,149,6.0,106,-122,,,,,,,,-175,153,-1.5,149,6.0,106,-122,-175,150,-1.5,148,6.0,100,-120,-180,151,5.8,12
2026-04-01T23:04:33Z,closing,2026-04-01,2026-04-03T00:00:00Z,368adafaca3fc7fa4f0f7b7d354f21bb,Minnesota Wild,Vancouver Canucks,-400,310,-1.5,-154,6.5,-102,-120,-395,310,-1.5,-155,6.5,-110,-110,-400,310,-2.5,100,6.5,-110,-110,-420,320,-1.5,-165,6.5,-110,-110,-435,320,-1.5,-165,6.5,-106,-121,-400,310,-2.5,105,6.5,-110,-110,-420,325,-1.5,-162,6.5,-105,-120,,,,,,,,,,,,,,,-415,310,-1.5,-150,6.5,-110,-110,,,,,,,,,,,,,,,,,,,,,,,,,,,,,-411,314,6.5,8
2026-04-01T23:04:33Z,closing,2026-04-01,2026-04-03T01:00:00Z,3962012b389d372db01b0f38a6ea361a,Edmonton Oilers,Chicago Blackhawks,-250,202,-1.5,100,6.5,-115,-105,-245,200,-1.5,105,6.5,-112,-108,-250,200,-1.5,-105,6.5,-115,-105,-250,205,-1.5,105,6.5,-115,-105,-265,210,-1.5,-104,6.5,-121,-106,-250,200,-1.5,105,6.5,-115,-105,-250,210,-1.5,-103,6.5,-120,-105,-240,200,-1.5,-105,6.5,-115,-105,,,,,,,,-245,205,-1.5,102,6.5,-115,-105,-235,204,-1.5,100,6.5,-115,-101,,,,,,,,-235,204,-1.5,100,6.5,-115,-101,-235,200,-1.5,100,6.5,-115,-105,-246,203,6.5,12
2026-04-01T23:04:33Z,closing,2026-04-01,2026-04-03T02:00:00Z,1e6e5a0666727130d468f7f5aafb900a,Vegas Golden Knights,Calgary Flames,-255,205,-1.5,-104,6.5,108,-132,-250,205,-1.5,100,5.5,-135,114,-250,200,-1.5,100,6.0,-110,-110,-260,210,-1.5,100,5.5,-135,115,-265,210,-1.5,-103,6.0,-113,-113,-250,200,-1.5,100,5.5,-140,115,-265,210,-1.5,100,6.0,-112,-112,-250,210,-1.5,-105,5.5,-145,120,,,,,,,,-260,215,-1.5,100,6.0,-117,-103,-245,212,-1.5,-105,5.5,-132,115,,,,,,,,-245,212,-1.5,-105,5.5,-132,115,-245,205,-1.5,-105,5.5,-130,110,-253,208,6.0,12
2026-04-01T23:04:33Z,closing,2026-04-01,2026-04-03T02:00:00Z,008d53bdada49368316a58be02b8b6a6,San Jose Sharks,Toronto Maple Leafs,-120,100,-1.5,198,6.5,-105,-115,-120,100,-1.5,205,6.5,100,-120,-120,100,-1.5,190,6.0,-125,105,-120,100,-1.5,205,6.5,100,-120,-117,-105,-1.5,205,6.5,100,-127,-120,100,-1.5,200,6.5,100,-120,-115,-104,-1.5,210,6.5,100,-125,,,,,,,,,,,,,,,-120,100,-1.5,210,6.5,105,-125,,,,,,,,,,,,,,,,,,,,,,,,,,,,,-119,49,6.2,8
2026-04-01T23:04:33Z,closing,2026-04-01,2026-04-03T02:00:00Z,d69c93371d04bfbb4ff6695c194ce6a6,Seattle Kraken,Utah Mammoth,112,-134,1.5,-225,5.5,-130,106,110,-130,1.5,-225,6.5,114,-135,110,-135,1.5,-220,6.0,-110,-110,110,-130,1.5,-225,6.5,110,-130,110,-136,1.5,-240,6.0,-113,-113,110,-130,1.5,-225,5.5,-140,115,112,-132,1.5,-235,6.0,-112,-112,110,-130,1.5,-235,5.5,-135,115,,,,,,,,115,-135,1.5,-230,6.0,-110,-110,113,-128,1.5,-225,6.0,-108,-108,,,,,,,,113,-128,1.5,-225,6.0,-108,-108,110,-130,1.5,-225,6.0,-110,-110,111,-132,6.0,12
2026-04-01T23:04:33Z,closing,2026-04-01,2026-04-03T02:30:00Z,800373ddaa41ee52279a143a60219336,Los Angeles Kings,Nashville Predators,-118,-102,-1.5,205,5.5,-130,106,-125,105,-1.5,200,5.5,-125,105,-125,105,-1.5,190,5.5,-125,105,-125,105,-1.5,196,5.5,-125,105,-129,106,-1.5,188,6.0,-107,-120,-120,100,-1.5,200,5.5,-125,105,-127,107,-1.5,190,6.0,-106,-118,,,,,,,,,,,,,,,-125,105,-1.5,205,5.5,-125,105,,,,,,,,,,,,,,,,,,,,,,,,,,,,,-124,79,5.8,8
2026-04-02T22:53:34Z,manual,2026-04-02,2026-04-02T23:00:00Z,8dfcddea4566e363d9f50771c615aede,Ottawa Senators,Buffalo Sabres,-120,100,-1.5,205,6.5,100,-122,-120,100,-1.5,200,6.5,100,-120,-115,-105,-1.5,200,6.5,100,-120,-120,100,-1.5,205,6.5,100,-120,-118,-104,-1.5,205,6.5,-109,-117,-120,100,-1.5,200,6.5,100,-120,-117,-103,-1.5,205,6.5,-108,-115,-120,100,-1.5,200,6.5,100,-120,,,,,,,,-125,105,-1.5,200,6.5,100,-120,-113,-101,-1.5,203,6.5,104,-120,-121,-101,-1.5,205,6.5,100,-122,-113,-101,-1.5,203,6.5,104,-120,-120,100,-1.5,208,6.5,100,-120,-119,7,6.5,13
2026-04-02T22:53:34Z,manual,2026-04-02,2026-04-02T23:00:00Z,f373660dedf5402b53d298932fd3b7b0,Carolina Hurricanes,Columbus Blue Jackets,-205,168,-1.5,112,6.5,-105,-115,-192,160,-1.5,130,6.5,-112,-108,-190,155,-1.5,125,6.5,-110,-110,-190,158,-1.5,130,6.5,-110,-110,-195,160,-1.5,130,6.5,-110,-115,-190,160,-1.5,125,6.5,-110,-110,-195,160,-1.5,130,6.5,-109,-114,-190,160,-1.5,125,6.5,-110,-110,,,,,,,,-185,160,-1.5,130,6.5,-112,-108,-187,164,-1.5,130,6.5,-115,-101,-196,158,-1.5,125,6.5,-112,-109,-187,164,-1.5,130,6.5,-115,-101,-185,159,-1.5,130,6.5,-115,-105,-191,160,6.5,13
2026-04-02T22:53:34Z,manual,2026-04-02,2026-04-02T23:00:00Z,a86a1fc91cde72afa2abc09c894c4795,Philadelphia Flyers,Detroit Red Wings,-105,-114,1.5,-265,5.5,-124,102,-110,-110,-1.5,225,5.5,-125,105,-110,-110,-1.5,220,6.0,100,-120,-110,-110,-1.5,215,5.5,-140,118,-110,-110,1.5,-286,6.0,100,-125,-110,-110,1.5,-275,5.5,-125,105,-109,-109,1.5,-286,6.0,100,-124,-110,-110,-1.5,215,5.5,-125,105,,,,,,,,-105,-115,1.5,-280,6.0,100,-120,-104,-110,-1.5,226,6.0,101,-117,-109,-113,1.5,-275,6.0,100,-122,-104,-110,-1.5,226,6.0,101,-117,-105,-115,-1.5,232,6.0,100,-120,-108,-111,5.8,13
2026-04-02T22:53:34Z,manual,2026-04-02,2026-04-02T23:00:00Z,247cdb2add511f7fefc68ffa559c6370,New York Rangers,Montréal Canadiens,105,-126,1.5,-250,6.5,-105,-114,105,-125,1.5,-230,6.5,-105,-115,105,-125,1.5,-225,6.5,-110,-110,115,-135,1.5,-225,6.5,100,-120,114,-139,1.5,-230,6.5,-105,-122,105,-125,1.5,-240,6.5,-105,-115,115,-136,1.5,-230,6.5,-104,-121,105,-125,1.5,-225,6.5,-105,-115,,,,,,,,105,-125,1.5,-230,6.5,-103,-117,103,-117,1.5,-232,6.5,-101,-115,100,-122,1.5,-255,6.5,-106,-115,103,-117,1.5,-232,6.5,-101,-115,100,-120,1.5,-230,6.5,-105,-115,106,-126,6.5,13
2026-04-02T22:53:34Z,manual,2026-04-02,2026-04-02T23:00:00Z,beca38517178597e4784b16060b4c049,Tampa Bay Lightning,Pittsburgh Penguins,-166,138,-1.5,142,6.5,-118,-104,-162,136,-1.5,154,6.5,-115,-105,-165,140,-1.5,145,6.5,-120,100,-160,135,-1.5,158,6.5,-120,100,-177,145,-1.5,140,6.5,-122,-104,-160,130,-1.5,145,6.5,-120,100,-175,145,-1.5,140,6.5,-122,-103,-155,135,-1.5,150,6.5,-120,100,,,,,,,,-165,140,-1.5,147,6.5,-120,100,-153,135,-1.5,149,6.5,-113,-103,-161,131,-1.5,142,6.5,-120,-102,-153,135,-1.5,149,6.5,-113,-103,-160,138,-1.5,148,6.5,-120,100,-162,137,6.5,13
2026-04-02T22:53:34Z,manual,2026-04-02,2026-04-02T23:07:00Z,337ca057ae2c7187f73c3acd0744a201,Florida Panthers,Boston Bruins,136,-164,1.5,-184,6.5,-104,-118,136,-162,1.5,-185,6.5,-102,-118,140,-165,1.5,-175,6.5,-105,-115,148,-175,1.5,-175,6.5,-105,-115,135,-165,1.5,-186,6.5,-108,-117,140,-170,1.5,-180,6.5,-105,-115,135,-162,1.5,-182,6.5,-107,-115,140,-165,1.5,-175,6.5,-105,-115,,,,,,,,,,,,,,,146,-166,1.5,-180,6.5,-104,-112,134,-166,1.5,-185,6.5,-105,-116,146,-166,1.5,-180,6.5,-104,-112,142,-165,1.5,-180,6.5,-105,-115,140,-166,6.5,12
2026-04-02T22:53:34Z,manual,2026-04-02,2026-04-02T23:30:00Z,99ec77079fba15d7b1feccbe48ab9895,New Jersey Devils,Washington Capitals,-110,-110,-1.5,205,6.5,-102,-120,-115,-105,-1.5,210,6.5,102,-122,-110,-110,1.5,-275,6.5,100,-120,-110,-110,-1.5,215,6.5,100,-120,-113,-108,-1.5,215,6.0,-127,100,-110,-110,-1.5,220,6.5,100,-120,-112,-107,-1.5,215,6.0,-125,100,-110,-110,1.5,-290,6.5,105,-125,,,,,,,,-110,-110,-1.5,220,6.0,-122,102,-108,-106,1.5,-275,6.0,-118,102,-112,-109,-1.5,217,6.5,100,-123,-108,-106,1.5,-275,6.0,-118,102,-115,-105,-1.5,224,6.0,-120,100,-111,-108,6.2,13
2026-04-02T22:53:34Z,manual,2026-04-02,2026-04-03T00:00:00Z,368adafaca3fc7fa4f0f7b7d354f21bb,Minnesota Wild,Vancouver Canucks,-450,340,-1.5,-168,6.5,-110,-110,-425,330,-1.5,-166,6.5,-115,-105,-450,333,-2.5,100,6.5,-115,-105,-455,345,-1.5,-175,6.5,-115,-105,-455,340,-1.5,-175,6.5,-114,-112,-425,330,-2.5,100,6.5,-110,-110,-455,340,-1.5,-167,6.5,-113,-110,-425,320,-2.5,110,6.5,-110,-110,,,,,,,,-450,335,-1.5,-168,6.5,-115,-105,-400,332,-1.5,-160,6.5,-114,-102,-441,320,-2.5,102,6.5,-115,-106,-400,332,-1.5,-160,6.5,-114,-102,-425,333,-1.5,-165,6.5,-115,-105,-435,333,6.5,13
2026-04-02T22:53:34Z,manual,2026-04-02,2026-04-03T00:07:00Z,01060baa72bf643120a46cda7c3e04c1,Dallas Stars,Winnipeg Jets,-152,126,-1.5,154,5.5,-115,-105,-155,130,-1.5,160,5.5,-112,-108,-155,130,-1.5,155,5.5,-115,-105,-155,130,-1.5,158,5.5,-115,-105,-165,135,-1.5,150,5.5,-125,100,-160,130,-1.5,160,5.5,-115,-105,-162,135,-1.5,150,5.5,-124,100,-155,135,-1.5,160,5.5,-120,100,,,,,,,,-155,133,-1.5,163,6.0,102,-122,-151,133,-1.5,165,5.5,-115,-101,-153,124,-1.5,164,5.5,-118,-104,-151,133,-1.5,165,5.5,-115,-101,-155,134,-1.5,164,5.5,-115,-105,-156,131,5.8,13
2026-04-02T22:53:34Z,manual,2026-04-02,2026-04-03T01:00:00Z,3962012b389d372db01b0f38a6ea361a,Edmonton Oilers,Chicago Blackhawks,-220,180,-1.5,110,6.5,-115,-105,-225,185,-1.5,110,6.5,-118,-102,-225,185,-1.5,110,6.5,-118,-102,-240,196,-1.5,100,6.5,-115,-105,-245,195,-1.5,102,6.5,-117,-109,-225,185,-1.5,110,6.5,-115,-105,-245,200,-1.5,102,6.5,-115,-108,-225,190,-1.5,105,6.5,-120,100,,,,,,,,-225,185,-1.5,107,6.5,-112,-108,-208,181,-1.5,110,6.5,-116,100,-216,173,-1.5,109,6.5,-115,-106,-208,181,-1.5,110,6.5,-116,100,-215,183,-1.5,110,6.5,-115,-105,-225,186,6.5,13
2026-04-02T22:53:34Z,manual,2026-04-02,2026-04-03T02:00:00Z,1e6e5a0666727130d468f7f5aafb900a,Vegas Golden Knights,Calgary Flames,-260,210,-1.5,-104,6.5,104,-128,-250,205,-1.5,100,6.5,110,-130,-250,200,-1.5,100,6.0,-120,100,-278,222,-1.5,-105,6.0,-125,105,-275,215,-1.5,-104,6.0,-121,-106,-250,200,-1.5,100,6.5,110,-130,-265,215,-1.5,-103,6.0,-120,-105,-250,210,-1.5,100,6.5,105,-125,,,,,,,,-250,210,-1.5,105,6.0,-112,-108,-242,210,-1.5,102,6.0,-117,101,-250,199,-1.5,-102,6.0,-117,-104,-242,210,-1.5,102,6.0,-117,101,-245,205,-1.5,100,6.0,-115,-105,-254,209,6.2,13
2026-04-02T22:53:34Z,manual,2026-04-02,2026-04-03T02:00:00Z,008d53bdada49368316a58be02b8b6a6,San Jose Sharks,Toronto Maple Leafs,-134,112,-1.5,176,6.5,-110,-110,-135,114,-1.5,180,6.5,-112,-108,-135,115,-1.5,180,6.5,-115,-105,-140,118,-1.5,180,6.5,-120,100,-143,118,-1.5,170,6.5,-108,-118,-140,115,-1.5,185,6.5,-110,-110,-141,120,-1.5,170,6.5,-107,-117,-135,115,-1.5,170,6.5,-105,-115,,,,,,,,-138,117,-1.5,185,6.5,-112,-108,-132,116,-1.5,186,6.5,-112,-104,-136,111,-1.5,170,6.5,-113,-109,-132,116,-1.5,186,6.5,-112,-104,-135,115,-1.5,188,6.5,-110,-110,-137,116,6.5,13
2026-04-02T22:53:34Z,manual,2026-04-02,2026-04-03T02:00:00Z,d69c93371d04bfbb4ff6695c194ce6a6,Seattle Kraken,Utah Mammoth,114,-137,1.5,-215,6.5,108,-132,120,-142,1.5,-218,6.5,110,-130,118,-140,1.5,-210,6.0,-120,100,126,-150,1.5,-205,6.0,-120,100,118,-143,1.5,-225,6.0,-113,-113,115,-140,1.5,-210,6.5,110,-130,120,-141,1.5,-220,6.0,-112,-112,120,-140,1.5,-210,6.5,105,-125,,,,,,,,117,-138,1.5,-225,6.0,-110,-110,120,-136,1.5,-215,6.0,-114,-102,114,-139,1.5,-214,6.0,-120,-102,120,-136,1.5,-215,6.0,-114,-102,120,-140,1.5,-215,6.0,-115,-105,119,-140,6.2,13
2026-04-02T22:53:34Z,manual,2026-04-02,2026-04-03T02:30:00Z,800373ddaa41ee52279a143a60219336,Los Angeles Kings,Nashville Predators,-125,104,-1.5,198,5.5,-114,-106,-125,105,-1.5,205,5.5,-122,102,-125,105,-1.5,200,5.5,-120,100,-125,105,-1.5,196,5.5,-120,100,-125,104,-1.5,190,5.5,-124,-104,-125,105,-1.5,200,5.5,-120,100,-124,105,-1.5,195,5.5,-122,-103,-120,100,-1.5,210,5.5,-120,100,,,,,,,,-122,102,-1.5,215,5.5,-117,-103,-119,105,-1.5,209,5.5,-115,-101,-125,102,-1.5,201,5.5,-119,-103,-119,105,-1.5,209,5.5,-115,-101,-125,105,-1.5,212,5.5,-115,-105,-123,104,5.5,13
2026-04-02T22:53:34Z,manual,2026-04-02,2026-04-03T23:10:00Z,1de936f832a2d7aed41e05852cacadcb,New York Islanders,Philadelphia Flyers,-154,128,-1.5,168,5.5,-118,-104,-162,136,-1.5,160,5.5,-125,105,-160,135,-1.5,150,6.0,100,-120,-160,135,-1.5,158,6.0,100,-120,-152,125,-1.5,163,5.5,-117,-109,-160,130,-1.5,160,5.5,-125,105,-150,125,-1.5,165,5.5,-115,-108,,,,,,,,,,,,,,,,,,,,,,-153,135,,,6.0,104,-120,,,,,,,,-153,135,,,6.0,104,-120,-155,134,,,6.0,100,-120,-156,132,5.8,10
2026-04-02T22:53:34Z,manual,2026-04-02,2026-04-04T02:10:00Z,d45f9e5f21f7e0880b1a5c17ccf1d1c7,Anaheim Ducks,St Louis Blues,-140,116,-1.5,176,6.5,104,-128,-135,114,-1.5,180,6.5,110,-130,-140,115,-1.5,170,6.0,-118,-102,-135,115,-1.5,180,6.5,110,-130,-141,117,-1.5,170,6.0,-122,-105,-140,115,-1.5,175,6.5,105,-125,-139,118,-1.5,175,6.0,-121,-104,-140,120,-1.5,170,6.5,110,-130,,,,,,,,,,,,,,,-133,117,-1.5,188,6.0,-120,104,,,,,,,,-133,117,-1.5,188,6.0,-120,104,-135,115,-1.5,192,6.0,-120,100,-137,116,6.2,11
2026-04-03T22:02:57Z,manual,2026-04-03,2026-04-03T23:10:00Z,1de936f832a2d7aed41e05852cacadcb,New York Islanders,Philadelphia Flyers,-146,122,-1.5,172,5.5,-115,-105,-155,130,-1.5,170,5.5,-122,102,-155,130,-1.5,165,5.5,-120,100,-160,135,-1.5,162,5.5,-115,-105,-143,118,-1.5,175,5.5,-121,-106,-150,125,-1.5,175,5.5,-115,-105,-143,120,-1.5,175,5.5,-120,-105,-150,130,-1.5,165,5.5,-115,-105,,,,,,,,-150,130,-1.5,168,5.5,-120,100,-147,129,-1.5,174,5.5,-112,-104,-149,121,-1.5,170,5.5,-119,-103,-147,129,-1.5,174,5.5,-112,-104,-145,125,-1.5,172,5.5,-120,100,-149,126,5.5,13
2026-04-03T22:02:57Z,manual,2026-04-03,2026-04-04T02:10:00Z,d45f9e5f21f7e0880b1a5c17ccf1d1c7,Anaheim Ducks,St Louis Blues,-142,118,-1.5,176,6.5,108,-132,-142,120,-1.5,170,6.5,110,-130,-140,118,-1.5,180,6.0,-118,-102,-145,122,-1.5,158,6.0,-120,100,-150,123,-1.5,160,6.5,-105,-122,-140,115,-1.5,175,6.5,105,-125,-150,125,-1.5,163,6.5,-104,-121,-140,120,-1.5,170,6.5,110,-130,,,,,,,,-142,122,-1.5,178,6.0,-120,100,-149,131,-1.5,174,6.0,-116,100,-140,114,-1.5,172,6.0,-116,-105,-149,131,-1.5,174,6.0,-116,100,-138,118,-1.5,172,6.0,-120,100,-144,121,6.2,13
2026-04-03T22:02:57Z,manual,2026-04-03,2026-04-04T16:30:00Z,87131d2c1470ca45e97a786b1d493dd1,New York Rangers,Detroit Red Wings,120,-144,1.5,-220,6.5,112,-138,120,-142,1.5,-218,6.5,110,-130,115,-140,1.5,-210,6.0,-115,-105,122,-145,1.5,-215,6.0,-115,-105,116,-141,1.5,-230,6.0,-113,-113,115,-140,1.5,-225,6.5,115,-140,117,-139,1.5,-225,6.0,-112,-112,120,-140,1.5,-215,6.5,110,-130,,,,,,,,120,-140,1.5,-215,6.0,-115,-105,122,-138,1.5,-215,6.0,-112,-104,,,,,,,,122,-138,1.5,-215,6.0,-112,-104,120,-140,1.5,-215,6.0,-110,-110,119,-141,6.2,12
2026-04-03T22:02:57Z,manual,2026-04-03,2026-04-04T17:00:00Z,ac4f66d3e9136c3cfdc9fe87dac43605,Ottawa Senators,Minnesota Wild,-118,-102,-1.5,210,5.5,-142,116,-120,100,-1.5,205,6.5,114,-135,-118,-102,1.5,-285,6.0,-105,-115,-120,100,-1.5,210,6.0,-110,-110,-110,-110,-1.5,215,6.0,-106,-121,-115,-105,-1.5,210,5.5,-140,115,-109,-109,-1.5,220,6.0,-105,-120,-120,100,-1.5,190,5.5,-135,115,,,,,,,,-120,100,-1.5,215,6.0,-105,-115,-110,-104,-1.5,215,6.0,-105,-111,,,,,,,,-110,-104,-1.5,215,6.0,-105,-111,-110,-110,-1.5,220,6.0,-110,-110,-115,-37,6.0,12
2026-04-03T22:02:57Z,manual,2026-04-03,2026-04-04T19:00:00Z,a383435cbbba66da650781837ddb1720,Dallas Stars,Colorado Avalanche,-110,-110,-1.5,210,5.5,-140,112,-110,-110,1.5,-285,5.5,-135,114,-110,-110,-1.5,220,6.0,-115,-105,-110,-110,1.5,-285,6.0,-110,-110,-106,-115,1.5,-278,6.0,-118,-108,-110,-110,-1.5,220,5.5,-140,115,-105,-114,1.5,-275,6.0,-117,-107,-110,-110,1.5,-300,5.5,-135,115,,,,,,,,-105,-115,1.5,-270,6.0,-117,-103,-102,-112,1.5,-275,6.0,-110,-106,,,,,,,,-102,-112,1.5,-275,6.0,-110,-106,-110,-110,1.5,-275,6.0,-110,-110,-108,-112,5.8,12
2026-04-03T22:02:57Z,manual,2026-04-03,2026-04-04T21:00:00Z,675b2a5b971984b9db671086c8506641,Tampa Bay Lightning,Boston Bruins,-184,152,-1.5,136,6.5,106,-130,-175,145,-1.5,140,6.5,110,-130,-175,145,-1.5,135,6.0,-120,100,-178,150,-1.5,140,6.0,-120,100,-182,148,-1.5,140,6.0,-122,-105,-180,150,-1.5,140,6.5,105,-125,-180,150,-1.5,143,6.0,-121,-104,-185,155,-1.5,135,6.5,110,-130,,,,,,,,-177,153,-1.5,142,6.0,-120,100,-175,153,-1.5,149,6.0,-118,102,,,,,,,,-175,153,-1.5,149,6.0,-118,102,-175,150,-1.5,148,6.0,-120,100,-178,150,6.2,12
2026-04-03T22:02:57Z,manual,2026-04-03,2026-04-04T21:00:00Z,64e14f827ab380b85a4caa6d0ecf2e01,Pittsburgh Penguins,Florida Panthers,-215,176,-1.5,116,6.5,102,-124,-205,170,-1.5,120,6.5,100,-120,-210,170,-1.5,115,6.5,-105,-115,-210,175,-1.5,118,6.5,100,-120,-230,185,-1.5,114,6.0,-124,-103,-210,175,-1.5,120,6.5,-105,-115,-225,185,-1.5,115,6.0,-124,100,-210,175,-1.5,115,6.5,100,-120,,,,,,,,-215,178,-1.5,117,6.5,-103,-117,-209,182,-1.5,120,6.5,-108,-108,,,,,,,,-209,182,-1.5,120,6.5,-108,-108,-210,180,-1.5,120,6.5,-110,-110,-213,178,6.2,12
2026-04-03T22:02:57Z,manual,2026-04-03,2026-04-04T23:00:00Z,09760738a34b94ba4ba415e0bddf1247,Washington Capitals,Buffalo Sabres,-104,-115,1.5,-260,6.5,100,-122,-105,-115,1.5,-270,6.5,100,-120,-105,-115,-1.5,220,6.0,-125,105,-105,-115,1.5,-278,6.5,100,-120,-110,-110,-1.5,215,6.5,100,-127,-110,-110,1.5,-260,6.5,100,-120,-109,-109,-1.5,215,6.5,102,-125,-105,-115,1.5,-275,6.5,100,-120,,,,,,,,-105,-115,1.5,-270,6.5,102,-122,-104,-110,1.5,-275,6.5,102,-118,,,,,,,,-104,-110,1.5,-275,6.5,102,-118,-110,-110,1.5,-275,6.5,100,-120,-106,-112,6.2,12
2026-04-03T22:02:57Z,manual,2026-04-03,2026-04-04T23:00:00Z,af25a136197dda17504d12b2e718e064,Carolina Hurricanes,New York Islanders,-255,205,-1.5,-102,6.5,104,-128,-230,190,-1.5,110,6.5,105,-125,-235,190,-1.5,105,6.0,-120,100,-235,192,-1.5,110,6.5,105,-125,-250,200,-1.5,104,6.0,-121,-105,-240,190,-1.5,105,6.5,105,-125,-245,200,-1.5,105,6.0,-120,-104,,,,,,,,,,,,,,,-230,190,-1.5,110,6.5,105,-125,,,,,,,,,,,,,,,,,,,,,,,,,,,,,-240,195,6.2,8
2026-04-03T22:02:57Z,manual,2026-04-03,2026-04-04T23:00:00Z,dd1a78e5e92c976caf37a08360a2aafc,Columbus Blue Jackets,Winnipeg Jets,-138,115,-1.5,176,5.5,-140,114,-142,120,-1.5,180,6.5,114,-135,-140,115,-1.5,170,6.0,-110,-110,-140,118,-1.5,180,6.0,-110,-110,-129,107,-1.5,188,6.0,-106,-121,-145,120,-1.5,175,6.5,110,-130,-129,108,-1.5,188,6.0,-105,-120,-140,120,-1.5,170,5.5,-135,115,,,,,,,,-142,122,-1.5,178,6.0,-112,-108,-140,123,-1.5,183,6.0,-110,-106,,,,,,,,-140,123,-1.5,183,6.0,-110,-106,-140,120,-1.5,184,6.0,-110,-110,-139,118,6.0,12
2026-04-03T22:02:57Z,manual,2026-04-03,2026-04-04T23:00:00Z,7768959b2f03475f8b98c0c2fb98daf2,Los Angeles Kings,Toronto Maple Leafs,-182,150,-1.5,138,5.5,-138,112,-185,154,-1.5,140,5.5,-135,114,-185,150,-1.5,135,6.0,-110,-110,-190,158,-1.5,140,6.0,-110,-110,-200,160,-1.5,135,6.0,-103,-124,-180,150,-1.5,140,6.5,115,-140,-195,163,-1.5,138,6.0,100,-122,-175,150,-1.5,140,5.5,-135,115,,,,,,,,-180,155,-1.5,142,6.0,-112,-108,-177,155,-1.5,149,6.0,-110,-106,,,,,,,,-177,155,-1.5,149,6.0,-110,-106,-175,150,-1.5,148,6.0,-110,-110,-183,154,6.0,12
2026-04-03T22:02:57Z,manual,2026-04-03,2026-04-04T23:00:00Z,d6ba018d03f358ce5b9d7ae71dee158b,New Jersey Devils,Montréal Canadiens,104,-125,1.5,-245,6.5,104,-128,-102,-118,1.5,-258,6.5,100,-120,100,-120,1.5,-235,6.0,-130,105,105,-125,1.5,-260,6.5,100,-120,-104,-117,1.5,-278,6.0,-127,100,100,-120,1.5,-250,6.5,100,-120,-103,-115,1.5,-275,6.5,102,-125,100,-120,1.5,-265,6.5,100,-120,,,,,,,,102,-122,1.5,-245,6.0,-122,102,104,-118,1.5,-250,6.5,104,-120,,,,,,,,104,-118,1.5,-250,6.5,104,-120,100,-120,1.5,-250,6.5,100,-120,51,-120,6.2,12
2026-04-03T22:02:57Z,manual,2026-04-03,2026-04-04T23:00:00Z,c81b746ea655695add0802e3fc1e429e,Vancouver Canucks,Utah Mammoth,172,-210,1.5,-152,6.5,108,-132,170,-205,1.5,-148,6.5,110,-130,170,-210,1.5,-140,6.0,-120,100,175,-210,1.5,-145,6.0,-120,100,185,-230,1.5,-143,6.0,-124,-104,175,-210,1.5,-145,6.5,110,-130,185,-225,1.5,-143,6.0,-122,-103,165,-195,1.5,-150,6.5,110,-130,,,,,,,,178,-215,1.5,-142,6.0,-122,102,182,-209,1.5,-145,6.0,-120,104,,,,,,,,182,-209,1.5,-145,6.0,-120,104,180,-210,1.5,-145,6.0,-120,100,177,-212,6.2,12
2026-04-03T22:02:57Z,manual,2026-04-03,2026-04-05T02:00:00Z,4ed3c0ed86d423636d9b952394d07287,Anaheim Ducks,Calgary Flames,-152,126,-1.5,160,6.5,-110,-110,-155,130,-1.5,164,6.5,-105,-115,-155,125,-1.5,154,6.5,-105,-115,-155,130,-1.5,162,6.5,-105,-115,-155,125,-1.5,160,6.5,-109,-117,-150,125,-1.5,165,6.5,-110,-110,-152,128,-1.5,160,6.5,-108,-115,,,,,,,,,,,,,,,-150,130,-1.5,163,6.5,-105,-115,,,,,,,,,,,,,,,,,,,,,,,,,,,,,-153,127,6.5,8
2026-04-03T22:02:57Z,manual,2026-04-03,2026-04-05T02:00:00Z,4ad55216cedd32a30c0f186ae9ebef8e,Seattle Kraken,Chicago Blackhawks,-176,146,-1.5,146,5.5,-130,106,-162,136,-1.5,160,5.5,-130,110,-165,135,-1.5,145,6.0,-105,-115,-165,140,-1.5,152,5.5,-130,110,-182,148,-1.5,138,6.0,100,-125,-170,140,-1.5,150,5.5,-130,110,-180,148,-1.5,138,6.0,100,-124,-170,145,-1.5,145,5.5,-130,110,,,,,,,,-172,147,-1.5,153,6.0,-105,-115,-168,148,-1.5,157,6.0,-103,-113,,,,,,,,-168,148,-1.5,157,6.0,-103,-113,-170,146,-1.5,156,6.0,-105,-115,-171,144,5.8,12
2026-04-03T22:02:57Z,manual,2026-04-03,2026-04-05T02:00:00Z,b222a97178c30b2c7bc2338b4347790d,Edmonton Oilers,Vegas Golden Knights,-113,-106,-1.5,210,6.5,100,-122,-115,-105,-1.5,205,6.5,100,-120,-118,-102,1.5,-275,6.0,-125,105,-115,-105,-1.5,210,6.5,100,-120,-113,-108,-1.5,215,6.5,-105,-122,-115,-105,-1.5,210,6.5,100,-120,-112,-107,-1.5,215,6.5,-104,-121,-115,-105,-1.5,190,6.5,100,-120,,,,,,,,-117,-103,-1.5,215,6.5,-103,-117,-115,101,-1.5,215,6.5,-101,-115,,,,,,,,-115,101,-1.5,215,6.5,-101,-115,-115,-105,-1.5,220,6.5,-105,-115,-115,-71,6.2,12
2026-04-03T22:02:57Z,manual,2026-04-03,2026-04-05T02:00:00Z,f9c046179b41e26a68b983a8377ec9a2,San Jose Sharks,Nashville Predators,-115,-104,-1.5,198,6.5,102,-124,-115,-105,-1.5,205,6.5,100,-120,-115,-105,1.5,-275,6.0,-125,105,-115,-105,-1.5,205,6.5,100,-120,-110,-110,-1.5,215,6.5,100,-125,-115,-105,-1.5,200,6.5,100,-120,-109,-109,-1.5,220,6.5,100,-124,-115,-105,-1.5,190,6.5,100,-120,,,,,,,,-120,100,-1.5,210,6.5,102,-122,-114,100,-1.5,211,6.5,104,-120,,,,,,,,-114,100,-1.5,211,6.5,104,-120,-115,-105,-1.5,216,6.5,100,-120,-114,-54,6.2,12
2026-04-04T21:57:54Z,evening,2026-04-04,2026-04-04T19:20:00Z,a383435cbbba66da650781837ddb1720,Dallas Stars,Colorado Avalanche,830,-2200,1.5,100,,,,1400,-3500,,,,,,3300,-10000,2.5,-1000,2.5,450,-750,800,-1600,1.5,-135,2.5,165,-210,,,,,,,,750,-1400,1.5,-120,,,,1300,-5000,,,,,,900,-2000,,,,,,,,,,,,,500,-900,1.5,-145,2.5,110,-145,,,,,,,,675,-1667,1.5,-167,2.0,-133,-105,,,,,,,,,,,,,,,1162,-3141,2.2,9
2026-04-04T21:57:54Z,evening,2026-04-04,2026-04-04T21:10:00Z,675b2a5b971984b9db671086c8506641,Tampa Bay Lightning,Boston Bruins,-170,132,-1.5,172,4.5,-122,-106,-160,124,-1.5,170,4.5,-125,-105,-185,145,-1.5,154,4.5,-105,-130,-160,125,-1.5,165,4.5,-120,-110,,,,,,,,-165,125,-1.5,160,4.5,-115,-115,-150,125,-1.5,180,4.5,-127,100,-165,130,-1.5,175,4.5,-120,-110,,,,,,,,-175,135,-1.5,165,4.5,-120,-110,,,,,,,,-167,125,-1.5,180,4.5,-125,-111,,,,,,,,,,,,,,,-166,130,4.5,9
2026-04-04T21:57:54Z,evening,2026-04-04,2026-04-04T21:10:00Z,64e14f827ab380b85a4caa6d0ecf2e01,Pittsburgh Penguins,Florida Panthers,-225,168,-1.5,134,8.5,-148,114,-210,160,-1.5,130,8.5,-135,105,-210,165,-1.5,135,8.5,-125,-105,-210,165,-1.5,135,8.5,-140,110,,,,,,,,-210,160,-1.5,125,8.5,-130,100,-200,163,-1.5,138,8.5,-150,118,-220,170,-1.5,130,8.5,-150,115,,,,,,,,-210,160,-1.5,130,8.5,-150,115,,,,,,,,-222,170,-1.5,125,8.5,-182,105,,,,,,,,,,,,,,,-213,165,8.5,9
2026-04-04T21:57:54Z,evening,2026-04-04,2026-04-04T23:10:00Z,09760738a34b94ba4ba415e0bddf1247,Washington Capitals,Buffalo Sabres,-106,-113,1.5,-265,6.5,-106,-114,-105,-115,1.5,-258,6.5,-105,-115,-102,-118,1.5,-250,6.5,-105,-115,100,-120,1.5,-240,6.5,-105,-115,-103,-120,1.5,-265,6.5,-103,-125,-110,-110,1.5,-275,6.5,-110,-110,100,-118,1.5,-265,6.5,100,-124,100,-120,1.5,-250,6.5,-105,-115,,,,,,,,-103,-117,1.5,-270,6.5,-105,-115,-101,-113,1.5,-257,6.5,-108,-108,-107,-114,1.5,-265,6.5,-108,-113,-101,-113,1.5,-257,6.5,-108,-108,-105,-115,1.5,-255,6.5,-110,-110,-57,-116,6.5,13
2026-04-04T21:57:54Z,evening,2026-04-04,2026-04-04T23:10:00Z,af25a136197dda17504d12b2e718e064,Carolina Hurricanes,New York Islanders,-255,205,-1.5,102,6.5,106,-130,-258,210,-1.5,-105,6.5,100,-120,-275,220,-1.5,-110,6.5,100,-120,-267,215,-1.5,-115,6.5,-105,-115,-265,210,-1.5,100,6.0,-125,100,-260,210,-1.5,-105,6.5,105,-125,-265,215,-1.5,100,6.0,-124,100,-260,215,-1.5,-110,6.5,105,-125,,,,,,,,-260,215,-1.5,-105,6.5,102,-122,-257,222,-1.5,-105,6.5,104,-120,-260,206,-1.5,-105,6.0,-123,100,-257,222,-1.5,-105,6.5,104,-120,-260,218,-1.5,-105,6.5,100,-120,-261,214,6.2,13
2026-04-04T21:57:54Z,evening,2026-04-04,2026-04-04T23:10:00Z,dd1a78e5e92c976caf37a08360a2aafc,Columbus Blue Jackets,Winnipeg Jets,-144,120,-1.5,176,5.5,-132,108,-148,124,-1.5,180,5.5,-135,114,-145,120,-1.5,170,6.0,-102,-118,-145,122,-1.5,175,6.0,100,-120,-157,130,-1.5,160,6.0,-106,-121,-145,120,-1.5,175,5.5,-125,105,-157,130,-1.5,160,6.0,-105,-120,-145,125,-1.5,170,5.5,-130,110,,,,,,,,-147,127,-1.5,175,6.0,100,-120,-141,124,-1.5,182,6.0,104,-120,-148,121,-1.5,172,6.0,-104,-118,-141,124,-1.5,182,6.0,104,-120,-145,125,-1.5,184,6.0,100,-120,-147,124,5.8,13
2026-04-04T21:57:54Z,evening,2026-04-04,2026-04-04T23:10:00Z,7768959b2f03475f8b98c0c2fb98daf2,Los Angeles Kings,Toronto Maple Leafs,-200,164,-1.5,122,6.5,108,-132,-205,170,-1.5,130,6.5,114,-135,-200,165,-1.5,125,6.0,-115,-105,-205,170,-1.5,126,6.0,-115,-105,-215,175,-1.5,128,6.0,-120,-107,-200,165,-1.5,125,6.5,110,-130,-210,175,-1.5,128,6.0,-118,-106,-195,165,-1.5,125,6.5,110,-130,,,,,,,,-200,170,-1.5,133,6.0,-112,-108,-190,166,-1.5,138,6.0,-111,-105,-202,162,-1.5,125,6.0,-113,-108,-190,166,-1.5,138,6.0,-111,-105,-190,163,-1.5,140,6.0,-115,-105,-200,167,6.2,13
2026-04-04T21:57:54Z,evening,2026-04-04,2026-04-04T23:10:00Z,d6ba018d03f358ce5b9d7ae71dee158b,New Jersey Devils,Montréal Canadiens,105,-126,1.5,-240,6.5,-106,-114,105,-125,1.5,-230,6.5,-105,-115,105,-125,1.5,-235,6.5,-105,-115,105,-125,1.5,-215,6.5,-105,-115,108,-132,1.5,-245,6.5,-103,-124,105,-125,1.5,-240,6.5,-110,-110,110,-130,1.5,-240,6.5,-103,-122,105,-125,1.5,-235,6.5,-110,-110,,,,,,,,102,-122,1.5,-245,6.5,-108,-112,107,-121,1.5,-230,6.5,-108,-108,105,-128,1.5,-228,6.5,-108,-113,107,-121,1.5,-230,6.5,-108,-108,100,-120,1.5,-230,6.5,-105,-115,105,-125,6.5,13
2026-04-04T21:57:54Z,evening,2026-04-04,2026-04-04T23:10:00Z,c81b746ea655695add0802e3fc1e429e,Vancouver Canucks,Utah Mammoth,195,-245,1.5,-115,6.5,-118,-104,190,-230,1.5,-130,6.5,-110,-110,190,-235,1.5,-125,6.5,-110,-110,192,-235,1.5,-120,6.5,-110,-110,195,-245,1.5,-136,6.5,-106,-121,190,-240,1.5,-130,6.5,-110,-110,200,-245,1.5,-134,6.5,-105,-120,200,-240,1.5,-125,6.5,-105,-115,,,,,,,,195,-235,1.5,-125,6.5,-112,-108,191,-220,1.5,-130,6.5,-108,-108,181,-228,1.5,-132,6.5,-106,-115,191,-220,1.5,-130,6.5,-108,-108,185,-220,1.5,-130,6.5,-110,-110,192,-234,6.5,13
2026-04-04T21:57:54Z,evening,2026-04-04,2026-04-05T02:10:00Z,4ed3c0ed86d423636d9b952394d07287,Anaheim Ducks,Calgary Flames,-154,128,-1.5,152,6.5,-124,102,-148,124,-1.5,164,6.5,-118,-102,-150,125,-1.5,155,6.5,-118,-102,-150,126,-1.5,150,6.5,-125,105,-155,128,-1.5,160,6.5,-113,-113,-150,125,-1.5,160,6.5,-120,100,-152,128,-1.5,160,6.5,-112,-112,-145,125,-1.5,160,6.5,-120,100,,,,,,,,-150,130,-1.5,168,6.5,-122,102,-145,128,-1.5,165,6.5,-121,105,-155,126,-1.5,155,6.5,-119,-103,-145,128,-1.5,165,6.5,-121,105,-150,129,-1.5,164,6.5,-120,100,-150,127,6.5,13
2026-04-04T21:57:54Z,evening,2026-04-04,2026-04-05T02:10:00Z,4ad55216cedd32a30c0f186ae9ebef8e,Seattle Kraken,Chicago Blackhawks,-178,146,-1.5,140,5.5,-142,116,-170,142,-1.5,150,6.5,114,-135,-165,140,-1.5,154,6.0,-115,-105,-175,148,-1.5,148,6.0,-120,100,-182,150,-1.5,135,6.0,-118,-108,-170,140,-1.5,145,6.5,110,-130,-180,150,-1.5,138,6.0,-117,-107,-170,145,-1.5,145,6.5,115,-135,,,,,,,,-175,150,-1.5,142,6.0,-117,-103,-167,147,-1.5,156,6.0,-115,-101,-170,138,-1.5,149,6.0,-113,-108,-167,147,-1.5,156,6.0,-115,-101,-165,142,-1.5,156,6.0,-115,-105,-172,145,6.0,13
2026-04-04T21:57:54Z,evening,2026-04-04,2026-04-05T02:10:00Z,b222a97178c30b2c7bc2338b4347790d,Edmonton Oilers,Vegas Golden Knights,-110,-110,-1.5,210,6.5,-114,-106,-115,-105,-1.5,215,6.5,-112,-108,-115,-105,-1.5,200,6.5,-110,-110,-120,100,-1.5,205,6.5,-115,-105,-113,-108,-1.5,215,6.5,-108,-118,-110,-110,-1.5,220,6.5,-110,-110,-112,-107,-1.5,215,6.5,-107,-117,-110,-110,-1.5,210,6.5,-110,-110,,,,,,,,-108,-112,1.5,-280,6.5,-108,-112,-108,-106,-1.5,211,6.5,-108,-108,-113,-108,-1.5,208,6.5,-112,-109,-108,-106,-1.5,211,6.5,-108,-108,-110,-110,-1.5,216,6.5,-110,-110,-112,-92,6.5,13
2026-04-04T21:57:54Z,evening,2026-04-04,2026-04-05T02:10:00Z,f9c046179b41e26a68b983a8377ec9a2,San Jose Sharks,Nashville Predators,-118,-102,-1.5,198,6.5,-105,-115,-115,-105,-1.5,205,6.5,-105,-115,-118,-102,-1.5,200,6.5,-110,-110,-115,-105,-1.5,192,6.5,-110,-110,-122,102,-1.5,195,6.5,100,-125,-120,100,-1.5,200,6.5,-105,-115,-122,102,-1.5,195,6.5,100,-124,-120,100,-1.5,190,6.5,-105,-115,,,,,,,,-120,100,-1.5,210,6.5,100,-120,-116,102,-1.5,205,6.5,-104,-112,-118,-104,-1.5,202,6.5,-106,-115,-116,102,-1.5,205,6.5,-104,-112,-120,100,-1.5,212,6.5,-110,-110,-118,22,6.5,13
2026-04-04T21:57:54Z,evening,2026-04-04,2026-04-05T17:10:00Z,c36637b0713ec3bed157fe2f29f74598,Detroit Red Wings,Minnesota Wild,100,-120,1.5,-265,5.5,-134,110,100,-120,1.5,-265,5.5,-130,110,-102,-118,-1.5,230,6.0,-110,-110,100,-120,1.5,-260,5.5,-130,110,102,-122,1.5,-265,6.0,-109,-115,100,-120,1.5,-260,5.5,-130,110,102,-121,1.5,-250,6.0,-108,-114,100,-120,1.5,-265,5.5,-135,115,,,,,,,,,,,,,,,-101,-113,,,6.0,-108,-108,,,,,,,,-101,-113,,,6.0,-108,-108,,,,,,,,40,-119,5.8,10
2026-04-04T21:57:54Z,evening,2026-04-04,2026-04-05T19:10:00Z,d3523216577286ba8513401af981de1e,Pittsburgh Penguins,Florida Panthers,-220,180,-1.5,116,6.5,-114,-106,-218,180,-1.5,114,6.5,-120,100,-220,180,-1.5,105,6.5,-120,100,-220,180,-1.5,115,6.5,-120,100,-225,180,-1.5,116,6.5,-125,-103,-225,185,-1.5,110,6.5,-120,100,-220,180,-1.5,117,6.5,-124,100,,,,,,,,,,,,,,,,,,,,,,,,,,,,,,,,,,,,,,,,,,,,,,,,,,-221,181,6.5,7
2026-04-04T21:57:54Z,evening,2026-04-04,2026-04-05T19:40:00Z,4ee0a58e1700d2f73d808677a7499755,Philadelphia Flyers,Boston Bruins,-144,120,-1.5,164,6.5,114,-140,-142,120,-1.5,170,5.5,-130,110,-145,120,-1.5,165,6.0,-105,-115,-145,122,-1.5,175,5.5,-130,110,-120,100,-1.5,200,6.0,-109,-115,-145,120,-1.5,165,5.5,-140,115,-118,100,-1.5,200,6.0,-108,-114,,,,,,,,,,,,,,,,,,,,,,,,,,,,,,,,,,,,,,,,,,,,,,,,,,-137,115,6.0,7
2026-04-04T21:57:54Z,evening,2026-04-04,2026-04-05T21:10:00Z,5525381fbde73b776cadf83541822b62,Ottawa Senators,Carolina Hurricanes,104,-125,1.5,-260,6.5,102,-128,105,-125,1.5,-265,6.5,105,-125,105,-125,1.5,-225,6.0,-118,-102,105,-125,1.5,-260,6.5,105,-125,106,-129,1.5,-245,6.0,-122,-105,105,-125,1.5,-250,6.5,105,-125,107,-127,1.5,-240,6.0,-121,-104,,,,,,,,,,,,,,,,,,,,,,,,,,,,,,,,,,,,,,,,,,,,,,,,,,105,-126,6.2,7
2026-04-04T21:57:54Z,evening,2026-04-04,2026-04-05T23:10:00Z,e9ee86ad4d39a43c99e29bc6c07b424c,Montréal Canadiens,New Jersey Devils,-162,134,-1.5,152,6.5,100,-120,-155,130,-1.5,160,6.5,-110,-110,-155,125,-1.5,154,6.5,-110,-110,-155,130,-1.5,162,6.5,-110,-110,-162,132,-1.5,150,6.5,-107,-120,-160,130,-1.5,160,6.5,-105,-115,-159,133,-1.5,150,6.5,-106,-118,,,,,,,,,,,,,,,,,,,,,,,,,,,,,,,,,,,,,,,,,,,,,,,,,,-158,131,6.5,7
2026-04-04T21:57:54Z,evening,2026-04-04,2026-04-05T23:10:00Z,a47587923d1b10469803a4ec5171b621,New York Rangers,Washington Capitals,-110,-110,1.5,-230,5.5,-134,110,-110,-110,-1.5,225,5.5,-130,110,-110,-110,-1.5,220,6.0,-105,-115,-110,-110,-1.5,222,5.5,-130,110,-106,-115,1.5,-278,6.0,-105,-122,-110,-110,1.5,-260,5.5,-130,110,-105,-114,1.5,-275,6.0,-104,-121,,,,,,,,,,,,,,,,,,,,,,,,,,,,,,,,,,,,,,,,,,,,,,,,,,-109,-111,5.8,7
2026-04-04T21:57:54Z,evening,2026-04-04,2026-04-06T01:40:00Z,6e1c8f2b345c36cffadaf88c2bb4b58a,Colorado Avalanche,St Louis Blues,-250,202,-1.5,106,6.5,100,-122,-230,190,-1.5,110,6.5,-105,-115,-235,190,-1.5,105,6.5,-105,-115,-235,192,-1.5,110,6.5,-105,-115,-250,200,-1.5,100,6.5,-107,-120,-240,190,-1.5,110,6.5,100,-120,-250,205,-1.5,100,6.5,-106,-118,,,,,,,,,,,,,,,,,,,,,,,,,,,,,,,,,,,,,,,,,,,,,,,,,,-241,196,6.5,7
